representation,iso3,Country,m49_subregion,observed,M0star_cv_prediction,M1b_cv_prediction,M0star_abs_error,M1b_abs_error,M0star_unseen_levels,M1b_unseen_levels,abs_error_change
primary_total_co2,DZA,Algeria,Northern Africa,0.24027005915767902,0.19838894526857184,0.1956796395016733,0.041881113889107174,0.044590419656005714,0,0,0.00270930576689854
primary_total_co2,AGO,Angola,Middle Africa,0.2003000150757142,0.15411387596755752,0.15529265257844693,0.04618613910815669,0.04500736249726728,0,0,-0.0011787766108894149
primary_total_co2,BEN,Benin,Western Africa,0.20270211677173233,0.18742796992949629,0.18739912188249358,0.015274146842236047,0.015302994889238752,0,0,2.8848047002705268e-05
primary_total_co2,BWA,Botswana,Southern Africa,0.15541865895509172,0.23711897360095857,0.2393180466009387,0.08170031464586686,0.08389938764584698,0,0,0.002199072999980123
primary_total_co2,BFA,Burkina Faso,Western Africa,0.2158731392585228,0.2140700654868207,0.21385091698232822,0.0018030737717021073,0.002022222276194585,0,0,0.0002191485044924779
primary_total_co2,BDI,Burundi,Eastern Africa,0.20888549627683978,0.17588459483611085,0.17522744396532644,0.033000901440728925,0.03365805231151334,0,0,0.000657150870784412
primary_total_co2,CMR,Cameroon,Middle Africa,0.16636200134979467,0.20659232281289897,0.2074358164478085,0.04023032146310429,0.04107381509801383,0,0,0.0008434936349095423
primary_total_co2,CAF,Central African Republic,Middle Africa,0.18403786064638777,0.24289375188985074,0.24337791004258325,0.058855891243462966,0.05934004939619547,0,0,0.0004841581527325056
primary_total_co2,TCD,Chad,Middle Africa,0.2035091414222523,0.2423828161505019,0.25599350223366046,0.038873674728249596,0.05248436081140817,0,0,0.013610686083158574
primary_total_co2,COG,Congo,Middle Africa,0.1704220858831212,0.17725436022096136,0.17751777200738972,0.006832274337840172,0.00709568612426853,0,0,0.00026341178642835805
primary_total_co2,COD,Congo (Democratic Republic Of The),Middle Africa,0.19859794898946587,0.20041938148240868,0.2004100715614831,0.0018214324929428094,0.0018121225720172385,0,0,-9.309920925570925e-06
primary_total_co2,CIV,Côte D'Ivoire,Western Africa,0.20772847580142792,0.18062480561478783,0.17930003912259976,0.02710367018664009,0.02842843667882816,0,0,0.001324766492188073
primary_total_co2,DJI,Djibouti,Eastern Africa,0.20035987264449803,0.19503260138461787,0.19504891327615143,0.0053272712598801675,0.005310959368346607,0,0,-1.6311891533560274e-05
primary_total_co2,EGY,Egypt,Northern Africa,0.15478518959618381,0.24730058934584787,0.2751190651090016,0.09251539974966405,0.12033387551281777,0,0,0.027818475763153716
primary_total_co2,GNQ,Equatorial Guinea,Middle Africa,0.16354706521210607,0.19940923167241872,0.20263994567725904,0.03586216646031265,0.03909288046515297,0,0,0.0032307140048403182
primary_total_co2,ERI,Eritrea,Eastern Africa,0.20315322405399622,0.21023218141899722,0.2090624062676294,0.0070789573650009985,0.0059091822136331795,0,0,-0.001169775151367819
primary_total_co2,ETH,Ethiopia,Eastern Africa,0.2076992707889047,0.209201272637016,0.20905153520312114,0.0015020018481112785,0.0013522644142164308,0,0,-0.00014973743389484762
primary_total_co2,GAB,Gabon,Middle Africa,0.16553931693258667,0.20233647607918748,0.2048045334126616,0.03679715914660081,0.039265216480074944,0,0,0.002468057333474133
primary_total_co2,GHA,Ghana,Western Africa,0.1992545668996173,0.1806634260434492,0.1808191297165469,0.018591140856168087,0.01843543718307039,0,0,-0.00015570367309769573
primary_total_co2,GIN,Guinea,Western Africa,0.22751348300753205,0.18102034907210574,0.1800026646590195,0.04649313393542631,0.047510818348512535,0,0,0.0010176844130862228
primary_total_co2,GNB,Guinea Bissau,Western Africa,0.23319971534367673,0.18892357167206492,0.18865462946426217,0.04427614367161181,0.04454508587941455,0,0,0.0002689422078027415
primary_total_co2,KEN,Kenya,Eastern Africa,0.21062387448612835,0.15445159844336917,0.15207129882755965,0.05617227604275918,0.058552575658568695,0,0,0.002380299615809517
primary_total_co2,LSO,Lesotho,Southern Africa,0.16129029981211962,0.1844706132959225,0.18523851648037848,0.023180313483802867,0.02394821666825886,0,0,0.0007679031844559925
primary_total_co2,LBR,Liberia,Western Africa,0.2160061033815747,0.195599249871849,0.1932772761910121,0.02040685350972568,0.0227288271905626,0,0,0.0023219736808369196
primary_total_co2,LBY,Libya,Northern Africa,0.19059948923507644,0.2505205820461809,0.26979278108225013,0.05992109281110444,0.07919329184717369,0,0,0.01927219903606925
primary_total_co2,MDG,Madagascar,Eastern Africa,0.1813544794012833,0.18428197145889202,0.18429015920885383,0.002927492057608727,0.002935679807570535,0,0,8.187749961807711e-06
primary_total_co2,MWI,Malawi,Eastern Africa,0.18854099012577252,0.18874997169988442,0.18853040131707516,0.00020898157411189389,1.0588808697364893e-05,0,0,-0.000198392765414529
primary_total_co2,MLI,Mali,Western Africa,0.24782669503123966,0.2083060717968345,0.208177794216028,0.03952062323440517,0.03964890081521166,0,0,0.0001282775808064962
primary_total_co2,MRT,Mauritania,Western Africa,0.2597916027159455,0.19026637296375742,0.18930375452133474,0.06952522975218806,0.07048784819461074,0,0,0.0009626184424226802
primary_total_co2,MAR,Morocco,Northern Africa,0.2418455862979349,0.18768737102639993,0.18620884496483653,0.05415821527153497,0.05563674133309837,0,0,0.001478526061563401
primary_total_co2,MOZ,Mozambique,Eastern Africa,0.172823801894673,0.19953410778294844,0.1990268652461803,0.026710305888275443,0.026203063351507294,0,0,-0.0005072425367681488
primary_total_co2,NAM,Namibia,Southern Africa,0.17785319196923344,0.20449328123176846,0.20455210028087295,0.026640089262535027,0.026698908311639513,0,0,5.881904910448599e-05
primary_total_co2,NER,Niger,Western Africa,0.2385606960588716,0.23761367165535188,0.23793063508896517,0.0009470244035197084,0.0006300609699064208,0,0,-0.0003169634336132876
primary_total_co2,NGA,Nigeria,Western Africa,0.2030109401107239,0.20066537224652975,0.20077656003391492,0.0023455678641941535,0.002234380076808984,0,0,-0.00011118778738516966
primary_total_co2,RWA,Rwanda,Eastern Africa,0.20845952779692498,0.18465781439006268,0.1842407404548378,0.023801713406862296,0.024218787342087184,0,0,0.00041707393522488756
primary_total_co2,SEN,Senegal,Western Africa,0.24097868636270878,0.18728015982924984,0.1845752139092134,0.05369852653345894,0.05640347245349539,0,0,0.00270494592003645
primary_total_co2,SLE,Sierra Leone,Western Africa,0.22372060994282955,0.1890789936696308,0.18684129760799328,0.034641616273198755,0.03687931233483627,0,0,0.002237696061637512
primary_total_co2,SOM,Somalia,Eastern Africa,0.19588332023430152,0.19143515494218308,0.19225712197731568,0.0044481652921184445,0.0036261982569858464,0,0,-0.0008219670351325981
primary_total_co2,ZAF,South Africa,Southern Africa,0.16028496312204338,0.2031572392114474,0.20277420508424338,0.04287227608940403,0.0424892419622,0,0,-0.0003830341272040294
primary_total_co2,SDN,Sudan,Northern Africa,0.20487305719629992,0.2583186049306318,0.25948958826143964,0.05344554773433188,0.05461653106513972,0,0,0.00117098333080784
primary_total_co2,SWZ,Swaziland,Southern Africa,0.15934183499515397,0.2081157677474389,0.21096229122464427,0.04877393275228492,0.0516204562294903,0,0,0.002846523477205376
primary_total_co2,TZA,Tanzania,Eastern Africa,0.20953051997740807,0.15454788374160808,0.15325246291494998,0.05498263623579999,0.05627805706245809,0,0,0.0012954208266580947
primary_total_co2,TGO,Togo,Western Africa,0.1941324419699687,0.20490523972115782,0.20509531089268773,0.010772797751189112,0.010962868922719027,0,0,0.00019007117152991526
primary_total_co2,TUN,Tunisia,Northern Africa,0.23748975158588337,0.2374339213477368,0.23733817737724064,5.583023814656474e-05,0.00015157420864272964,0,0,9.57439704961649e-05
primary_total_co2,UGA,Uganda,Eastern Africa,0.21147594840550732,0.21985657153646632,0.22037989142512843,0.008380623130958997,0.008903943019621108,0,0,0.0005233198886621104
primary_total_co2,ZMB,Zambia,Eastern Africa,0.17691283567770744,0.18066339430409573,0.1812597497554705,0.0037505586263882895,0.004346914077763053,0,0,0.0005963554513747638
primary_total_co2,ZWE,Zimbabwe,Eastern Africa,0.1535502891079796,0.1878164088912342,0.18855109739749143,0.034266119783254584,0.035000808289511826,0,0,0.0007346885062572417
primary_total_co2,AFG,Afghanistan,Southern Asia,0.24733117695547363,0.1897249881037154,0.18762676478156992,0.05760618885175822,0.05970441217390371,0,0,0.002098223322145487
primary_total_co2,ARM,Armenia,Western Asia,0.18833773750931812,0.17035955396425417,0.17024970461219952,0.017978183545063947,0.018088032897118606,0,0,0.0001098493520546584
primary_total_co2,AZE,Azerbaijan,Western Asia,0.19504824967387935,0.1732532811192064,0.17328118497146203,0.021794968554672944,0.02176706470241732,0,0,-2.7903852255622974e-05
primary_total_co2,BGD,Bangladesh,Southern Asia,0.11108862004719486,0.16143666455239303,0.16162136621512718,0.05034804450519817,0.050532746167932324,0,0,0.00018470166273415467
primary_total_co2,MMR,Burma,South-eastern Asia,0.10898678984933867,0.1768805529471426,0.17732198612022568,0.06789376309780394,0.06833519627088701,0,0,0.00044143317308306673
primary_total_co2,KHM,Cambodia,South-eastern Asia,0.12397652977439673,0.15662636202022873,0.1567074361665661,0.032649832245832,0.03273090639216937,0,0,8.10741463373732e-05
primary_total_co2,CHN,China,Eastern Asia,0.18801127254816274,0.1854172887700373,0.18662021053427785,0.002593983778125447,0.0013910620138848917,0,0,-0.0012029217642405554
primary_total_co2,GEO,Georgia,Western Asia,0.17014653222140888,0.16957362707163331,0.1696679351359298,0.0005729051497755655,0.0004785970854790933,0,0,-9.43080642964722e-05
primary_total_co2,IND,India,Southern Asia,0.12279874845556998,0.1825728363431402,0.18234385141081438,0.059774087887570215,0.0595451029552444,0,0,-0.0002289849323258153
primary_total_co2,IDN,Indonesia,South-eastern Asia,0.1365994643114788,0.08472933213652636,0.08413826922004466,0.05187013217495243,0.052461195091434126,0,0,0.0005910629164816994
primary_total_co2,IRN,Iran,Southern Asia,0.25326598928356275,0.15731367545479008,0.15822630091093082,0.09595231382877267,0.09503968837263194,0,0,-0.0009126254561407365
primary_total_co2,IRQ,Iraq,Western Asia,0.1763349119758569,0.1667525866066234,0.1731507009267595,0.009582325369233508,0.003184211049097413,0,0,-0.006398114320136095
primary_total_co2,ISR,Israel,Western Asia,0.1289730259690734,0.20045413770401876,0.20100249833339479,0.07148111173494537,0.07202947236432139,0,0,0.0005483606293760213
primary_total_co2,JPN,Japan,Eastern Asia,0.13484212055215955,0.12920758816507655,0.12994830030599666,0.005634532387083002,0.004893820246162889,0,0,-0.0007407121409201134
primary_total_co2,JOR,Jordan,Western Asia,0.1241622692023015,0.14973969285589,0.16212011706708973,0.025577423653588505,0.03795784786478823,0,0,0.012380424211199725
primary_total_co2,KAZ,Kazakhstan,Central Asia,0.2607179280248597,0.1835518088019747,0.1717597854489742,0.07716611922288502,0.08895814257588552,0,0,0.011792023353000503
primary_total_co2,LAO,Laos,South-eastern Asia,0.11990552917453423,0.1669581438616493,0.16704979845298432,0.04705261468711508,0.047144269278450085,0,0,9.165459133500531e-05
primary_total_co2,LBN,Lebanon,Western Asia,0.13240721718298015,0.16203427374276763,0.16375535751208578,0.02962705655978748,0.03134814032910563,0,0,0.001721083769318149
primary_total_co2,MYS,Malaysia,South-eastern Asia,0.14354714353630665,0.13984964940859626,0.14062855690651946,0.0036974941277103934,0.0029185866297871954,0,0,-0.000778907497923198
primary_total_co2,MNG,Mongolia,Eastern Asia,0.273292065382825,0.23284593035884546,0.23177989834509652,0.04044613502397956,0.041512167037728503,0,0,0.001066032013748941
primary_total_co2,NPL,Nepal,Southern Asia,0.12394103933918027,0.15222704563909764,0.15238549094675397,0.02828600629991737,0.028444451607573695,0,0,0.00015844530765632414
primary_total_co2,OMN,Oman,Western Asia,0.2034660332775613,0.14771171772120062,0.13702901544145216,0.05575431555636068,0.06643701783610914,0,0,0.010682702279748463
primary_total_co2,PAK,Pakistan,Southern Asia,0.1799496198587603,0.17771177404611999,0.17783729184786617,0.0022378458126403045,0.0021123280108941156,0,0,-0.00012551780174618887
primary_total_co2,PHL,Philippines,South-eastern Asia,0.16029540562197608,0.1204642783746577,0.12051178628261519,0.03983112724731838,0.03978361933936089,0,0,-4.750790795748916e-05
primary_total_co2,QAT,Qatar,Western Asia,0.2314787860422459,0.17311790332993607,0.16535186959700746,0.058360882712309825,0.06612691644523844,0,0,0.007766033732928612
primary_total_co2,SAU,Saudi Arabia,Western Asia,0.1912885606557455,0.18214799729167125,0.18452972565476145,0.009140563364074261,0.006758835000984065,0,0,-0.0023817283630901964
primary_total_co2,KOR,South Korea,Eastern Asia,0.14512934007189218,0.19991184837319725,0.20104854247573037,0.05478250830130507,0.055919202403838186,0,0,0.0011366941025331145
primary_total_co2,LKA,Sri Lanka,Southern Asia,0.13450142935863102,0.13860361502211183,0.1386251531962176,0.004102185663480806,0.004123723837586579,0,0,2.1538174105772967e-05
primary_total_co2,SYR,Syria,Western Asia,0.14323534954112288,0.21430482271172563,0.21362556362189183,0.07106947317060275,0.07039021408076895,0,0,-0.0006792590898337947
primary_total_co2,TWN,Taiwan,Eastern Asia,0.13706412122195852,0.1451448011604917,0.14528706928976315,0.008080679938533175,0.00822294806780463,0,0,0.0001422681292714556
primary_total_co2,TJK,Tajikistan,Central Asia,0.233975502099763,0.20376282373349153,0.20334389926313087,0.030212678366271478,0.030631602836632132,0,0,0.0004189244703606543
primary_total_co2,THA,Thailand,South-eastern Asia,0.11983102194091183,0.16213029411083202,0.1623156340085396,0.04229927216992019,0.04248461206762777,0,0,0.00018533989770758152
primary_total_co2,TUR,Turkey,Western Asia,0.1419623303023036,0.15622326028829803,0.1542703034891344,0.01426092998599443,0.0123079731868308,0,0,-0.0019529567991636299
primary_total_co2,TKM,Turkmenistan,Central Asia,0.2752870410187589,0.1872663685180168,0.18658451541203924,0.08802067250074208,0.08870252560671965,0,0,0.0006818531059775701
primary_total_co2,ARE,United Arab Emirates,Western Asia,0.2248308233871666,0.1636245143346362,0.1538404251108459,0.06120630905253038,0.0709903982763207,0,0,0.009784089223790315
primary_total_co2,UZB,Uzbekistan,Central Asia,0.27739224194989204,0.20934363279782758,0.2074925584960604,0.06804860915206445,0.06989968345383163,0,0,0.001851074301767175
primary_total_co2,VNM,Vietnam,South-eastern Asia,0.122632583177362,0.15883917590787675,0.15924372891541966,0.03620659273051474,0.036611145738057654,0,0,0.0004045530075429127
primary_total_co2,YEM,Yemen,Western Asia,0.20150002766065422,0.1528229913698501,0.1510684142521648,0.04867703629080414,0.05043161340848942,0,0,0.0017545771176852853
primary_total_co2,ALB,Albania,Southern Europe,0.15748303087977816,0.14280728559731246,0.14269003329306845,0.014675745282465708,0.01479299758670971,0,0,0.00011725230424400324
primary_total_co2,AUT,Austria,Western Europe,0.21029967713303166,0.21833416369281403,0.2181251185191886,0.008034486559782367,0.007825441386156928,0,0,-0.0002090451736254384
primary_total_co2,BLR,Belarus,Eastern Europe,0.21395039394228654,0.21267798118871614,0.2128036001860273,0.001272412753570401,0.0011467937562592567,0,0,-0.00012561899731114434
primary_total_co2,BEL,Belgium,Western Europe,0.1951636806716645,0.17209711009210016,0.1721604784173556,0.02306657057956435,0.023003202254308908,0,0,-6.336832525544178e-05
primary_total_co2,BIH,Bosnia And Herzegovina,Southern Europe,0.18440933101350881,0.18743815381749276,0.18788602689346623,0.0030288228039839493,0.0034766958799574144,0,0,0.00044787307597346504
primary_total_co2,BGR,Bulgaria,Eastern Europe,0.16411393376308978,0.21041847531213914,0.2115683055979511,0.046304541549049366,0.047454371834861314,0,0,0.001149830285811948
primary_total_co2,HRV,Croatia,Southern Europe,0.18952185187085302,0.20488854185423494,0.2051256893018622,0.01536668998338192,0.015603837431009182,0,0,0.0002371474476272617
primary_total_co2,CYP,Cyprus,Western Asia,0.14075176149640625,0.1601663569693725,0.16532316454145501,0.019414595472966256,0.024571403045048762,0,0,0.005156807572082506
primary_total_co2,CZE,Czech Republic,Eastern Europe,0.19293606527047014,0.22136393373804847,0.22150739376022655,0.028427868467578332,0.02857132848975641,0,0,0.00014346002217807685
primary_total_co2,DNK,Denmark,Northern Europe,0.1919403849228464,0.18091772743483914,0.18099407537803575,0.011022657488007265,0.010946309544810656,0,0,-7.634794319660854e-05
primary_total_co2,EST,Estonia,Northern Europe,0.25938076329685683,0.20236097974960449,0.20235743054494942,0.057019783547252345,0.05702333275190741,0,0,3.5492046550622547e-06
primary_total_co2,FIN,Finland,Northern Europe,0.2349856997144576,0.19799021373700276,0.19798953472677341,0.036995485977454834,0.03699616498768418,0,0,6.790102293485756e-07
primary_total_co2,FRA,France,Western Europe,0.1916777527720347,0.17514642664108532,0.17620269026450824,0.016531326130949375,0.01547506250752645,0,0,-0.0010562636234229261
primary_total_co2,DEU,Germany,Western Europe,0.19552600658812053,0.1767090270003484,0.17653717119169118,0.01881697958777212,0.018988835396429343,0,0,0.00017185580865722305
primary_total_co2,GRC,Greece,Southern Europe,0.14163851313814882,0.17131841978785134,0.17220019597531647,0.02967990664970252,0.030561682837167647,0,0,0.0008817761874651275
primary_total_co2,HUN,Hungary,Eastern Europe,0.18683465599109378,0.23637762470464135,0.2381010125414188,0.049542968713547575,0.05126635655032502,0,0,0.0017233878367774458
primary_total_co2,ISL,Iceland,Northern Europe,0.12736783367802937,0.2136271598820085,0.2138460751133269,0.08625932620397914,0.08647824143529753,1,1,0.00021891523131839508
primary_total_co2,IRL,Ireland,Northern Europe,0.1678618971108085,0.18834391911475276,0.1892514190422105,0.02048202200394425,0.021389521931401978,0,0,0.0009074999274577278
primary_total_co2,ITA,Italy,Southern Europe,0.1823289325414157,0.1671566154445983,0.16692685164023238,0.015172317096817378,0.015402080901183307,0,0,0.00022976380436592891
primary_total_co2,LVA,Latvia,Northern Europe,0.2466163184774826,0.19581490543103588,0.19581995433874227,0.050801413046446725,0.050796364138740335,0,0,-5.048907706389771e-06
primary_total_co2,LTU,Lithuania,Northern Europe,0.22162226701877433,0.19585592058018836,0.1958587175643246,0.02576634643858597,0.025763549454449725,0,0,-2.796984136244074e-06
primary_total_co2,MKD,Macedonia,Southern Europe,0.16410994630244113,0.17575141532747215,0.17629617656103813,0.01164146902503102,0.012186230258596997,0,0,0.0005447612335659768
primary_total_co2,MDA,Moldova,Eastern Europe,0.15544942684686172,0.19639061955913295,0.1978308848528349,0.04094119271227123,0.04238145800597318,0,0,0.0014402652937019478
primary_total_co2,MNE,Montenegro,Southern Europe,0.1643666862725019,0.17265293552167568,0.17281423202557197,0.008286249249173788,0.00844754575307008,0,0,0.00016129650389629102
primary_total_co2,NLD,Netherlands,Western Europe,0.18877545734026732,0.151347586682423,0.15133397882771848,0.03742787065784431,0.03744147851254884,0,0,1.3607854704528188e-05
primary_total_co2,NOR,Norway,Northern Europe,0.20191951273050374,0.20726471017258746,0.20751469783764231,0.005345197442083727,0.005595185107138578,0,0,0.0002499876650548516
primary_total_co2,POL,Poland,Eastern Europe,0.18403612522932167,0.20864790917108444,0.2090674468324937,0.024611783941762777,0.025031321603172035,0,0,0.0004195376614092583
primary_total_co2,PRT,Portugal,Southern Europe,0.1846817946752158,0.16015597780110227,0.16009541922981566,0.024525816874113537,0.024586375445400155,0,0,6.055857128661746e-05
primary_total_co2,ROU,Romania,Eastern Europe,0.1626491375716469,0.22645584055005313,0.22806959057644338,0.06380670297840624,0.06542045300479649,0,0,0.0016137500263902482
primary_total_co2,RUS,Russia,Eastern Europe,0.262173281711931,0.23041417864896926,0.22938639728091675,0.03175910306296173,0.03278688443101424,0,0,0.0010277813680525105
primary_total_co2,SRB,Serbia,Southern Europe,0.1777828851474587,0.20442347620757434,0.2062879894860778,0.026640591060115626,0.02850510433861908,0,0,0.0018645132785034546
primary_total_co2,SVK,Slovakia,Eastern Europe,0.17135924127324334,0.2375703156693219,0.2380605405720428,0.06621107439607857,0.06670129929879945,0,0,0.0004902249027208816
primary_total_co2,SVN,Slovenia,Southern Europe,0.2104092831778439,0.19999387592512324,0.19980507631399996,0.010415407252720665,0.010604206863843946,0,0,0.00018879961112328036
primary_total_co2,ESP,Spain,Southern Europe,0.19118695961871326,0.1624962436915376,0.1617369996425362,0.028690715927175675,0.029449959976177054,0,0,0.0007592440490013785
primary_total_co2,SWE,Sweden,Northern Europe,0.21924683880167534,0.19851480935481314,0.19851427198542454,0.0207320294468622,0.020732566816250797,0,0,5.373693885979414e-07
primary_total_co2,CHE,Switzerland,Western Europe,0.20255138935875544,0.19973187051640945,0.1997255613027623,0.0028195188423459916,0.0028258280559931293,0,0,6.309213647137657e-06
primary_total_co2,UKR,Ukraine,Eastern Europe,0.17767865721146503,0.21628757784750396,0.2170403320772275,0.038608920636038935,0.039361674865762475,0,0,0.0007527542297235401
primary_total_co2,GBR,United Kingdom,Northern Europe,0.16309409461298247,0.17324478239507207,0.17404309809897572,0.010150687782089607,0.010949003485993258,0,0,0.0007983157039036515
primary_total_co2,BHS,Bahamas,Caribbean,0.13991083211606994,0.13276138919579752,0.13230130185166916,0.00714944292027242,0.007609530264400782,0,0,0.0004600873441283626
primary_total_co2,CAN,Canada,Northern America,0.2521930060529909,0.1658474375433967,0.16514080706041595,0.08634556850959418,0.08705219899257494,0,0,0.0007066304829807524
primary_total_co2,CRI,Costa Rica,Central America,0.10130466192673268,0.13183365111640802,0.1318278003538234,0.030528989189675337,0.03052313842709073,0,0,-5.85076258460826e-06
primary_total_co2,CUB,Cuba,Caribbean,0.12305617676307766,0.11461085916408306,0.1144666939330343,0.008445317598994598,0.008589482830043363,0,0,0.0001441652310487651
primary_total_co2,DOM,Dominican Republic,Caribbean,0.15478420047944152,0.09319231787767449,0.09290352921506995,0.06159188260176704,0.06188067126437158,0,0,0.00028878866260453884
primary_total_co2,SLV,El Salvador,Central America,0.06948090854064985,0.127627061056638,0.12758562061082548,0.05814615251598816,0.05810471207017563,0,0,-4.144044581252948e-05
primary_total_co2,GTM,Guatemala,Central America,0.0508136158223582,0.10952093820024997,0.10947471560107629,0.058707322377891766,0.058661099778718084,0,0,-4.6222599173681433e-05
primary_total_co2,HTI,Haiti,Caribbean,0.14216341234840274,0.08283511795503251,0.0823284092227893,0.05932829439337023,0.059835003125613434,0,0,0.0005067087322432051
primary_total_co2,HND,Honduras,Central America,0.08078933014247122,0.1395398889211115,0.13950835794616073,0.05875055877864027,0.05871902780368951,0,0,-3.153097495076085e-05
primary_total_co2,JAM,Jamaica,Caribbean,0.12861876139008294,0.10361118635722988,0.10344123279238512,0.025007575032853058,0.025177528597697812,0,0,0.00016995356484475477
primary_total_co2,MEX,Mexico,Central America,0.04065719593311795,0.14001283609742,0.14001771765148122,0.09935564016430204,0.09936052171836326,0,0,4.881554061225701e-06
primary_total_co2,NIC,Nicaragua,Central America,0.09228609649696132,0.13514554312537988,0.13513427863209002,0.04285944662841856,0.0428481821351287,0,0,-1.126449328986423e-05
primary_total_co2,PAN,Panama,Central America,0.12161241121300685,0.12156035602848211,0.12163630603046244,5.205518452473801e-05,2.389481745558586e-05,0,0,-2.8160367069152148e-05
primary_total_co2,USA,United States,Northern America,0.1695001197237513,0.1432592585165796,0.14251228556859127,0.0262408612071717,0.02698783415516004,0,0,0.0007469729479883391
primary_total_co2,AUS,Australia,Australia and New Zealand,0.16302097420962694,0.09852332523473212,0.09535819269109291,0.06449764897489482,0.06766278151853403,0,0,0.003165132543639204
primary_total_co2,NZL,New Zealand,Australia and New Zealand,0.10027093962176431,0.1726252173985579,0.17464765807944752,0.0723542777767936,0.0743767184576832,0,0,0.002022440680889609
primary_total_co2,PNG,Papua New Guinea,Melanesia,0.13861753573076713,0.05346630747966491,0.05188341530389948,0.08515122825110222,0.08673412042686765,0,0,0.0015828921757654324
primary_total_co2,ARG,Argentina,South America,0.10866574248962382,0.17395208184274652,0.1738093846287348,0.0652863393531227,0.06514364213911097,0,0,-0.0001426972140117222
primary_total_co2,BOL,Bolivia,South America,0.10781469285053756,0.11771807123849515,0.11772770422186096,0.009903378387957587,0.009913011371323402,0,0,9.632983365814862e-06
primary_total_co2,BRA,Brazil,South America,0.16469595530453246,0.049961404264936435,0.05002858912722502,0.11473455103959602,0.11466736617730744,0,0,-6.718486228858567e-05
primary_total_co2,CHL,Chile,South America,0.0993071522959073,0.15904743551291964,0.15892181651457976,0.059740283217012344,0.05961466421867247,0,0,-0.000125618998339877
primary_total_co2,COL,Colombia,South America,0.13225011394627992,0.1158159422274366,0.11600310073064718,0.016434171718843316,0.01624701321563274,0,0,-0.00018715850321057714
primary_total_co2,ECU,Ecuador,South America,0.12529387656573873,0.08646846417557358,0.08645752439071797,0.038825412390165154,0.038836352175020766,0,0,1.0939784855612533e-05
primary_total_co2,PRY,Paraguay,South America,0.12268222549728672,0.1619821938841921,0.16296298652626282,0.03929996838690539,0.0402807610289761,0,0,0.0009807926420707103
primary_total_co2,PER,Peru,South America,0.10234701745272959,0.10302024992885347,0.10297602330288361,0.0006732324761238861,0.0006290058501540186,0,0,-4.4226625969867595e-05
primary_total_co2,SUR,Suriname,South America,0.14991778270906336,0.1204663309607661,0.12044939416732547,0.02945145174829726,0.02946838854173789,0,0,1.6936793440627818e-05
primary_total_co2,URY,Uruguay,South America,0.1340604374132053,0.1311814031719023,0.13118684924956117,0.002879034241303008,0.0028735881636441363,0,0,-5.4460776588716175e-06
primary_total_co2,VEN,Venezuela,South America,0.14209795456206648,0.11841956725638353,0.11837901038680129,0.023678387305682946,0.023718944175265183,0,0,4.05568695822367e-05
per_capita,DZA,Algeria,Northern Africa,0.24027005915767902,0.1983889452685773,0.1956796395016806,0.041881113889101707,0.044590419655998415,0,0,0.002709305766896708
per_capita,AGO,Angola,Middle Africa,0.2003000150757142,0.1541138759675609,0.15529265257844643,0.04618613910815331,0.04500736249726778,0,0,-0.001178776610885529
per_capita,BEN,Benin,Western Africa,0.20270211677173233,0.18742796992949823,0.1873991218824891,0.015274146842234104,0.015302994889243221,0,0,2.8848047009116806e-05
per_capita,BWA,Botswana,Southern Africa,0.15541865895509172,0.23711897360096426,0.23931804660093986,0.08170031464587255,0.08389938764584814,0,0,0.0021990729999755987
per_capita,BFA,Burkina Faso,Western Africa,0.2158731392585228,0.2140700654868205,0.21385091698232178,0.0018030737717023015,0.0020222222762010245,0,0,0.00021914850449872292
per_capita,BDI,Burundi,Eastern Africa,0.20888549627683978,0.17588459483611665,0.1752274439653238,0.033000901440723124,0.033658052311515974,0,0,0.0006571508707928497
per_capita,CMR,Cameroon,Middle Africa,0.16636200134979467,0.20659232281290124,0.20743581644781237,0.040230321463106566,0.04107381509801769,0,0,0.0008434936349111244
per_capita,CAF,Central African Republic,Middle Africa,0.18403786064638777,0.24289375188984924,0.2433779100425884,0.05885589124346147,0.059340049396200634,0,0,0.00048415815273916696
per_capita,TCD,Chad,Middle Africa,0.2035091414222523,0.2423828161505016,0.2559935022336605,0.03887367472824932,0.052484360811408226,0,0,0.013610686083158907
per_capita,COG,Congo,Middle Africa,0.1704220858831212,0.17725436022096425,0.17751777200739005,0.006832274337843058,0.007095686124268863,0,0,0.00026341178642580454
per_capita,COD,Congo (Democratic Republic Of The),Middle Africa,0.19859794898946587,0.20041938148241517,0.20041007156148483,0.0018214324929493042,0.0018121225720189593,0,0,-9.309920930344884e-06
per_capita,CIV,Côte D'Ivoire,Western Africa,0.20772847580142792,0.1806248056147861,0.17930003912260284,0.02710367018664181,0.02842843667882508,0,0,0.0013247664921832714
per_capita,DJI,Djibouti,Eastern Africa,0.20035987264449803,0.19503260138462533,0.19504891327615223,0.005327271259872701,0.005310959368345802,0,0,-1.6311891526898936e-05
per_capita,EGY,Egypt,Northern Africa,0.15478518959618381,0.2473005893458453,0.2751190651089973,0.0925153997496615,0.12033387551281349,0,0,0.027818475763151995
per_capita,GNQ,Equatorial Guinea,Middle Africa,0.16354706521210607,0.1994092316724186,0.20263994567726465,0.03586216646031254,0.039092880465158575,0,0,0.003230714004846036
per_capita,ERI,Eritrea,Eastern Africa,0.20315322405399622,0.21023218141899402,0.20906240626763267,0.007078957364997807,0.005909182213636455,0,0,-0.001169775151361352
per_capita,ETH,Ethiopia,Eastern Africa,0.2076992707889047,0.20920127263702412,0.20905153520311942,0.0015020018481194108,0.00135226441421471,0,0,-0.00014973743390470085
per_capita,GAB,Gabon,Middle Africa,0.16553931693258667,0.20233647607919833,0.2048045334126648,0.03679715914661166,0.039265216480078136,0,0,0.0024680573334664724
per_capita,GHA,Ghana,Western Africa,0.1992545668996173,0.1806634260434534,0.18081912971654868,0.018591140856163896,0.018435437183068615,0,0,-0.000155703673095281
per_capita,GIN,Guinea,Western Africa,0.22751348300753205,0.18102034907210485,0.18000266465902082,0.0464931339354272,0.04751081834851123,0,0,0.0010176844130840301
per_capita,GNB,Guinea Bissau,Western Africa,0.23319971534367673,0.18892357167206342,0.18865462946426997,0.04427614367161331,0.044545085879406754,0,0,0.00026894220779344336
per_capita,KEN,Kenya,Eastern Africa,0.21062387448612835,0.15445159844336837,0.15207129882756906,0.05617227604275998,0.058552575658559286,0,0,0.002380299615799303
per_capita,LSO,Lesotho,Southern Africa,0.16129029981211962,0.184470613295936,0.18523851648039003,0.023180313483816384,0.023948216668270406,0,0,0.0007679031844540218
per_capita,LBR,Liberia,Western Africa,0.2160061033815747,0.19559924987185023,0.1932772761910117,0.02040685350972446,0.02272882719056299,0,0,0.0023219736808385294
per_capita,LBY,Libya,Northern Africa,0.19059948923507644,0.250520582046177,0.26979278108224825,0.05992109281110056,0.0791932918471718,0,0,0.019272199036071247
per_capita,MDG,Madagascar,Eastern Africa,0.1813544794012833,0.18428197145888442,0.1842901592088495,0.002927492057601122,0.002935679807566205,0,0,8.187749965082869e-06
per_capita,MWI,Malawi,Eastern Africa,0.18854099012577252,0.18874997169988178,0.18853040131707072,0.0002089815741092571,1.0588808701805785e-05,0,0,-0.00019839276540745132
per_capita,MLI,Mali,Western Africa,0.24782669503123966,0.20830607179683858,0.20817779421602964,0.03952062323440109,0.039648900815210025,0,0,0.0001282775808089387
per_capita,MRT,Mauritania,Western Africa,0.2597916027159455,0.19026637296376664,0.18930375452133116,0.06952522975217884,0.07048784819461432,0,0,0.0009626184424354756
per_capita,MAR,Morocco,Northern Africa,0.2418455862979349,0.18768737102639846,0.18620884496483253,0.05415821527153644,0.05563674133310237,0,0,0.0014785260615659268
per_capita,MOZ,Mozambique,Eastern Africa,0.172823801894673,0.19953410778295214,0.1990268652461823,0.026710305888279134,0.026203063351509293,0,0,-0.0005072425367698419
per_capita,NAM,Namibia,Southern Africa,0.17785319196923344,0.20449328123176996,0.20455210028086518,0.026640089262536526,0.02669890831163174,0,0,5.8819049095215625e-05
per_capita,NER,Niger,Western Africa,0.2385606960588716,0.2376136716553566,0.23793063508896814,0.00094702440351499,0.000630060969903451,0,0,-0.000316963433611539
per_capita,NGA,Nigeria,Western Africa,0.2030109401107239,0.20066537224653602,0.20077656003391517,0.0023455678641878808,0.002234380076808734,0,0,-0.0001111877873791467
per_capita,RWA,Rwanda,Eastern Africa,0.20845952779692498,0.18465781439006512,0.184240740454843,0.023801713406859853,0.024218787342081965,0,0,0.000417073935222112
per_capita,SEN,Senegal,Western Africa,0.24097868636270878,0.18728015982925184,0.18457521390920767,0.05369852653345694,0.05640347245350111,0,0,0.002704945920044166
per_capita,SLE,Sierra Leone,Western Africa,0.22372060994282955,0.18907899366962785,0.18684129760799578,0.0346416162732017,0.03687931233483377,0,0,0.002237696061632072
per_capita,SOM,Somalia,Eastern Africa,0.19588332023430152,0.19143515494218247,0.1922571219773179,0.004448165292119055,0.003626198256983626,0,0,-0.0008219670351354291
per_capita,ZAF,South Africa,Southern Africa,0.16028496312204338,0.20315723921144557,0.20277420508424096,0.042872276089402195,0.04248924196219758,0,0,-0.0003830341272046123
per_capita,SDN,Sudan,Northern Africa,0.20487305719629992,0.2583186049306361,0.2594895882614426,0.05344554773433616,0.054616531065142665,0,0,0.0011709833308065076
per_capita,SWZ,Swaziland,Southern Africa,0.15934183499515397,0.20811576774743648,0.21096229122464438,0.048773932752282506,0.05162045622949041,0,0,0.0028465234772079018
per_capita,TZA,Tanzania,Eastern Africa,0.20953051997740807,0.15454788374161305,0.15325246291495476,0.054982636235795024,0.05627805706245331,0,0,0.001295420826658289
per_capita,TGO,Togo,Western Africa,0.1941324419699687,0.2049052397211613,0.20509531089268465,0.010772797751192581,0.010962868922715946,0,0,0.00019007117152336495
per_capita,TUN,Tunisia,Northern Africa,0.23748975158588337,0.23743392134773886,0.2373381773772382,5.5830238144510824e-05,0.00015157420864517213,0,0,9.57439705006613e-05
per_capita,UGA,Uganda,Eastern Africa,0.21147594840550732,0.21985657153646987,0.22037989142512024,0.00838062313096255,0.00890394301961292,0,0,0.0005233198886503698
per_capita,ZMB,Zambia,Eastern Africa,0.17691283567770744,0.18066339430410439,0.18125974975547277,0.0037505586263969493,0.004346914077765329,0,0,0.00059635545136838
per_capita,ZWE,Zimbabwe,Eastern Africa,0.1535502891079796,0.18781640889122558,0.1885510973974842,0.03426611978324598,0.03500080828950461,0,0,0.0007346885062586295
per_capita,AFG,Afghanistan,Southern Asia,0.24733117695547363,0.1897249881037236,0.18762676478157236,0.057606188851750034,0.05970441217390127,0,0,0.0020982233221512325
per_capita,ARM,Armenia,Western Asia,0.18833773750931812,0.17035955396426147,0.17024970461220523,0.017978183545056647,0.018088032897112888,0,0,0.00010984935205624047
per_capita,AZE,Azerbaijan,Western Asia,0.19504824967387935,0.17325328111920496,0.17328118497146788,0.021794968554674388,0.021767064702411465,0,0,-2.790385226292269e-05
per_capita,BGD,Bangladesh,Southern Asia,0.11108862004719486,0.1614366645523932,0.16162136621512463,0.050348044505198336,0.05053274616792977,0,0,0.00018470166273143462
per_capita,MMR,Burma,South-eastern Asia,0.10898678984933867,0.17688055294714294,0.17732198612022723,0.06789376309780427,0.06833519627088856,0,0,0.000441433173084288
per_capita,KHM,Cambodia,South-eastern Asia,0.12397652977439673,0.15662636202023167,0.1567074361665656,0.03264983224583494,0.03273090639216887,0,0,8.107414633393151e-05
per_capita,CHN,China,Eastern Asia,0.18801127254816274,0.18541728877003533,0.18662021053427558,0.0025939837781274178,0.0013910620138871677,0,0,-0.00120292176424025
per_capita,GEO,Georgia,Western Asia,0.17014653222140888,0.16957362707163348,0.16966793513593068,0.000572905149775399,0.0004785970854782051,0,0,-9.430806429719385e-05
per_capita,IND,India,Southern Asia,0.12279874845556998,0.18257283634314045,0.1823438514108128,0.059774087887570465,0.05954510295524282,0,0,-0.00022898493232764716
per_capita,IDN,Indonesia,South-eastern Asia,0.1365994643114788,0.08472933213652951,0.08413826922004888,0.05187013217494928,0.05246119509142991,0,0,0.0005910629164806308
per_capita,IRN,Iran,Southern Asia,0.25326598928356275,0.15731367545478686,0.15822630091092532,0.09595231382877589,0.09503968837263743,0,0,-0.0009126254561384606
per_capita,IRQ,Iraq,Western Asia,0.1763349119758569,0.1667525866066258,0.17315070092675403,0.009582325369231093,0.0031842110491028808,0,0,-0.006398114320128212
per_capita,ISR,Israel,Western Asia,0.1289730259690734,0.20045413770401843,0.20100249833339645,0.07148111173494504,0.07202947236432306,0,0,0.0005483606293780197
per_capita,JPN,Japan,Eastern Asia,0.13484212055215955,0.1292075881650737,0.12994830030599575,0.005634532387085861,0.004893820246163805,0,0,-0.0007407121409220563
per_capita,JOR,Jordan,Western Asia,0.1241622692023015,0.1497396928558919,0.16212011706709156,0.025577423653590392,0.03795784786479006,0,0,0.01238042421119967
per_capita,KAZ,Kazakhstan,Central Asia,0.2607179280248597,0.1835518088019733,0.1717597854489694,0.07716611922288641,0.08895814257589033,0,0,0.011792023353003916
per_capita,LAO,Laos,South-eastern Asia,0.11990552917453423,0.16695814386165247,0.16704979845298779,0.047052614687118244,0.047144269278453554,0,0,9.165459133531062e-05
per_capita,LBN,Lebanon,Western Asia,0.13240721718298015,0.16203427374276175,0.16375535751208325,0.029627056559781595,0.0313481403291031,0,0,0.0017210837693215075
per_capita,MYS,Malaysia,South-eastern Asia,0.14354714353630665,0.13984964940859548,0.1406285569065204,0.0036974941277111706,0.0029185866297862517,0,0,-0.0007789074979249189
per_capita,MNG,Mongolia,Eastern Asia,0.273292065382825,0.23284593035885565,0.23177989834508755,0.040446135023969376,0.04151216703773747,0,0,0.0010660320137680923
per_capita,NPL,Nepal,Southern Asia,0.12394103933918027,0.1522270456390989,0.15238549094675527,0.02828600629991862,0.028444451607575,0,0,0.00015844530765637965
per_capita,OMN,Oman,Western Asia,0.2034660332775613,0.14771171772120217,0.13702901544145252,0.055754315556359124,0.06643701783610878,0,0,0.010682702279749656
per_capita,PAK,Pakistan,Southern Asia,0.1799496198587603,0.1777117740461206,0.17783729184786656,0.002237845812639694,0.002112328010893727,0,0,-0.00012551780174596683
per_capita,PHL,Philippines,South-eastern Asia,0.16029540562197608,0.12046427837465637,0.12051178628262088,0.039831127247319714,0.0397836193393552,0,0,-4.750790796451132e-05
per_capita,QAT,Qatar,Western Asia,0.2314787860422459,0.1731179033299401,0.16535186959701156,0.0583608827123058,0.06612691644523433,0,0,0.007766033732928529
per_capita,SAU,Saudi Arabia,Western Asia,0.1912885606557455,0.1821479972916817,0.1845297256547625,0.009140563364063797,0.00675883500098301,0,0,-0.0023817283630807873
per_capita,KOR,South Korea,Eastern Asia,0.14512934007189218,0.19991184837319467,0.2010485424757285,0.05478250830130249,0.05591920240383633,0,0,0.0011366941025338362
per_capita,LKA,Sri Lanka,Southern Asia,0.13450142935863102,0.1386036150221068,0.13862515319621874,0.0041021856634757825,0.004123723837587717,0,0,2.1538174111934705e-05
per_capita,SYR,Syria,Western Asia,0.14323534954112288,0.2143048227117261,0.2136255636218894,0.07106947317060322,0.07039021408076651,0,0,-0.000679259089836709
per_capita,TWN,Taiwan,Eastern Asia,0.13706412122195852,0.145144801160498,0.1452870692897576,0.008080679938539476,0.00822294806779908,0,0,0.00014226812925960397
per_capita,TJK,Tajikistan,Central Asia,0.233975502099763,0.20376282373350335,0.2033438992631311,0.030212678366259654,0.03063160283663191,0,0,0.0004189244703722561
per_capita,THA,Thailand,South-eastern Asia,0.11983102194091183,0.16213029411083235,0.16231563400854046,0.04229927216992052,0.04248461206762863,0,0,0.00018533989770810888
per_capita,TUR,Turkey,Western Asia,0.1419623303023036,0.1562232602882922,0.15427030348913426,0.014260929985988602,0.012307973186830662,0,0,-0.00195295679915794
per_capita,TKM,Turkmenistan,Central Asia,0.2752870410187589,0.1872663685180213,0.1865845154120393,0.08802067250073758,0.0887025256067196,0,0,0.000681853105982011
per_capita,ARE,United Arab Emirates,Western Asia,0.2248308233871666,0.16362451433463748,0.15384042511084667,0.061206309052529106,0.07099039827631992,0,0,0.009784089223790815
per_capita,UZB,Uzbekistan,Central Asia,0.27739224194989204,0.20934363279782756,0.2074925584960622,0.06804860915206448,0.06989968345382983,0,0,0.001851074301765343
per_capita,VNM,Vietnam,South-eastern Asia,0.122632583177362,0.1588391759078767,0.15924372891541605,0.036206592730514686,0.036611145738054046,0,0,0.00040455300753935997
per_capita,YEM,Yemen,Western Asia,0.20150002766065422,0.15282299136985333,0.1510684142521632,0.04867703629080089,0.05043161340849103,0,0,0.0017545771176901426
per_capita,ALB,Albania,Southern Europe,0.15748303087977816,0.14280728559731534,0.14269003329306412,0.014675745282462821,0.01479299758671404,0,0,0.00011725230425121969
per_capita,AUT,Austria,Western Europe,0.21029967713303166,0.21833416369282302,0.21812511851918723,0.00803448655979136,0.007825441386155568,0,0,-0.00020904517363579123
per_capita,BLR,Belarus,Eastern Europe,0.21395039394228654,0.21267798118871498,0.21280360018603,0.0012724127535715668,0.0011467937562565367,0,0,-0.00012561899731503012
per_capita,BEL,Belgium,Western Europe,0.1951636806716645,0.17209711009210182,0.1721604784173547,0.023066570579562684,0.023003202254309796,0,0,-6.336832525288827e-05
per_capita,BIH,Bosnia And Herzegovina,Southern Europe,0.18440933101350881,0.18743815381749895,0.18788602689346723,0.003028822803990139,0.0034766958799584136,0,0,0.00044787307596827475
per_capita,BGR,Bulgaria,Eastern Europe,0.16411393376308978,0.21041847531213967,0.21156830559794992,0.046304541549049894,0.04745437183486015,0,0,0.001149830285810255
per_capita,HRV,Croatia,Southern Europe,0.18952185187085302,0.20488854185423283,0.20512568930187208,0.015366689983379811,0.015603837431019063,0,0,0.0002371474476392521
per_capita,CYP,Cyprus,Western Asia,0.14075176149640625,0.16016635696936932,0.1653231645414596,0.019414595472963064,0.02457140304505334,0,0,0.005156807572090277
per_capita,CZE,Czech Republic,Eastern Europe,0.19293606527047014,0.2213639337380484,0.22150739376022696,0.028427868467578277,0.028571328489756825,0,0,0.0001434600221785487
per_capita,DNK,Denmark,Northern Europe,0.1919403849228464,0.18091772743483747,0.18099407537803458,0.01102265748800893,0.010946309544811822,0,0,-7.634794319710814e-05
per_capita,EST,Estonia,Northern Europe,0.25938076329685683,0.2023609797496072,0.20235743054495273,0.057019783547249625,0.057023332751904104,0,0,3.5492046544793876e-06
per_capita,FIN,Finland,Northern Europe,0.2349856997144576,0.19799021373700137,0.19798953472677788,0.03699548597745622,0.036996164987679714,0,0,6.790102234921491e-07
per_capita,FRA,France,Western Europe,0.1916777527720347,0.17514642664108662,0.17620269026451418,0.01653132613094807,0.01547506250752051,0,0,-0.0010562636234275613
per_capita,DEU,Germany,Western Europe,0.19552600658812053,0.17670902700034358,0.17653717119169454,0.01881697958777695,0.018988835396425985,0,0,0.00017185580864903516
per_capita,GRC,Greece,Southern Europe,0.14163851313814882,0.1713184197878586,0.17220019597531716,0.029679906649709792,0.03056168283716834,0,0,0.0008817761874585495
per_capita,HUN,Hungary,Eastern Europe,0.18683465599109378,0.23637762470464174,0.23810101254142113,0.049542968713547963,0.05126635655032735,0,0,0.0017233878367793887
per_capita,ISL,Iceland,Northern Europe,0.12736783367802937,0.21362715988201392,0.2138460751133299,0.08625932620398455,0.08647824143530053,1,1,0.00021891523131598034
per_capita,IRL,Ireland,Northern Europe,0.1678618971108085,0.18834391911474774,0.1892514190422054,0.020482022003939226,0.0213895219313969,0,0,0.0009074999274576723
per_capita,ITA,Italy,Southern Europe,0.1823289325414157,0.1671566154445953,0.16692685164022958,0.015172317096820376,0.01540208090118611,0,0,0.00022976380436573463
per_capita,LVA,Latvia,Northern Europe,0.2466163184774826,0.19581490543104124,0.19581995433873944,0.05080141304644137,0.050796364138743166,0,0,-5.0489076982018766e-06
per_capita,LTU,Lithuania,Northern Europe,0.22162226701877433,0.19585592058019385,0.19585871756432177,0.025766346438580473,0.025763549454452556,0,0,-2.7969841279174013e-06
per_capita,MKD,Macedonia,Southern Europe,0.16410994630244113,0.17575141532746288,0.17629617656104238,0.01164146902502175,0.012186230258601244,0,0,0.0005447612335794938
per_capita,MDA,Moldova,Eastern Europe,0.15544942684686172,0.19639061955912643,0.19783088485283584,0.04094119271226471,0.04238145800597412,0,0,0.001440265293709414
per_capita,MNE,Montenegro,Southern Europe,0.1643666862725019,0.17265293552167799,0.1728142320255738,0.008286249249176092,0.008447545753071911,0,0,0.00016129650389581918
per_capita,NLD,Netherlands,Western Europe,0.18877545734026732,0.15134758668241838,0.1513339788277165,0.037427870657848944,0.037441478512550835,0,0,1.3607854701891409e-05
per_capita,NOR,Norway,Northern Europe,0.20191951273050374,0.20726471017259168,0.20751469783763893,0.0053451974420879456,0.005595185107135192,0,0,0.00024998766504724657
per_capita,POL,Poland,Eastern Europe,0.18403612522932167,0.20864790917108786,0.20906744683249318,0.02461178394176619,0.025031321603171508,0,0,0.000419537661405317
per_capita,PRT,Portugal,Southern Europe,0.1846817946752158,0.16015597780110163,0.16009541922981171,0.024525816874114176,0.024586375445404096,0,0,6.055857128992037e-05
per_capita,ROU,Romania,Eastern Europe,0.1626491375716469,0.2264558405500502,0.2280695905764364,0.0638067029784033,0.06542045300478949,0,0,0.001613750026386196
per_capita,RUS,Russia,Eastern Europe,0.262173281711931,0.23041417864896624,0.22938639728090704,0.031759103062964755,0.032786884431023955,0,0,0.0010277813680591996
per_capita,SRB,Serbia,Southern Europe,0.1777828851474587,0.20442347620757328,0.20628798948607774,0.02664059106011457,0.028505104338619025,0,0,0.0018645132785044538
per_capita,SVK,Slovakia,Eastern Europe,0.17135924127324334,0.23757031566932382,0.2380605405720435,0.06621107439608048,0.06670129929880017,0,0,0.0004902249027196881
per_capita,SVN,Slovenia,Southern Europe,0.2104092831778439,0.1999938759251284,0.19980507631399919,0.010415407252715503,0.010604206863844723,0,0,0.00018879961112922006
per_capita,ESP,Spain,Southern Europe,0.19118695961871326,0.16249624369154506,0.16173699964254545,0.02869071592716821,0.02944995997616781,0,0,0.0007592440489996022
per_capita,SWE,Sweden,Northern Europe,0.21924683880167534,0.19851480935481797,0.19851427198542346,0.02073202944685737,0.02073256681625188,0,0,5.37369394509879e-07
per_capita,CHE,Switzerland,Western Europe,0.20255138935875544,0.1997318705164117,0.19972556130276314,0.0028195188423437434,0.0028258280559922966,0,0,6.309213648553191e-06
per_capita,UKR,Ukraine,Eastern Europe,0.17767865721146503,0.2162875778475026,0.2170403320772271,0.038608920636037575,0.03936167486576206,0,0,0.0007527542297244838
per_capita,GBR,United Kingdom,Northern Europe,0.16309409461298247,0.17324478239507343,0.17404309809897223,0.010150687782090967,0.010949003485989761,0,0,0.0007983157038987942
per_capita,BHS,Bahamas,Caribbean,0.13991083211606994,0.13276138919580519,0.13230130185166478,0.007149442920264759,0.007609530264405168,0,0,0.00046008734414040853
per_capita,CAN,Canada,Northern America,0.2521930060529909,0.16584743754339748,0.16514080706042128,0.0863455685095934,0.08705219899256961,0,0,0.0007066304829762005
per_capita,CRI,Costa Rica,Central America,0.10130466192673268,0.1318336511164087,0.1318278003538229,0.03052898918967603,0.03052313842709023,0,0,-5.85076258580175e-06
per_capita,CUB,Cuba,Caribbean,0.12305617676307766,0.11461085916409194,0.11446669393302673,0.008445317598985716,0.008589482830050926,0,0,0.00014416523106521029
per_capita,DOM,Dominican Republic,Caribbean,0.15478420047944152,0.0931923178776777,0.09290352921507306,0.06159188260176382,0.06188067126436847,0,0,0.00028878866260464986
per_capita,SLV,El Salvador,Central America,0.06948090854064985,0.1276270610566397,0.12758562061082868,0.058146152515989855,0.058104712070178824,0,0,-4.144044581103068e-05
per_capita,GTM,Guatemala,Central America,0.0508136158223582,0.10952093820024975,0.10947471560107841,0.058707322377891544,0.05866109977872021,0,0,-4.622259917133609e-05
per_capita,HTI,Haiti,Caribbean,0.14216341234840274,0.08283511795503609,0.08232840922279265,0.05932829439336665,0.05983500312561009,0,0,0.000506708732243441
per_capita,HND,Honduras,Central America,0.08078933014247122,0.1395398889211104,0.13950835794615643,0.05875055877863919,0.05871902780368521,0,0,-3.1530974953980495e-05
per_capita,JAM,Jamaica,Caribbean,0.12861876139008294,0.10361118635723378,0.10344123279238418,0.025007575032849158,0.025177528597698756,0,0,0.00016995356484959812
per_capita,MEX,Mexico,Central America,0.04065719593311795,0.14001283609741783,0.14001771765147833,0.09935564016429987,0.09936052171836038,0,0,4.881554060504056e-06
per_capita,NIC,Nicaragua,Central America,0.09228609649696132,0.1351455431253817,0.13513427863208707,0.042859446628420395,0.042848182135125756,0,0,-1.126449329463819e-05
per_capita,PAN,Panama,Central America,0.12161241121300685,0.12156035602848386,0.12163630603046337,5.2055184522989406e-05,2.389481745651567e-05,0,0,-2.8160367066473735e-05
per_capita,USA,United States,Northern America,0.1695001197237513,0.14325925851657656,0.1425122855685935,0.026240861207174754,0.02698783415515782,0,0,0.0007469729479830656
per_capita,AUS,Australia,Australia and New Zealand,0.16302097420962694,0.0985233252347356,0.09535819269109516,0.06449764897489134,0.06766278151853178,0,0,0.0031651325436404393
per_capita,NZL,New Zealand,Australia and New Zealand,0.10027093962176431,0.17262521739856276,0.17464765807944888,0.07235427777679845,0.07437671845768457,0,0,0.0020224406808861117
per_capita,PNG,Papua New Guinea,Melanesia,0.13861753573076713,0.05346630747966649,0.05188341530390159,0.08515122825110064,0.08673412042686554,0,0,0.001582892175764905
per_capita,ARG,Argentina,South America,0.10866574248962382,0.1739520818427475,0.17380938462873086,0.06528633935312367,0.06514364213910703,0,0,-0.00014269721401663493
per_capita,BOL,Bolivia,South America,0.10781469285053756,0.11771807123850177,0.11772770422184882,0.009903378387964207,0.009913011371311259,0,0,9.632983347052093e-06
per_capita,BRA,Brazil,South America,0.16469595530453246,0.0499614042649348,0.05002858912722474,0.11473455103959766,0.11466736617730772,0,0,-6.718486228994569e-05
per_capita,CHL,Chile,South America,0.0993071522959073,0.15904743551292094,0.15892181651458118,0.05974028321701365,0.05961466421867388,0,0,-0.00012561899833976597
per_capita,COL,Colombia,South America,0.13225011394627992,0.11581594222744228,0.11600310073064304,0.01643417171883764,0.016247013215636874,0,0,-0.00018715850320076555
per_capita,ECU,Ecuador,South America,0.12529387656573873,0.08646846417557034,0.08645752439072156,0.03882541239016839,0.03883635217501717,0,0,1.0939784848784662e-05
per_capita,PRY,Paraguay,South America,0.12268222549728672,0.1619821938841932,0.16296298652625785,0.03929996838690647,0.04028076102897113,0,0,0.0009807926420646595
per_capita,PER,Peru,South America,0.10234701745272959,0.10302024992885199,0.10297602330287621,0.0006732324761224012,0.0006290058501466217,0,0,-4.422662597577953e-05
per_capita,SUR,Suriname,South America,0.14991778270906336,0.12046633096076508,0.12044939416732717,0.029451451748298288,0.029468388541736196,0,0,1.693679343790777e-05
per_capita,URY,Uruguay,South America,0.1340604374132053,0.13118140317190416,0.1311868492495644,0.0028790342413011483,0.0028735881636409166,0,0,-5.446077660231641e-06
per_capita,VEN,Venezuela,South America,0.14209795456206648,0.11841956725638354,0.11837901038680482,0.023678387305682932,0.023718944175261658,0,0,4.055686957872562e-05
