iso3,n_cells_15min,land_area_km2,centroid_lon,centroid_lat,abs_centroid_lat,lat_min,lat_max,lat_sd_area_weighted,coastal_cell_fraction,elev_mean_m,elev_sd_m,elev_p10_m,elev_p90_m,elev_max_m,elev_below_sea_fraction,koppen_classified_fraction,koppen_share_A,koppen_share_B,koppen_share_C,koppen_share_D,koppen_share_E,koppen_area_dominant,koppen_area_dominant_share
ABW,4,3017.81,-70,12.5,12.5,12.375,12.625,0.125,1,25.1386,0,25.1386,25.1386,25.1386,0.972222,0.500242,0,1,0,0,0,B,1
AFG,1001,642217,65.9352,33.8038,33.8038,29.625,38.375,2.11048,0.0019653,1799.82,1093.74,576.971,3316.32,5650.34,0,1,0,0.676528,0.0245095,0.241766,0.0571965,B,0.676528
AGO,1699,1.28073e+06,17.4435,-12.2843,12.2843,-17.875,-4.625,3.22673,0.0307466,1066.91,373.374,503.598,1463.54,2252.76,0.0226277,0.996444,0.394175,0.222992,0.382833,0,0,A,0.394175
AIA,6,4401.26,-63.1248,18.3333,18.3333,18.125,18.625,0.171776,1,14.4804,2.91645,12.1458,16.8122,17.3954,0.962963,0.500122,1,0,0,0,0,A,1
ALA,23,8835.64,20.2994,60.1896,60.1896,59.875,60.625,0.235569,0.652474,10.9899,9.4299,2.10378,24.0751,39.498,0.78744,0.564025,0,0,0,1,0,D,1
ALB,57,33208.6,19.9731,41.0561,41.0561,39.625,42.375,0.734368,0.123164,639.115,490.858,49.0826,1308.58,2047.37,0.179337,1,0,0,0.63393,0.36607,0,C,0.63393
ARE,153,107935,53.9508,24.0799,24.0799,22.625,25.875,0.791318,0.201285,112.107,110.111,15.1169,166.062,1364.7,0.242556,0.863482,0,1,0,0,0,B,1
ARG,4590,2.85528e+06,-64.7249,-34.944,34.944,-55.125,-21.875,7.53802,0.0285403,710.923,1058.08,55.64,1757.4,6199.41,0.0284677,0.99499,0.000737807,0.559662,0.403084,0.00999524,0.0265209,B,0.559662
ARM,52,30627,44.9018,40.3393,40.3393,39.125,41.125,0.542331,0,1857.54,591.876,975.256,2602.02,3699.75,0,1,0,0.365707,0,0.634293,0,D,0.634293
ASM,9,6748.51,-169.934,-13.956,13.956,-14.625,-11.125,1.01858,1,191.648,152.34,78.0096,344.218,406.733,0.962963,0,,,,,,,
ATF,54,28629.2,63.8664,-45.5192,45.5192,-50.125,-11.625,9.95714,0.717733,239.546,209.978,22.5864,543.592,1000.91,0.703704,0.656062,0,0,0,0,1,E,1
ATG,8,5907.01,-61.8753,17.1559,17.1559,16.875,17.625,0.291318,1,19.6108,10.9509,4.94377,30.0046,30.8413,0.916667,0.499409,1,0,0,0,0,A,1
AUS,11951,8.27006e+06,134.398,-25.6602,25.6602,-55.125,-9.375,6.52565,0.0619581,274.104,190.904,55.5006,515.28,2035.61,0.0687809,0.974575,0.1049,0.775577,0.119412,0,0.000110673,B,0.775577
AUT,161,83914.3,14.0723,47.5919,47.5919,46.625,48.875,0.591224,0,964.214,649.387,272.852,1957.62,3241.82,0,1,0,0,0,0.949815,0.0501853,D,0.949815
AZE,162,95502.9,47.7522,40.2753,40.2753,38.625,41.875,0.755336,0.123387,777.249,754.826,36.2375,1907.23,3679.06,0.249657,1,0,0.692499,0.104706,0.190697,0.0120971,B,0.692499
BDI,35,26998.9,29.8965,-3.38197,3.38197,-4.375,-2.375,0.49454,0,1465.76,384.318,780.976,1933.64,2363.75,0,1,0.771451,0,0.228549,0,0,A,0.771451
BEL,65,31825.5,4.61783,50.6819,50.6819,49.625,51.375,0.45179,0.0455536,151.524,152.87,8.25052,406.764,665.799,0.0358974,1,0,0,0.984514,0.0154858,0,C,0.984514
BEN,152,115754,2.3526,9.65343,9.65343,6.375,12.125,1.54728,0.0265389,266.705,112.49,105.9,394.512,640.854,0.0131579,1,0.954274,0.0457255,0,0,0,A,0.954274
BES,7,5212.88,-65.4022,15.25,15.25,12.125,17.625,2.65651,0.858716,35.1973,34.6146,6.53112,77.7516,104.503,0.904762,0.43467,0,1,0,0,0,B,1
BFA,366,276301,-1.75394,12.2834,12.2834,9.625,14.875,1.18712,0,298.279,49.3622,251.954,342.915,625.556,0,1,0.449873,0.550127,0,0,0,B,0.550127
BGD,215,152133,90.3473,23.6613,23.6613,20.875,26.375,1.24846,0.0754772,20.3727,37.3214,2.43227,46.8011,353.491,0.0863049,0.99527,0.856907,0,0.143093,0,0,A,0.856907
BGR,205,116274,25.3575,42.7784,42.7784,41.375,44.125,0.702055,0.0389233,477.426,430.889,108.237,1110.23,2615.37,0.0373984,0.99024,0,0.0780317,0.293334,0.628634,0,D,0.628634
BHR,5,3470.57,50.5249,26.0748,26.0748,25.875,26.375,0.187031,0.599317,14.7032,11.168,1.04484,27.428,27.5973,0.822222,1,0,1,0,0,0,B,1
BHS,192,135230,-76.5178,24.2381,24.2381,20.875,27.375,1.61622,0.807909,8.49962,16.9173,0.576383,19.394,150.688,0.868056,0.374801,0.872322,0.127678,0,0,0,A,0.872322
BIH,93,51566.4,17.8143,44.1433,44.1433,42.625,45.125,0.621861,0,699.853,409.801,192.474,1259.55,1988.19,0.00597372,1,0,0,0.172681,0.827319,0,D,0.827319
BLM,1,735.468,-62.875,17.875,17.875,17.875,17.875,0,1,,,,,,1,0,,,,,,,
BLR,450,206604,28.0473,53.5301,53.5301,51.625,56.125,1.13308,0,160.068,28.4467,130.481,197.019,310.025,0,1,0,0,0,1,0,D,1
BLZ,54,39862.3,-88.4498,17.1929,17.1929,16.125,18.375,0.622505,0.166606,166.584,225.932,4.32118,567.175,948.075,0.353909,0.777567,1,0,0,0,0,A,1
BMU,3,1959.76,-64.7918,32.2916,32.2916,32.125,32.375,0.117905,1,17.6667,0,17.6667,17.6667,17.6667,0.962963,0,,,,,,,
BOL,1471,1.08731e+06,-64.6756,-16.6784,16.6784,-22.875,-9.875,2.96963,0,1276.57,1542.62,146.984,3886.29,5469.16,0,1,0.619194,0.23863,0.112207,0,0.0299686,A,0.619194
BRA,11559,8.68606e+06,-53.028,-10.6601,10.6601,-33.625,5.125,8.00895,0.0196861,314.749,263.401,46.9739,727.646,2173.98,0.0181677,0.99637,0.85164,0.0497251,0.098635,0,0,A,0.85164
BRB,3,2256.98,-59.5416,13.2083,13.2083,13.125,13.375,0.117831,1,118.155,71.9274,49.5276,205.258,205.791,0.814815,0.666553,1,0,0,0,0,A,1
BRN,11,8471.86,114.761,4.6931,4.6931,4.125,5.125,0.303232,0.272657,45.6624,63.8464,5.1533,80.2164,375.057,0.282828,0.909148,1,0,0,0,0,A,1
BTN,60,41162.2,90.3752,27.4051,27.4051,26.875,28.125,0.384697,0,2642.12,1497.25,611.169,4633.7,6707.78,0,1,0,0,0.667939,0,0.332061,C,0.667939
BVT,1,450.122,3.375,-54.375,54.375,-54.375,-54.375,0,1,250.582,200.681,90.0366,411.127,451.263,0.777778,0,,,,,,,
BWA,811,579983,23.8387,-22.1526,22.1526,-26.625,-17.875,2.11233,0,1031.15,102.083,924.069,1169.45,1397.12,0,1,0,1,0,0,0,B,1
CAF,812,623106,20.4563,6.58242,6.58242,2.625,10.875,1.63018,0,593.078,142.335,423.981,757.865,1246.58,0,1,0.971945,0.0280546,0,0,0,A,0.971945
CAN,30684,1.09247e+07,-95.4232,60.9608,60.9608,41.875,83.125,8.61911,0.0729603,459.266,412.471,67.5996,1021.68,5337.7,0.105545,0.983385,0,0.0127131,0.0103978,0.701418,0.275472,D,0.701418
CHE,75,39657.9,8.25247,46.8231,46.8231,46.125,47.625,0.410605,0,1332.35,772.377,466.955,2475.14,3578.45,0,1,0,0,0.013444,0.638617,0.347939,D,0.638617
CHL,1615,942118,-71.4383,-37.8719,37.8719,-55.875,-17.625,11.3611,0.128714,1260.14,1332.6,66.1897,3360.45,5955.01,0.196147,0.96881,0,0.370259,0.301951,0.00993715,0.317853,B,0.370259
CHN,15503,9.562e+06,103.71,36.5612,36.5612,15.875,53.375,7.15184,0.0142002,1833.28,1745.24,107.474,4803,7268.4,0.0171293,0.994566,0.00475823,0.333868,0.264989,0.228214,0.168172,B,0.333868
CIV,435,333123,-5.53954,7.5451,7.5451,4.375,10.625,1.53756,0.0439107,257.8,125.887,86.6065,409.004,945.696,0.0349936,0.997689,1,0,0,0,0,A,1
CMR,613,470947,12.667,5.6809,5.6809,1.875,12.875,2.43562,0.0163786,640.22,321.841,267.71,1039.87,2905.77,0.0174008,1,0.948529,0.0514707,0,0,0,A,0.948529
COD,3036,2.33634e+06,23.6432,-2.85332,2.85332,-13.375,5.125,4.38008,0.00261743,676.778,342.834,345.282,1119.87,4253.58,0.000439174,1,0.950511,0,0.0494891,0,0,A,0.950511
COG,451,348182,15.2088,-0.877889,0.877889,-5.125,3.625,2.364,0.0110609,406.934,136.946,290.314,596.922,843.627,0.0142892,0.997789,1,0,0,0,0,A,1
COK,26,19270.9,-160.107,-15.5778,15.5778,-21.875,-8.875,4.99116,1,86.2654,53.8252,16.7294,150.075,151.5,0.970085,0,,,,,,,
COL,1556,1.19715e+06,-73.2432,4.10592,4.10592,-3.875,15.875,3.44673,0.0439527,549.677,821.011,68.2235,1861.56,4705.59,0.0461297,0.986014,0.883482,0.0134489,0.0835087,0,0.0195605,A,0.883482
COM,14,10581.5,43.8028,-12.018,12.018,-12.375,-11.375,0.309381,1,424.513,454.12,19.0446,1004.05,1896.56,0.81746,0.785798,1,0,0,0,0,A,1
CPV,28,20797.2,-23.9969,15.9981,15.9981,14.875,17.125,0.833283,0.96413,310.723,398.488,11.8894,708.128,1565.51,0.781746,0.785404,0,1,0,0,0,B,1
CRI,91,69286,-84.2918,9.80268,9.80268,5.375,11.125,0.940798,0.275065,531.365,651.603,16.5686,1457.42,3474.52,0.266178,0.955799,1,0,0,0,0,A,1
CUB,274,196766,-79.4079,21.6734,21.6734,19.875,23.375,0.941343,0.376022,93.491,142.765,2.76009,230.04,1343.72,0.422547,0.872159,1,0,0,0,0,A,1
CUW,7,5290.11,-68.9106,12.0535,12.0535,11.875,12.375,0.174937,1,26.7243,12.8208,12.5533,41.0203,47.206,0.904762,0.571143,0.499882,0.500118,0,0,0,B,0.500118
CYM,7,5095.14,-80.2335,19.626,19.626,19.375,19.875,0.188982,1,3.08209,0.137641,2.95167,3.22003,3.25923,0.952381,0.286158,1,0,0,0,0,A,1
CYP,31,19602.9,33.3803,35.0852,35.0852,34.625,35.625,0.305116,0.677279,290.502,293.142,31.9548,713.037,1501.08,0.530466,0.935615,0,0.206767,0.793233,0,0,C,0.793233
CZE,160,79916.2,15.3396,49.7355,49.7355,48.625,50.875,0.547117,0,448.633,177.517,229.812,675.957,1123.08,0,1,0,0,0,1,0,D,1
DEU,774,374121,10.3467,51.1928,51.1928,47.375,54.875,1.94152,0.03379,262.729,241.469,21.1078,557.982,1840.04,0.0432099,0.993926,0,0,0.394135,0.605865,0,D,0.605865
DJI,34,25721.5,42.6538,11.7644,11.7644,11.125,12.625,0.433776,0.08812,466.035,286.239,108.914,846.746,1472.46,0.124183,1,0,1,0,0,0,B,1
DMA,4,2980.44,-61.3125,15.3749,15.3749,15.125,15.625,0.176776,1,422.297,318.097,102.966,894.668,991.964,0.777778,1,1,0,0,0,0,A,1
DNK,178,77045.4,10.4403,55.9258,55.9258,54.625,57.875,0.798953,0.296147,30.5387,24.0553,3.47182,63.4994,134.566,0.422597,0.911256,0,0,0.546123,0.453877,0,C,0.546123
DOM,95,69473.9,-70.3509,18.8465,18.8465,17.375,19.875,0.587033,0.336956,395.927,481.571,22.2594,1094.13,2567.88,0.293567,0.968319,0.95649,0,0.0435098,0,0,A,0.95649
DZA,3437,2.33333e+06,2.69127,28.1258,28.1258,19.125,37.125,4.30552,0.0114434,558.667,318.468,235.062,1046.07,2478.13,0.0108945,0.99894,0,0.959043,0.0409568,0,0,B,0.959043
ECU,403,311259,-80.1906,-1.30463,1.30463,-4.875,1.375,1.35355,0.146452,1043.92,1193.95,55.4552,3106.83,4933.73,0.179763,0.925531,0.681032,0.112577,0.125946,0,0.0804439,A,0.681032
EGY,1520,1.04923e+06,30.0259,26.5443,26.5443,22.125,31.625,2.76974,0.0406764,311.176,216.288,80.024,598.336,2063.74,0.0653509,0.993488,0,1,0,0,0,B,1
ERI,207,154189,39.1954,15.4002,15.4002,12.625,17.875,1.14534,0.130391,768.759,579.495,74.3589,1660.09,2586.99,0.197531,0.932561,0,1,0,0,0,B,1
ESH,412,289213,-13.3141,24.6256,24.6256,21.125,27.625,1.96072,0.0680687,249.844,122.184,96.5433,444.931,571.342,0.0539374,0.990285,0,1,0,0,0,B,1
ESP,984,583393,-4.1067,39.7228,39.7228,27.625,43.875,3.31692,0.159903,680.526,403.58,178.577,1183.21,2949.7,0.126468,0.970147,0,0.488555,0.509436,0.00200929,0,C,0.509436
EST,158,63413.1,25.0451,58.7109,58.7109,57.625,59.875,0.54663,0.220183,54.0941,37.3878,11.788,95.9282,247.475,0.270042,0.918799,0,0,0,1,0,D,1
ETH,1486,1.1341e+06,39.6651,8.616,8.616,3.625,14.625,2.68508,0,1260.88,704.671,432.702,2270.25,4180.32,0.00672948,1,0.337991,0.481854,0.177448,0,0.00270668,B,0.481854
FIN,1072,358563,25.9369,64.0719,64.0719,59.875,69.875,2.66556,0.0536314,151.053,98.458,48.6087,282.809,1019.06,0.0647803,0.984527,0,0,0,0.99844,0.00156006,D,0.99844
FJI,141,103862,179.406,-17.5466,17.5466,-21.125,-12.375,1.28942,0.680437,175.95,198.429,5.45074,479.013,961.351,0.776202,0.397522,1,0,0,0,0,A,1
FLK,72,34461.1,-59.6761,-51.7301,51.7301,-52.875,-50.875,0.398728,0.500299,58.6577,80.046,2.81279,148.823,583.109,0.554012,0.916633,0,0,0.153042,0,0.846958,E,0.846958
FRA,1122,595962,2.43883,46.4921,46.4921,41.375,51.125,2.1906,0.0868106,346.922,427.645,49.5985,851.203,4033.92,0.0834819,0.987381,0,0.00479632,0.937041,0.0516609,0.00650219,C,0.937041
FRO,18,6536.14,-6.87477,61.9692,61.9692,61.375,62.375,0.32498,0.722245,210.5,145.223,13.2712,408.775,515.841,0.765432,0.719518,0,0,0.311101,0,0.688899,E,0.688899
FSM,78,59751.3,150.496,7.46747,7.46747,1.125,10.125,1.4558,0.974341,75.296,92.9617,3.75,142.724,442.387,0.952991,0.0256803,1,0,0,0,0,A,1
GAB,369,285048,11.6712,-0.676973,0.676973,-3.875,2.125,1.39713,0.0596016,361.038,216.656,29.4963,607.527,874.849,0.0614273,0.994582,1,0,0,0,0,A,1
GBR,749,335829,-3.0965,54.3447,54.3447,49.875,60.875,2.58464,0.26651,157.895,151.415,15.9857,377.379,1114.06,0.272215,0.951163,0,0,1,0,0,C,1
GEO,128,73255.5,43.3985,42.2201,42.2201,41.125,43.375,0.577787,0.0776471,1211.16,841.003,146.015,2366.36,3993.31,0.0677083,0.992269,0,0.0638516,0.259508,0.614439,0.0622007,D,0.614439
GGY,5,2508.09,-2.42531,49.5248,49.5248,49.375,49.625,0.122537,0.799387,48.6323,9.25933,41.2248,56.0398,57.8916,0.955556,0.200613,0,0,1,0,0,C,1
GHA,320,244840,-1.20871,7.87676,7.87676,4.625,11.125,1.71478,0.0502813,178.532,92.4787,79.8641,296.726,722.812,0.0385417,0.990573,1,0,0,0,0,A,1
GIN,336,255293,-11.0655,10.4495,10.4495,7.375,12.625,1.16998,0.0268335,435.21,224.539,92.6244,717.491,1336.99,0.037037,0.988067,1,0,0,0,0,A,1
GLP,12,8905.54,-61.4583,16.1874,16.1874,15.875,16.625,0.231036,0.66656,184.909,245.765,9.94661,535.428,885.958,0.814815,0.833388,1,0,0,0,0,A,1
GMB,16,12026.6,-15.4223,13.4235,13.4235,13.125,13.625,0.131652,0.125089,24.0107,16.2534,2.34497,46.3579,55.5604,0.166667,1,0.750212,0.249788,0,0,0,A,0.750212
GNB,62,46880.7,-15.2711,11.8994,11.8994,10.875,12.625,0.466084,0.145436,30.6273,26.1374,3.60389,64.5069,179.332,0.263441,0.983812,1,0,0,0,0,A,1
GNQ,46,35524.1,9.93003,1.8476,1.8476,-1.375,3.875,0.947017,0.282495,453.276,287.478,31.6771,686.189,2668.22,0.243961,0.978253,1,0,0,0,0,A,1
GRC,445,269495,23.6802,38.3399,38.3399,34.875,41.625,1.75905,0.404529,470.041,424.466,31.5614,1083.1,2333.29,0.503371,0.876934,0,0.151838,0.815845,0.0323173,0,C,0.815845
GRD,6,4533.16,-61.6668,12.1249,12.1249,11.875,12.375,0.204124,1,235.373,171.017,49.7645,405.83,409.254,0.925926,0.499845,1,0,0,0,0,A,1
GRL,11681,2.36359e+06,-41.7974,73.061,73.061,59.625,83.625,5.68802,0.0595931,1778.08,904.044,357.101,2828.95,3391.81,0.0844581,0.986687,0,0.00157302,0,0,0.998427,E,0.998427
GTM,150,111633,-90.3911,15.5845,15.5845,13.875,17.625,1.05586,0.0537341,745.251,796.857,51.6109,2012.27,3461.38,0.0555556,0.993294,0.784828,0,0.215172,0,0,A,0.784828
GUF,116,89409.1,-53.2005,4.0208,4.0208,2.375,5.625,0.923889,0.0774617,117.581,74.5963,26.59,195.431,583.943,0.0469349,0.991391,1,0,0,0,0,A,1
GUM,4,3007.23,144.75,13.3749,13.3749,13.125,13.625,0.176776,1,106.027,82.0613,30.333,198.323,282.31,0.805556,1,1,0,0,0,0,A,1
GUY,285,219313,-58.9565,4.91007,4.91007,1.375,8.625,1.87517,0.0454197,202.439,226.853,15.6256,536.388,1856.23,0.0339181,0.989525,1,0,0,0,0,A,1
HKG,6,4291.37,114.125,22.25,22.25,22.125,22.375,0.125,0.166815,101.605,93.4765,9.65672,224.287,350.792,0.722222,1,0,0,1,0,0,C,1
HMD,6,2787.69,73.417,-53.042,53.042,-53.125,-52.875,0.117964,1,484.083,514.694,26.6696,944.952,1681.68,0.833333,0.499034,0,0,0,0,1,E,1
HND,182,135830,-86.4127,15.019,15.019,13.125,17.375,0.743416,0.169594,620.7,476.715,21.1743,1261.97,2240.1,0.168498,0.901599,1,0,0,0,0,A,1
HRV,150,82560.2,16.2001,44.5583,44.5583,42.125,46.375,1.09697,0.183615,295.078,277.682,83.6637,749.893,1468.04,0.331111,0.911116,0,0,0.558894,0.441106,0,C,0.558894
HTI,73,53345,-72.9509,18.97,18.97,18.125,20.125,0.622563,0.42454,404.99,379.909,28.7036,872.481,2310.72,0.494673,0.904489,1,0,0,0,0,A,1
HUN,174,91396,19.38,47.1788,47.1788,45.875,48.375,0.637208,0,147.814,78.6153,86.7761,239.392,785.72,0,1,0,0,0.00588672,0.994113,0,D,0.994113
IDN,3807,2.93369e+06,117.815,-2.49238,2.49238,-11.125,6.125,3.52434,0.346664,322.097,518.149,6.03981,967.341,4482.01,0.339813,0.877143,0.984418,0,0.0155822,0,0,A,0.984418
IMN,5,2258.82,-4.57536,54.2248,54.2248,54.125,54.375,0.1224,1,118.192,120.777,10.4717,315.058,353.669,0.755556,1,0,0,1,0,0,C,1
IND,4660,3.30914e+06,79.6412,22.4312,22.4312,6.875,35.375,5.75268,0.0493537,557.964,941.08,48.8481,977.446,7081.71,0.0439199,0.987515,0.393482,0.305282,0.265874,0.00558737,0.0297743,A,0.393482
IOT,12,9221.73,71.8749,-5.99918,5.99918,-7.375,-5.125,0.71776,1,9.10409,7.46983,1.11321,21.8345,24.0625,0.888889,0,,,,,,,
IRL,211,97634.8,-8.33004,53.1921,53.1921,51.375,55.375,1.01329,0.237187,106.924,92.1088,21.7049,218.096,759.767,0.276988,0.951745,0,0,1,0,0,C,1
IRN,2567,1.67041e+06,54.4437,32.4183,32.4183,25.125,39.625,3.50513,0.0348532,1259.39,682.518,365.938,2155.37,4253.21,0.0350171,0.99216,0,0.891958,0.0472919,0.0607505,0,B,0.891958
IRQ,688,445684,43.7714,32.9564,32.9564,29.125,37.125,2.01404,0,296.005,297.245,13.3372,699.644,2842.39,0.000968992,1,0,0.878181,0.100947,0.0208723,0,B,0.878181
ISL,420,136906,-18.856,65.0504,65.0504,63.375,66.625,0.80377,0.261173,488.965,369.457,36.8885,964.515,1845.2,0.234127,0.938592,0,0,0.0507134,0.0210431,0.928244,E,0.928244
ISR,39,25667.6,34.9868,31.5832,31.5832,29.875,33.125,0.975254,0.152347,325.486,236.802,47.2172,643.099,1005.31,0.185185,1,0,0.543035,0.456965,0,0,B,0.543035
ITA,689,393778,12.4234,42.141,42.141,35.375,46.875,2.80064,0.267295,537.04,579.39,30.614,1379.94,3957.57,0.240123,0.920308,0,0.063953,0.802553,0.0935905,0.0399032,C,0.802553
JAM,34,24978.5,-77.1758,18.0669,18.0669,17.125,18.625,0.321385,0.705978,312.772,288.267,14.9138,699.163,1434.26,0.542484,0.823427,1,0,0,0,0,A,1
JEY,3,1514.58,-2.20861,49.2081,49.2081,49.125,49.375,0.117751,0.667791,25.8009,19.0479,8.34568,49.4524,51.6655,0.814815,1,0,0,1,0,0,C,1
JOR,131,86512.9,36.743,31.2629,31.2629,29.375,33.125,1.03032,0,794.402,209.283,588.884,994.788,1615.32,0.0390161,1,0,0.954736,0.0452636,0,0,B,0.954736
JPN,1009,625313,136.269,36.2262,36.2262,24.125,45.625,4.80373,0.35332,379.97,387.482,21.4127,883.834,2624.78,0.386191,0.868041,0.00906451,0,0.565414,0.425521,0,C,0.565414
KAZ,5331,2.74564e+06,67.0244,48.3449,48.3449,40.625,55.375,3.06056,0.00914564,379.844,417.261,76.8908,739.442,4309.89,0.0675921,1,0,0.923373,0.000634418,0.069435,0.00655778,B,0.923373
KEN,779,601489,37.8749,0.550774,0.550774,-4.625,5.375,2.2673,0.0192422,791.051,642.442,146.276,1810.93,4453.53,0.0132649,0.998717,0.17999,0.699104,0.120906,0,0,B,0.699104
KGZ,349,202121,74.5363,41.4606,41.4606,39.375,43.125,0.981781,0,2698.22,1019.57,1301.94,3944.72,6036.44,0,1,0,0.37498,0,0.294709,0.330311,B,0.37498
KHM,255,192290,104.793,12.5817,12.5817,9.875,14.375,1.07751,0.0434604,118.902,176.88,7.36855,301.734,1306.52,0.0657952,0.972339,1,0,0,0,0,A,1
KIR,63,48594.5,-176.654,-0.861788,0.861788,-11.375,4.625,3.37138,0.984106,31.0821,32.7355,1.38882,74.8625,119.938,0.952381,0.0635799,1,0,0,0,0,A,1
KNA,3,2213.53,-62.7083,17.2916,17.2916,17.125,17.375,0.117878,1,160.416,95.3737,57.8663,260.885,272.318,0.851852,1,1,0,0,0,0,A,1
KOR,250,156276,127.444,35.9761,35.9761,33.125,38.375,1.2711,0.225413,245.711,241.988,15.995,588.649,1360.04,0.347111,0.842984,0,0,0.299401,0.700599,0,D,0.700599
KOS,19,10819.3,20.8482,42.5321,42.5321,41.875,43.125,0.294953,0,878.191,464.71,448.972,1684.46,2337.45,0,1,0,0,0,1,0,D,1
KWT,34,22910.4,47.7877,29.3081,29.3081,28.625,29.875,0.399154,0.147324,121.499,79.4351,10.0202,232.469,286.618,0.20915,0.970393,0,1,0,0,0,B,1
LAO,316,231391,103.771,18.5079,18.5079,14.125,22.375,2.09414,0,648.131,385.359,165.527,1173.26,2150,0,1,0.592359,0,0.407641,0,0,A,0.592359
LBN,20,12826,35.7727,33.9111,33.9111,33.125,34.625,0.405396,0.250111,962.129,631.825,185.09,1834.26,2867.26,0.227778,1,0,0,1,0,0,C,1
LBR,138,105973,-9.31305,6.34504,6.34504,4.375,8.375,0.979799,0.116147,202.879,137.503,35.4209,413.569,1013.25,0.111111,0.985474,1,0,0,0,0,A,1
LBY,2399,1.64757e+06,18.1156,27.1061,27.1061,19.625,33.125,3.11049,0.0250496,419.499,224.304,105.208,666.348,2098.34,0.019962,0.996014,0,0.994454,0.00554589,0,0,B,0.994454
LCA,6,4501.31,-61,13.8749,13.8749,13.625,14.125,0.204124,1,145.275,130.493,65.5949,268.643,458.613,0.87037,0.833513,1,0,0,0,0,A,1
LKA,121,92631.9,80.6488,7.76106,7.76106,5.875,9.875,1.07722,0.297483,166.739,299.494,7.6511,398.237,2209.31,0.273646,0.933991,1,0,0,0,0,A,1
LSO,46,30914.7,28.2624,-29.5753,29.5753,-30.375,-28.625,0.444263,0,2176.31,457.814,1582.95,2808.99,3204.82,0,1,0,0,1,0,0,C,1
LTU,148,65020.7,23.8439,55.3498,55.3498,54.125,56.375,0.599327,0.0201309,102.319,46.5676,44.4074,163.115,275.016,0.021021,0.993247,0,0,0,1,0,D,1
LUX,5,2497.81,6.07531,49.7248,49.7248,49.625,49.875,0.122411,0,325.702,63.3087,250.384,417.93,491.118,0,1,0,0,1,0,0,C,1
LVA,167,70509.1,24.6698,56.8909,56.8909,55.875,57.875,0.502719,0.106799,86.3161,53.2061,16.0216,162.265,245.646,0.0918164,0.969895,0,0,0,1,0,D,1
MAR,669,438574,-6.45721,31.8946,31.8946,27.875,35.875,2.01129,0.0831409,872.22,597.214,181.455,1686.43,3515.82,0.0647733,0.992493,0,0.745364,0.248598,0.00603863,0,B,0.745364
MDA,66,34615.5,28.4068,47.2455,47.2455,45.625,48.375,0.733888,0,142.897,64.0116,54.2203,228.014,299.727,0,1,0,0.0622412,0,0.937759,0,D,0.937759
MDG,933,679681,46.7729,-19.1465,19.1465,-25.625,-11.875,3.37175,0.137295,534.124,451.339,37.2611,1186.11,2321.44,0.120638,0.969703,0.605849,0.12122,0.272931,0,0,A,0.605849
MDV,87,67049.4,73.1971,3.69561,3.69561,-0.625,7.125,2.01601,0.793081,12.3157,12.878,1.77338,34.2041,45.4375,0.966794,0,,,,,,,
MEX,3070,2.16227e+06,-102.346,23.883,23.883,14.625,32.625,4.55337,0.103795,1043.43,821.195,28.4461,2171.11,4365.39,0.0979732,0.976471,0.293958,0.535766,0.170276,0,0,B,0.535766
MHL,91,69396.8,168.526,9.0686,9.0686,4.625,14.625,2.07363,0.98895,32.7854,31.968,6.2,77.2184,143.438,0.927961,0,,,,,,,
MKD,42,24270,21.6889,41.6013,41.6013,40.875,42.125,0.335499,0,819.227,419.303,314.741,1397.21,2286.92,0,1,0,0.285612,0,0.714388,0,D,0.714388
MLI,1706,1.25605e+06,-3.56464,17.3265,17.3265,10.375,24.875,3.43284,0,316.966,81.7273,262.129,402.115,846.185,0,1,0.116703,0.883297,0,0,0,B,0.883297
MLT,4,2500.73,14.3754,35.9999,35.9999,35.875,36.125,0.125,1,55.2373,44.0897,19.6545,107.992,137.153,0.861111,0.250396,0,0,1,0,0,C,1
MMR,1039,750701,96.5155,20.2825,20.2825,8.875,28.375,4.15168,0.0674919,558.452,584.228,17.1056,1306.03,4988.24,0.110576,0.960002,0.559001,0.0360301,0.401188,0,0.00378049,A,0.559001
MNE,26,14760.6,19.2201,42.7196,42.7196,41.875,43.375,0.374168,0.116489,1045.34,490.275,196.679,1664.46,1966.47,0.132479,1,0,0,0.271347,0.728653,0,D,0.728653
MNG,2958,1.56235e+06,103.14,46.9741,46.9741,41.875,51.875,2.21916,0,1487.52,537.221,894.185,2291.77,3778.05,0,1,0,0.713375,0,0.252834,0.0337912,B,0.713375
MNP,18,13290.2,145.614,17.0344,17.0344,14.125,20.625,1.98338,1,232.772,187.839,59.7597,442.954,639.541,0.95679,0.168329,1,0,0,0,0,A,1
MOZ,1142,840361,35.7346,-17.2503,17.2503,-26.625,-10.375,4.01199,0.0685235,351.984,292.807,40.8279,729.006,1891.04,0.0533178,0.984247,0.722253,0.178119,0.099628,0,0,A,0.722253
MRT,1458,1.05569e+06,-10.4219,20.2059,20.2059,14.875,27.125,2.96249,0.0145631,260.84,123.957,55.2969,391.753,725.68,0.0192044,0.995842,0,1,0,0,0,B,1
MSR,2,1479.96,-62.125,16.7499,16.7499,16.625,16.875,0.125,0.500328,26.7377,0,26.7377,26.7377,26.7377,0.944444,0,,,,,,,
MTQ,6,4486.37,-61,14.6248,14.6248,14.375,14.875,0.204124,1,156.586,142.077,19.71,408.506,444.102,0.722222,0.833144,1,0,0,0,0,A,1
MUS,19,13895.9,59.0051,-18.6585,18.6585,-20.625,-10.375,2.54236,0.895652,160.753,162.709,6.55022,395.061,563.303,0.818713,0.313044,1,0,0,0,0,A,1
MWI,159,119570,34.2694,-13.1616,13.1616,-16.875,-9.625,1.90457,0,877.361,411.91,474.5,1369.42,2373.09,0,1,0.577686,0,0.422314,0,0,A,0.577686
MYS,542,417719,109.772,3.92443,3.92443,1.125,7.375,1.54526,0.188102,262.252,337.643,6.68284,747.772,2981.99,0.196187,0.953932,1,0,0,0,0,A,1
MYT,5,3767.44,45.2251,-12.8249,12.8249,-13.125,-12.625,0.187059,1,108.462,58.8035,40.3562,170.298,218.715,0.844444,0.80024,1,0,0,0,0,A,1
NAM,1182,844374,17.1199,-22.1392,22.1392,-28.875,-17.125,3.21003,0.0394946,1091.16,351.395,567.251,1482.47,2144.71,0.036567,0.994126,0,1,0,0,0,B,1
NCL,91,65609.8,165.271,-21.0807,21.0807,-22.875,-17.375,1.03553,0.692855,217.597,247.175,11.4606,573.567,1250.48,0.647131,0.636584,1,0,0,0,0,A,1
NER,1613,1.18799e+06,9.34702,17.4069,17.4069,11.875,23.375,2.73084,0.00189787,456.912,156.898,288.269,650.595,1729.73,0,1,0,1,0,0,0,B,1
NFK,2,1351.76,167.875,-28.9998,28.9998,-29.125,-28.875,0.125,1,,,,,,1,0,,,,,,,
NGA,1204,916881,8.03881,9.50131,9.50131,4.375,13.625,2.33543,0.0226413,323.548,220.357,67.7818,581.306,1716.04,0.0176264,0.997481,0.767286,0.232714,0,0,0,A,0.767286
NIC,202,152149,-84.8875,12.8773,12.8773,10.875,14.875,1.00982,0.148559,218.666,267.693,13.3317,618.894,1423.02,0.144114,0.930796,1,0,0,0,0,A,1
NIU,2,1461.34,-169.875,-18.9999,18.9999,-19.125,-18.875,0.125,1,56.4328,1.64036,55.0988,58.099,58.7237,0.833333,0.499624,1,0,0,0,0,A,1
NLD,96,45284.1,5.4386,52.3709,52.3709,50.875,53.625,0.669787,0.154661,13.1077,21.2525,0.522023,29.1849,221.86,0.429398,0.969165,0,0,1,0,0,C,1
NOR,1246,407855,12.4024,64.3658,64.3658,57.875,71.125,4.06958,0.130053,545.963,388.247,86.5871,1070.53,1995.15,0.208044,0.965716,0,0,0.0581461,0.765362,0.176492,D,0.765362
NPL,211,143584,83.9789,28.2808,28.2808,26.625,30.375,0.946914,0,2001.63,1714.41,146.39,4806.75,6727.85,0,1,0,0,0.759985,0,0.240015,C,0.759985
NRU,1,772.725,166.875,-0.625,0.625,-0.625,-0.625,0,1,,,,,,1,0,,,,,,,
NZL,691,398478,173.258,-41.4414,41.4414,-52.625,-29.125,3.70735,0.292177,479.089,433.448,44.4159,1131.82,2335.69,0.313555,0.896356,0,0,0.984274,0,0.0157262,C,0.984274
OMN,493,356363,56.1904,20.5708,20.5708,16.625,26.625,2.2082,0.133607,276.034,260.77,74.9986,611.313,2526.26,0.119901,0.971648,0,1,0,0,0,B,1
PAK,1340,896256,69.1417,29.8198,29.8198,23.875,36.875,3.34071,0.0226665,1002.58,1285.64,49.1226,3084.97,7525.56,0.0194859,0.999212,0,0.867635,0.050875,0.0178389,0.0636509,B,0.867635
PAN,168,128413,-80.1759,8.43654,8.43654,7.125,9.625,0.655963,0.345256,314.985,431.758,14.5351,825.85,3021.98,0.400132,0.863017,1,0,0,0,0,A,1
PCN,5,3519.33,-128.982,-24.3895,24.3895,-25.125,-23.875,0.474019,1,51.3125,0,51.3125,51.3125,51.3125,0.977778,0,,,,,,,
PER,1766,1.34293e+06,-74.4933,-9.19739,9.19739,-18.375,-0.125,4.4465,0.0450442,1472.82,1630.07,112.895,4248.89,5455.32,0.0429722,0.996634,0.550831,0.169177,0.0757619,0,0.20423,A,0.550831
PHL,816,616988,122.526,11.3068,11.3068,4.625,21.125,3.65211,0.403465,310.467,372.108,12.5103,832.313,2375.96,0.508306,0.867475,1,0,0,0,0,A,1
PLW,12,9203.06,134.06,6.97796,6.97796,4.375,8.125,1.02941,1,34.1605,26.5709,6.40562,69.6175,85.4312,0.916667,0.249678,1,0,0,0,0,A,1
PNG,946,725880,146.729,-6.37706,6.37706,-11.625,-0.875,2.40929,0.349891,581.415,776.721,10.3915,1821.93,3865.66,0.346253,0.83398,0.939107,0,0.0608927,0,0,A,0.939107
POL,670,317256,19.3659,52.1811,52.1811,49.125,54.875,1.39704,0.0297079,173.685,132.027,67.2632,287.25,1420.12,0.025539,0.994368,0,0,0,1,0,D,1
PRI,26,19087.6,-66.471,18.1931,18.1931,17.875,18.625,0.225284,0.730774,231.581,227.452,8.95927,613.161,1123.23,0.538462,0.80773,1,0,0,0,0,A,1
PRK,254,150180,127.156,40.0526,40.0526,37.625,42.875,1.26634,0.126539,575.903,505.525,32.925,1376.28,2209.82,0.16273,0.964265,0,0,0,1,0,D,1
PRT,211,126676,-11.2354,39.0949,39.0949,30.125,41.875,2.2804,0.319329,320.893,263.934,54.9234,736.748,1623.01,0.277514,0.911092,0,0,1,0,0,C,1
PRY,564,400211,-58.43,-23.22,23.22,-27.375,-19.375,2.09385,0,160.748,82.3171,75.7999,275.585,693.153,0,1,0.418443,0.317509,0.264048,0,0,A,0.418443
PSE,10,6560.5,35.1493,31.8992,31.8992,31.375,32.375,0.324946,0.100299,450.138,239.834,142.511,765.072,934.203,0.155556,0.899701,0,0.111779,0.888221,0,0,C,0.888221
PYF,216,159258,-144.004,-17.0788,17.0788,-27.875,-7.875,3.44691,0.962665,120.511,201.147,5.52992,369.045,999.774,0.940329,0.0700912,1,0,0,0,0,A,1
QAT,25,17453.4,51.2251,25.3837,25.3837,24.625,26.125,0.438674,0.319361,24.941,17.2555,3.99856,49.4155,71.5584,0.324444,0.959831,0,1,0,0,0,B,1
REU,9,6486.29,55.5415,-21.1527,21.1527,-21.375,-20.875,0.184277,0.777735,943.989,560.339,235.831,1553.65,2305.34,0.62963,1,0.222638,0,0.777362,0,0,C,0.777362
ROU,445,239514,25.016,45.8386,45.8386,43.875,48.125,1.12648,0.0160934,397.89,384.099,52.2816,985.787,2235.82,0.0137328,1,0,0.135041,0.00453287,0.860426,0,D,0.860426
RUS,49277,1.7535e+07,96.6212,66.3368,66.3368,41.375,81.875,7.24157,0.0433155,372.707,404.781,36.7118,872.007,4850.55,0.0502375,0.991655,0,0.0276557,0.00110956,0.85018,0.121054,D,0.85018
RWA,33,25485.6,29.9357,-1.97345,1.97345,-2.625,-1.125,0.417148,0,1697.64,340.032,1373.09,2173.19,2988.36,0,1,0.969687,0,0.0303131,0,0,A,0.969687
SAU,2826,1.99064e+06,44.495,23.9847,23.9847,16.125,32.125,3.65074,0.0293905,642.093,398.886,124.149,1079.43,2691.54,0.0397499,0.98398,0,1,0,0,0,B,1
SDN,2540,1.88322e+06,30.0136,16.0031,16.0031,8.875,21.875,3.41113,0.00772027,529.967,191.333,343.628,778.475,2813.89,0.00940507,0.99456,0.0312014,0.968799,0,0,0,B,0.968799
SEN,273,204319,-14.6446,14.3796,14.3796,12.375,16.625,1.10062,0.0549598,49.9937,39.1113,11.996,87.6151,472.3,0.0651201,0.98537,0.27303,0.72697,0,0,0,B,0.72697
SGP,2,1545.17,103.75,1.25,1.25,1.125,1.375,0.125,0,11.9472,6.44144,5.11507,18.208,21.9248,0.666667,1,1,0,0,0,0,A,1
SGS,45,19702,-34.3102,-55.476,55.476,-59.375,-53.625,1.78315,0.840214,423.756,385.252,19.5341,1050.65,1829.72,0.792593,0.474934,0,0,0,0,1,E,1
SHN,11,7374.75,-9.35525,-26.1847,26.1847,-40.375,-7.875,12.2311,1,791.754,512.764,210.919,1412.02,1554.95,0.939394,0,,,,,,,
SJM,678,101779,17.776,78.7042,78.7042,70.875,80.875,1.58184,0.35941,363.255,266.747,37.4203,723.934,1763.59,0.395608,0.895922,0,0,0,0,1,E,1
SLB,170,129743,160.153,-8.8998,8.8998,-12.375,-4.375,1.56171,0.811645,202.531,245.257,11.0271,544.019,1589.23,0.756863,0.676669,1,0,0,0,0,A,1
SLE,110,84070.2,-11.8842,8.46964,8.46964,6.875,9.875,0.758184,0.10929,187.982,172.016,13.3848,437.455,862.839,0.130303,0.963542,1,0,0,0,0,A,1
SLV,37,27785.9,-88.8676,13.6389,13.6389,13.125,14.375,0.323306,0.270656,429.654,325.509,33.5379,843.485,1692.58,0.249249,0.972943,1,0,0,0,0,A,1
SOM,900,690149,45.9583,6.10964,6.10964,-1.375,11.875,3.61052,0.100784,421.126,373.993,49.36,979.601,2152.1,0.0758025,0.992205,0.0225673,0.977433,0,0,0,B,0.977433
SPM,5,2638.83,-56.2247,46.9244,46.9244,46.625,47.125,0.187194,0.600559,72.5809,65.4222,17.1604,139.214,162.924,0.933333,1,0,0,0,1,0,D,1
SPR,9,6831.15,114.764,10.8196,10.8196,10.125,11.375,0.386981,1,14.2359,12.1364,4.9,26.4639,31.3299,0.962963,0,,,,,,,
SRB,143,79183.7,20.8198,44.2099,44.2099,42.375,46.125,0.951359,0,426.426,373.987,78.4841,1000.48,2135.08,0,1,0,0,0.166489,0.833511,0,D,0.833511
SSD,818,626689,30.3092,7.293,7.293,3.625,12.125,1.83909,0,518.065,168.233,393.717,717.631,2827.73,0,1,0.93554,0.0644604,0,0,0,A,0.93554
STP,9,6954.35,6.79158,0.486032,0.486032,-0.125,1.625,0.566508,0.88888,324.175,270.772,90.7901,574.758,1040.82,0.851852,0.444477,1,0,0,0,0,A,1
SUR,198,152569,-55.8966,4.20746,4.20746,1.875,6.125,1.07624,0.0654906,140.397,116.845,6.99632,277.957,866.907,0.0319865,0.979855,1,0,0,0,0,A,1
SVK,98,49967.5,19.5528,48.7199,48.7199,47.875,49.375,0.414129,0,441.751,305.036,122.221,859.611,2181.17,0,1,0,0,0,1,0,D,1
SVN,42,22494.7,14.8053,46.1256,46.1256,45.625,46.625,0.327381,0,565.685,372.564,203.924,1063.23,1974.47,0.0238095,1,0,0,0.0958857,0.904114,0,D,0.904114
SWE,1404,500200,16.3917,62.0793,62.0793,55.375,68.875,3.616,0.0823395,310.659,258.818,42.5,695.561,1699.79,0.0937005,0.977077,0,0,0,0.967922,0.0320778,D,0.967922
SWZ,25,17280.8,31.4749,-26.5541,26.5541,-27.125,-25.875,0.377665,0,674.133,391.721,235.669,1257.97,1517.65,0,1,0,0.279306,0.720694,0,0,C,0.720694
SXM,1,735.468,-63.125,17.875,17.875,17.875,17.875,0,1,,,,,,1,0,,,,,,,
SYC,41,31433.4,52.1706,-6.83312,6.83312,-10.125,-3.625,2.29328,0.926479,39.7948,59.437,3.41636,103.538,239.171,0.95393,0.0485121,1,0,0,0,0,A,1
SYR,299,189155,38.4516,35.028,35.028,32.375,37.125,1.15315,0.0200172,521.011,273.163,256.927,822.853,2313.53,0.0163508,1,0,0.765131,0.234869,0,0,B,0.765131
TCA,17,12221,-71.6831,21.522,21.522,21.125,21.875,0.272016,0.882334,31.1348,69.5982,1.9435,38.9625,320.312,0.875817,0.46985,0,1,0,0,0,B,1
TCD,1719,1.27808e+06,18.6413,15.2938,15.2938,7.625,23.375,3.85622,0,513.796,298.172,287.152,879.117,3060.22,0,1,0.153226,0.846774,0,0,0,B,0.846774
TGO,82,62663.9,1.00765,8.43449,8.43449,6.125,10.875,1.34172,0.0245232,251.513,148.876,105.222,449.854,818.176,0.0216802,1,1,0,0,0,0,A,1
THA,773,577150,100.884,14.4471,14.4471,5.875,20.375,3.6923,0.0896848,276.104,280.835,18.6919,698.861,1845.7,0.0981745,0.965625,1,0,0,0,0,A,1
TJK,233,140862,71.0332,38.5232,38.5232,36.875,40.875,0.873195,0,2906.69,1549.04,572.598,4706.3,6167.8,0,1,0,0.347787,0.00416382,0.247447,0.400602,E,0.400602
TKL,5,3815.95,-171.876,-9.02512,9.02512,-9.375,-8.625,0.339149,1,46.8125,0,46.8125,46.8125,46.8125,0.977778,0,,,,,,,
TKM,831,497411,59.1132,39.2207,39.2207,35.375,42.625,1.61488,0.0289316,219.808,218.418,56.5385,466.189,2443.85,0.109908,1,0,0.979906,0.0200938,0,0,B,0.979906
TLS,37,28257.5,125.869,-8.77419,8.77419,-9.375,-8.125,0.325989,0.567648,476.682,423.678,54.1353,1041.65,2224.08,0.432432,0.945979,1,0,0,0,0,A,1
TON,31,22567.1,-174.684,-19.5306,19.5306,-22.375,-15.625,1.5817,0.935644,39.1952,42.7077,7.57767,91.3218,157.206,0.953405,0.0957719,1,0,0,0,0,A,1
TTO,22,16707.8,-61.1597,10.6474,10.6474,10.125,11.375,0.405217,0.636146,73.7252,92.3358,4.20967,179.625,452.614,0.671717,0.727365,1,0,0,0,0,A,1
TUN,279,178020,9.70861,34.2706,34.2706,30.375,37.625,1.73748,0.12323,259.647,224.284,27.2434,558.845,1266.23,0.123855,0.975683,0,0.857432,0.142568,0,0,B,0.857432
TUR,1402,840726,34.876,39.1579,39.1579,36.125,42.125,1.46973,0.0742997,1133.23,649.439,222.455,2017.52,3703.36,0.0715644,0.992371,0,0.234755,0.404987,0.360259,0,C,0.404987
TUV,12,9185.36,178.076,-7.7675,7.7675,-10.875,-5.625,1.39574,1,10.3614,0,10.3614,10.3614,10.3614,0.990741,0,,,,,,,
TWN,99,69987.1,120.776,23.7896,23.7896,20.625,26.375,1.10699,0.525564,743.691,803.63,10.7985,2003.59,3172.87,0.47587,0.757321,0.107759,0,0.892241,0,0,C,0.892241
TZA,1272,976000,34.9484,-6.2855,6.2855,-11.625,-1.125,2.64582,0.0259209,1009.88,468.407,292.06,1525.26,5115.98,0.0250699,0.993726,0.732258,0.161814,0.105928,0,0,A,0.732258
UGA,314,242519,32.3993,1.27503,1.27503,-1.375,3.875,1.38338,0,1145.34,252.173,919.277,1379.85,3330.24,0,1,0.987257,0,0.0127427,0,0,A,0.987257
UKR,1231,625516,31.6048,48.881,48.881,44.375,52.125,1.7515,0.0483172,178.981,151.753,56.5254,296.226,1826.14,0.0483798,0.993907,0,0.175264,0,0.824736,0,D,0.824736
UMI,11,8218.27,-165.781,12.7202,12.7202,-0.375,28.125,9.03629,1,4,0,4,4,4,0.989899,0,,,,,,,
URY,292,189421,-56.0037,-32.89,32.89,-34.875,-30.125,1.18716,0.0704778,107.278,65.9798,23.0939,196.599,393.105,0.0692542,0.989939,0,0,1,0,0,C,1
USA,19028,1.00046e+07,-104.592,45.2645,45.2645,18.875,71.375,10.6712,0.0486158,721.729,704.952,52.9758,1754.72,5251.02,0.0640927,0.987363,0.00606469,0.281811,0.235829,0.433753,0.0425432,D,0.433753
UZB,778,448359,63.3379,41.763,41.763,37.375,45.375,1.82634,0,356.149,494.494,57.6904,755.551,3901.1,0.000714082,1,0,0.933178,0.0315203,0.0340234,0.00127833,B,0.933178
VCT,7,5269.56,-61.2679,13.0533,13.0533,12.625,13.375,0.257564,1,278.696,249.353,70.6909,589.058,773.436,0.904762,0.570975,1,0,0,0,0,A,1
VEN,1273,974644,-66.1676,7.3559,7.3559,0.875,15.625,2.58366,0.064642,336.543,449.435,35.0795,880.641,4391,0.0552501,0.984448,0.947747,0.0395167,0.00955205,0,0.0031841,A,0.947747
VGB,3,2199.04,-64.4584,18.4583,18.4583,18.375,18.625,0.117822,1,78.1498,75.9132,9.81916,166.612,216.93,0.814815,0.333496,1,0,0,0,0,A,1
VIR,11,8084.88,-64.5339,17.9888,17.9888,17.625,18.375,0.246858,1,61.8317,42.8621,16.1637,112.48,128.544,0.949495,0.636385,1,0,0,0,0,A,1
VNM,538,398007,106.488,16.051,16.051,8.625,23.125,4.6672,0.163685,383.868,411.818,2.44096,976.442,2638.53,0.154275,0.949179,0.616518,0,0.383482,0,0,A,0.616518
VUT,84,62177.4,168.092,-16.5513,16.5513,-22.375,-13.125,2.02891,0.868705,241.896,232.528,28.5285,540.64,1363.68,0.784392,0.667238,1,0,0,0,0,A,1
WLF,6,4502.77,-177.121,-13.7923,13.7923,-14.375,-13.125,0.513703,1,10.125,0,10.125,10.125,10.125,0.981481,0,,,,,,,
WSM,16,12009.1,-172.173,-13.7658,13.7658,-14.125,-13.375,0.249533,0.874924,356.138,369.231,28.0638,906.378,1451.81,0.736111,0.562508,1,0,0,0,0,A,1
YEM,679,504925,47.5376,15.7204,15.7204,12.125,18.875,1.53787,0.10996,932.982,563.258,271.498,1760.02,3086.89,0.105056,0.964342,0,1,0,0,0,B,1
ZAF,1882,1.2684e+06,25.1933,-29.1109,29.1109,-46.875,-22.375,3.06713,0.0480391,1032.81,441.217,343.206,1550.66,3141.57,0.0409139,0.994464,0.00543524,0.677898,0.315409,0,0.00125834,B,0.677898
ZMB,1001,751710,27.8203,-13.4512,13.4512,-17.875,-8.375,2.30026,0.0020111,1116.9,216.635,835.213,1355.77,2076.28,0,1,0.170201,0.0383048,0.791495,0,0,C,0.791495
ZWE,536,391533,29.8696,-18.9727,18.9727,-22.125,-15.625,1.59917,0,973.898,308.172,501.121,1355.49,2048.53,0,1,0.00565349,0.566734,0.427613,0,0,B,0.566734
