a,b,frozen_km,witness_km,a_lat,a_lon,b_lat,b_lon
DZA,FRA,562.6,484.66516933276284,37.125,7.625,41.375,8.875
BEN,CIV,548.3,425.5790688650934,10.375,0.875,9.375,-2.875
BWA,SWZ,538.4,464.5393076701191,-22.375,28.875,-25.875,31.375
BFA,LBR,551.6,469.97942612806924,10.375,-5.375,7.625,-8.625
BDI,KEN,555.7,448.93604369481807,-2.375,30.375,-0.875,34.125
CAF,GNQ,598.3,496.6674484224814,4.125,15.125,2.125,11.125
CAF,UGA,597.2,484.21222208393,5.375,27.125,3.625,31.125
COD,SDN,556.0,431.33487319290157,5.125,25.375,8.875,24.375
CIV,SEN,639.6,489.0509760730683,9.875,-8.125,12.625,-11.625
DJI,SAU,556.0,397.4758694575376,12.625,43.125,16.125,42.375
EGY,IRQ,581.6,479.61504928783285,30.875,34.375,32.375,39.125
KEN,SDN,676.2,492.25193685869834,5.375,35.375,9.625,34.125
LSO,MOZ,515.2,423.428045592972,-29.125,29.125,-26.625,32.375
MLI,MAR,535.6,416.2677317546862,24.875,-6.375,27.875,-8.875
MLI,TGO,548.2,459.3971632242704,14.375,-2.125,10.875,0.125
MRT,ESP,597.1,319.13720345908996,25.875,-11.875,28.125,-13.875
SDN,YEM,540.5,441.86558919218805,18.375,38.875,15.625,41.875
SWZ,ZWE,556.0,416.98155087574844,-25.875,31.375,-22.125,31.375
TUN,FRA,556.0,416.98155087574855,37.625,8.875,41.375,8.875
TUN,ESP,622.4,463.4558114615479,37.625,8.875,39.875,4.375
AZE,SYR,550.5,343.94151465339064,39.125,45.375,37.125,42.375
AZE,UZB,597.7,475.52261690873996,40.375,50.625,41.375,56.125
MMR,IDN,598.0,393.07222902430647,8.875,97.875,5.375,97.375
MMR,MYS,598.0,338.33418723841896,8.875,97.875,6.375,99.625
KHM,CHN,595.6,435.70685282584907,14.375,107.375,15.875,111.125
KHM,MYS,566.8,420.5991938394279,9.875,102.875,6.125,102.375
CHN,PHL,637.2,495.86209017356134,24.625,118.875,21.125,121.875
GEO,IRQ,556.0,469.6697005386215,41.125,46.375,37.125,44.625
GEO,KAZ,525.8,412.1056677363691,41.875,46.375,44.375,50.125
GEO,SYR,556.0,476.9654055767186,41.375,43.125,37.125,42.375
GEO,TKM,582.8,498.4210436055998,41.875,46.375,41.625,52.375
GEO,UKR,595.6,356.08830730896926,43.375,40.125,45.375,36.625
IRQ,CYP,509.2,462.82598638092395,33.375,38.875,35.625,34.625
ISR,TUR,556.0,333.58524070059866,33.125,35.875,36.125,35.875
JPN,PHL,784.9,375.64527308431553,24.375,122.875,21.125,121.875
KAZ,UKR,515.6,481.2970299739263,48.625,46.625,49.375,40.125
PAK,TKM,580.4,466.5868291084391,36.125,71.375,37.375,66.375
SAU,CYP,524.5,479.010261519897,31.375,37.125,34.875,34.125
KOR,RUS,581.4,483.8479631936512,38.375,128.625,42.375,130.875
TUR,ALB,507.2,406.1470225292139,40.125,25.625,40.625,20.875
TUR,MDA,561.7,417.4641461834299,41.875,28.125,45.625,28.375
ARE,YEM,543.5,456.7467891987065,22.875,52.875,18.875,51.875
ALB,HUN,556.0,397.2739000233482,42.375,19.625,45.875,18.625
AUT,BEL,561.4,386.4981921269528,47.375,9.625,49.625,5.625
AUT,MNE,546.2,454.7354069235941,46.875,16.125,43.375,19.125
AUT,NLD,672.8,475.1780062700435,47.375,9.625,50.875,5.875
BLR,FIN,556.0,459.9683901776493,56.125,28.125,60.125,26.125
BLR,SWE,538.6,470.18082436454966,53.875,23.625,56.875,18.375
BEL,CZE,505.3,445.1271544428164,50.375,6.125,50.125,12.375
BEL,DNK,558.6,469.58735784218965,51.375,5.125,55.125,8.375
BIH,DEU,500.5,360.8389309114947,45.125,15.875,47.625,12.875
BIH,CHE,588.9,457.16993440077545,45.125,15.875,46.625,10.375
BIH,UKR,539.8,461.3828304812638,44.875,19.125,48.125,22.875
BGR,SVK,561.3,476.0779769649184,44.125,22.625,48.375,21.875
CYP,GRC,634.3,399.8638068479282,35.125,32.375,36.125,28.125
CZE,NLD,532.8,456.6963592851692,50.375,12.625,52.375,6.875
DNK,EST,690.4,497.4046175204965,55.375,15.125,57.875,21.875
DNK,LVA,570.1,369.25982316258944,55.375,15.125,56.125,20.875
DNK,LTU,566.4,363.1895722247252,55.375,15.125,55.375,20.875
FIN,LTU,556.0,389.1827808173653,59.875,22.125,56.375,22.125
DEU,LVA,550.3,483.07605383809204,54.125,14.125,56.125,20.875
DEU,LTU,521.9,454.722466786731,54.125,14.125,55.375,20.875
DEU,SRB,563.9,496.6533187910112,47.625,12.875,45.875,18.875
GRC,MDA,709.6,472.97376879679433,41.625,26.375,45.625,28.375
GRC,UKR,607.0,447.05800270097683,41.625,26.375,45.375,28.375
HUN,MKD,556.0,462.3887718677733,45.875,18.625,42.125,21.125
HUN,CHE,535.6,455.96154596060654,46.875,16.375,46.875,10.375
ITA,POL,533.4,496.8172291833932,46.375,13.375,50.375,16.375
ITA,ESP,514.7,322.4673475315737,40.625,8.125,40.125,4.375
LVA,UKR,556.0,445.081341447562,55.875,26.375,51.875,26.125
MDA,SRB,570.8,470.9727504238102,45.875,28.125,44.625,22.375
NLD,NOR,667.2,473.6103222346989,53.625,6.375,57.875,6.875
NLD,POL,541.3,483.5494147621456,53.125,7.125,53.125,14.375
NLD,SWE,565.8,447.5271148062713,53.375,6.875,55.375,12.875
SVN,UKR,570.7,490.7684176157478,46.625,16.375,48.375,22.375
ESP,CHE,641.3,495.5022554040074,42.375,3.375,46.375,6.125
BHS,JAM,638.2,369.78028909182865,21.625,-75.875,18.375,-76.625
CRI,COL,659.8,233.5714206058061,10.625,-83.375,12.125,-81.875
CUB,HND,699.7,451.68083414371574,21.375,-83.125,17.375,-83.875
CUB,COL,1050.7,457.19033416035813,19.875,-77.625,15.875,-78.625
DOM,JAM,636.3,449.11978602875877,18.125,-71.625,18.125,-75.875
HND,JAM,778.7,493.43415778168446,15.875,-82.375,18.125,-78.375
HND,COL,1088.4,232.33788438387188,14.875,-82.875,13.375,-81.375
JAM,COL,807.7,160.35238884691734,17.125,-77.875,15.875,-78.625
MEX,NIC,547.8,464.14843921658166,16.125,-90.625,13.125,-87.625
NIC,COL,792.4,77.5281968452115,13.875,-81.875,13.375,-81.375
PAN,VEN,659.8,479.970078247083,8.375,-77.375,9.375,-73.125
CHL,PRY,523.7,490.6664850057511,-22.875,-67.125,-22.375,-62.375
