Country,warming_trend,cum_co2_per_capita,cum_co2_total,abs_latitude,elevation,continentality,climate_zone,hemisphere,spatial_block,income_group,population,station_density,fitted,residual,leverage,studentized,cooks_d,iso3,station_trend,people_trend,area_cell_coverage,n_cities,station_lon,station_lat,era5_trend,n_cells_15min,land_area_km2,centroid_lon,centroid_lat,abs_centroid_lat,lat_min,lat_max,lat_sd_area_weighted,coastal_cell_fraction,elev_mean_m,elev_sd_m,elev_p10_m,elev_p90_m,elev_max_m,elev_below_sea_fraction,koppen_classified_fraction,koppen_share_A,koppen_share_B,koppen_share_C,koppen_share_D,koppen_share_E,koppen_area_dominant,koppen_area_dominant_share,n_cells_1deg,n_cells_fit,cell_mean,cell_sd,cell_p10,cell_p90,cell_min,cell_max,cell_range,m49_subregion,m49_region,abs_residual,sq_share,era5_minus_berkeley,station_minus_area,station_lat_minus_centroid_lat,log10_land_area,koppen_modal_vs_area_mismatch,lisa_v1_local_i,lisa_v1_p,lisa_v1_quadrant,lisa_v1_label,lisa_area_label
Algeria,0.24027006,92.058775,3536.362,35.206,314.59504,148.41535,C,N,Africa,Upper-middle-income countries,38414176,0,0.20959891,0.030671152,0.15325591,1.1061874,0.01105482,DZA,0.22397661,0.22024643,1,5,3.518,35.206,0.35544803,3437,2333330,2.69127,28.1258,28.1258,19.125,37.125,4.30552,0.0114434,558.667,318.468,235.062,1046.07,2478.13,0.0108945,0.99894,0,0.959043,0.0409568,0,0,B,0.959043,217,217,0.24027006,0.01285112,0.22180421,0.25572616,0.19834005,0.26107949,0.062739436,Northern Africa,Africa,0.030671152,0.0078958244,0.11517798,-0.016293447,7.0802,6.3679762,True,0.27736211,0.481,HH,ns,ns
Angola,0.20030002,18.748689,490.571,12.32,447.00634,160.7492,C,S,Africa,Lower-middle-income countries,26165616,0.33333333,0.15260545,0.047694569,0.13419805,1.7121515,0.022388528,AGO,0.15211635,0.15316139,1,6,14.396667,-12.32,0.15835595,1699,1280730,17.4435,-12.2843,12.2843,-17.875,-4.625,3.22673,0.0307466,1066.91,373.374,503.598,1463.54,2252.76,0.0226277,0.996444,0.394175,0.222992,0.382833,0,0,A,0.394175,109,109,0.20030002,0.013185959,0.18177121,0.21419156,0.16059287,0.21849252,0.057899657,Middle Africa,Africa,0.047694569,0.019093043,-0.041944065,-0.048183669,0.0357,6.1074576,True,-1.0432887,0.078,HL,ns,ns
Benin,0.20270212,6.2614678,67.053,8.5716667,170.68034,259.15677,A,N,Africa,Lower-middle-income countries,10708831,1.3333333,0.19191162,0.010790497,0.064917945,0.36879411,0.00047525513,BEN,0.14898984,0.14542013,1,6,2.4366667,8.5716667,0.24974222,152,115754,2.3526,9.65343,9.65343,6.375,12.125,1.54728,0.0265389,266.705,112.49,105.9,394.512,640.854,0.0131579,1,0.954274,0.0457255,0,0,0,A,0.954274,9,9,0.20270212,0.0096382786,0.18881593,0.21852865,0.18881593,0.21852865,0.029712717,Western Africa,Africa,0.010790497,0.00097728268,0.047040099,-0.053712273,-1.0817633,5.063536,False,0.039319486,0.766,HH,ns,ns
Botswana,0.15541866,50.707086,108.548,24.92,1113.007,607.13205,B,S,Africa,Upper-middle-income countries,2140687,0,0.21159824,-0.056179577,0.14938839,-2.0441998,0.035825294,BWA,0.13184454,0.13184454,1,1,26.6,-24.92,0.15255012,811,579983,23.8387,-22.1526,22.1526,-26.625,-17.875,2.11233,0,1031.15,102.083,924.069,1169.45,1397.12,0,1,0,1,0,0,0,B,1,51,51,0.15541866,0.0063626205,0.14694144,0.16527537,0.14336969,0.16846989,0.025100203,Southern Africa,Africa,0.056179577,0.026490749,-0.0028685424,-0.023574116,2.7674,5.7634153,False,1.0465537,0.126,LL,ns,ns
Burkina Faso,0.21587314,2.1712974,38.422,11.25,328.78624,663.80047,A,N,Africa,Low-income countries,17695411,0,0.21990562,-0.0040324857,0.065496974,-0.13780169,6.7047733e-05,BFA,0.16359839,0.16343274,1,2,-2.865,11.25,0.27033968,366,276301,-1.75394,12.2834,12.2834,9.625,14.875,1.18712,0,298.279,49.3622,251.954,342.915,625.556,0,1,0.449873,0.550127,0,0,0,B,0.550127,23,23,0.21587314,0.0071097705,0.20849224,0.22775868,0.20629185,0.22988734,0.023595498,Western Africa,Africa,0.0040324857,0.00013648439,0.054466542,-0.052274751,-1.0334,5.4413825,True,-0.065610055,0.174,LH,ns,ns
Burundi,0.2088855,0.90982711,9.498,4.02,1952.4253,1019.9678,A,S,Africa,Low-income countries,10439346,2,0.18952329,0.019362206,0.13025844,0.68704802,0.0035490629,BDI,0.15324761,0.15324761,1,1,29.73,-4.02,0.21510408,35,26998.9,29.8965,-3.38197,3.38197,-4.375,-2.375,0.49454,0,1465.76,384.318,780.976,1933.64,2363.75,0,1,0.771451,0,0.228549,0,0,A,0.771451,3,3,0.2088855,0.0014718493,0.20769494,0.21095885,0.20769494,0.21095885,0.003263907,Eastern Africa,Africa,0.019362206,0.0031466394,0.0062185873,-0.055637882,0.63803,4.4313461,False,0.10974194,0.642,HH,ns,ns
Cameroon,0.166362,9.4873565,203.052,6.4846667,373.34878,394.90289,A,N,Africa,Lower-middle-income countries,21402379,1.8,0.19806689,-0.031704892,0.065125919,-1.0880746,0.0041179285,CMR,0.13092896,0.15170233,1,15,11.604667,6.4846667,0.13847438,613,470947,12.667,5.6809,5.6809,1.875,12.875,2.43562,0.0163786,640.22,321.841,267.71,1039.87,2905.77,0.0174008,1,0.948529,0.0514707,0,0,0,A,0.948529,40,40,0.166362,0.012481873,0.15555362,0.18286725,0.15483055,0.20940578,0.05457523,Middle Africa,Africa,0.031704892,0.0084370355,-0.027887621,-0.035433046,0.80376667,5.672972,False,0.52101726,0.201,LL,ns,ns
Central African Republic,0.18403786,1.9496285,9.051,4.02,362.7323,969.56231,A,N,Africa,Low-income countries,4642423,0,0.22232434,-0.038286476,0.10342268,-1.3449073,0.01036835,CAF,0.11234196,0.11234196,1,1,18.48,4.02,0.10304187,812,623106,20.4563,6.58242,6.58242,2.625,10.875,1.63018,0,593.078,142.335,423.981,757.865,1246.58,0,1,0.971945,0.0280546,0,0,0,A,0.971945,51,51,0.18403786,0.013433648,0.16484257,0.20062104,0.15748354,0.21118528,0.053701742,Middle Africa,Africa,0.038286476,0.012303484,-0.080995991,-0.071695903,-2.56242,5.7945619,False,0.5773464,0.232,LL,ns,ns
Chad,0.20350914,1.7452968,23.895,8.84,398.74542,1020.8946,A,N,Africa,Low-income countries,13691081,0,0.23014547,-0.02663633,0.093255474,-0.92704982,0.0044241704,TCD,0.13820424,0.13860375,1,2,17.03,8.84,0.27011785,1719,1278080,18.6413,15.2938,15.2938,7.625,23.375,3.85622,0,513.796,298.172,287.152,879.117,3060.22,0,1,0.153226,0.846774,0,0,0,B,0.846774,107,107,0.20350914,0.0092058551,0.18921899,0.21347275,0.17191733,0.22253853,0.050621201,Middle Africa,Africa,0.02663633,0.0059550594,0.066608709,-0.065304901,-6.4538,6.106558,True,0.48632307,0.153,LL,ns,LL
Congo,0.17042209,23.437835,113.84,4.02,392.10751,388.29066,A,S,Africa,Lower-middle-income countries,4857104,1,0.17456357,-0.004141486,0.10983726,-0.14500966,0.00013070791,COG,0.11434714,0.11434714,1,1,15.27,-4.02,0.15506978,451,348182,15.2088,-0.877889,0.877889,-5.125,3.625,2.364,0.0110609,406.934,136.946,290.314,596.922,843.627,0.0142892,0.997789,1,0,0,0,0,A,1,31,31,0.17042209,0.0080320083,0.15972239,0.18023895,0.15680011,0.18780745,0.031007337,Middle Africa,Africa,0.004141486,0.00014396261,-0.015352302,-0.056074944,3.142111,5.5418063,False,0.05346067,0.318,LL,ns,ns
Congo (Democratic Republic Of The),0.19859795,2.5150748,190.616,4.7178261,740.54187,996.1092,A,S,Africa,Low-income countries,75789397,0.47826087,0.20209587,-0.0034979199,0.11309712,-0.12269795,9.6715867e-05,COD,0.13814746,0.13548895,1,23,23.118261,-3.95,0.19147903,3036,2336340,23.6432,-2.85332,2.85332,-13.375,5.125,4.38008,0.00261743,676.778,342.834,345.282,1119.87,4253.58,0.000439174,1,0.950511,0,0.0494891,0,0,A,0.950511,188,188,0.19859795,0.0089235075,0.18413438,0.20688161,0.17122954,0.20848612,0.03725658,Middle Africa,Africa,0.0034979199,0.00010269683,-0.00711892,-0.060450486,1.8645061,6.368536,False,-0.034149498,0.431,LH,ns,ns
Côte D'Ivoire,0.20772848,11.179971,267.646,6.4923077,145.13959,167.69214,A,N,Africa,Lower-middle-income countries,23939775,1.3846154,0.19085617,0.01687231,0.061531069,0.57604777,0.0010934083,CIV,0.15427233,0.15400342,1,13,-5.4769231,6.4923077,0.19959401,435,333123,-5.53954,7.5451,7.5451,4.375,10.625,1.53756,0.0439107,257.8,125.887,86.6065,409.004,945.696,0.0349936,0.997689,1,0,0,0,0,A,1,28,28,0.20772848,0.0051749655,0.20224978,0.21575536,0.20193587,0.21923508,0.017299206,Western Africa,Africa,0.01687231,0.0023893865,-0.0081344649,-0.053456147,-1.0527923,5.5226046,False,0.27687965,0.183,HH,ns,ns
Djibouti,0.20035987,15.890004,15.649,12.05,955.08978,31.093075,B,N,Africa,Lower-middle-income countries,984833,0,0.19685848,0.0035013913,0.1111539,0.12268539,9.4826883e-05,DJI,0.20332915,0.20332915,1,1,42.74,12.05,0.29725567,34,25721.5,42.6538,11.7644,11.7644,11.125,12.625,0.433776,0.08812,466.035,286.239,108.914,846.746,1472.46,0.124183,1,0,1,0,0,0,B,1,1,1,0.20035987,0,0.20035987,0.20035987,0.20035987,0.20035987,0,Eastern Africa,Africa,0.0035013913,0.00010290076,0.096895794,0.0029692812,0.2856,4.4102963,False,0.0020674313,0.951,HH,ns,ns
Egypt,0.15478519,50.049893,4771.434,29.316842,153.40576,95.874745,B,N,Africa,Lower-middle-income countries,95333551,3.0526316,0.22684727,-0.072062076,0.12364985,-2.6084721,0.045965334,EGY,0.14596973,0.14110793,1,19,31.659474,29.316842,0.280062,1520,1049230,30.0259,26.5443,26.5443,22.125,31.625,2.76974,0.0406764,311.176,216.288,80.024,598.336,2063.74,0.0653509,0.993488,0,1,0,0,0,B,1,92,92,0.15478519,0.017780731,0.13275185,0.17944081,0.12571088,0.18558385,0.059872965,Northern Africa,Africa,0.072062076,0.043586385,0.12527681,-0.0088154597,2.7725421,6.0208707,False,2.4317083,0.008,LL,LL,LL
Equatorial Guinea,0.16354707,64.576369,86.934,3.215,173.23264,45.269798,A,N,Africa,Upper-middle-income countries,1346220,0.5,0.18703722,-0.023490158,0.11989133,-0.82928503,0.0046953251,GNQ,0.11896513,0.11858356,0.75,2,9.645,3.215,0.20356961,46,35524.1,9.93003,1.8476,1.8476,-1.375,3.875,0.947017,0.282495,453.276,287.478,31.6771,686.189,2668.22,0.243961,0.978253,1,0,0,0,0,A,1,4,3,0.16354707,0.00107077,0.1623471,0.16494763,0.1623471,0.16494763,0.002600531,Middle Africa,Africa,0.023490158,0.004631367,0.040022541,-0.044581939,1.3674,4.5505231,False,0.44301028,0.102,LL,ns,ns
Eritrea,0.20315322,3.9334927,12.093,15.27,1375.2101,60.386392,B,N,Africa,Low-income countries,3074367,0,0.20607699,-0.0029237634,0.1269698,-0.10336792,7.8289758e-05,ERI,0.1687966,0.1687966,1,1,39.17,15.27,0.2823072,207,154189,39.1954,15.4002,15.4002,12.625,17.875,1.14534,0.130391,768.759,579.495,74.3589,1660.09,2586.99,0.197531,0.932561,0,1,0,0,0,B,1,14,14,0.20315322,0.0046589188,0.19845226,0.20920208,0.19286632,0.21015604,0.017289726,Eastern Africa,Africa,0.0029237634,7.1749977e-05,0.079153977,-0.034356621,-0.1302,5.1880534,False,-0.0047024828,0.881,LH,ns,ns
Ethiopia,0.20769927,1.5938337,156.895,9.5533333,1702.0808,493.03997,A,N,Africa,Low-income countries,98438752,0.44444444,0.20951332,-0.0018140516,0.13569908,-0.064456159,3.2864334e-05,ETH,0.18002663,0.17467117,1,9,38.845556,9.5533333,0.2878426,1486,1134100,39.6651,8.616,8.616,3.625,14.625,2.68508,0,1260.88,704.671,432.702,2270.25,4180.32,0.00672948,1,0.337991,0.481854,0.177448,0,0.00270668,B,0.481854,92,92,0.20769927,0.0062487493,0.20041926,0.21522729,0.19148973,0.21976676,0.028277025,Eastern Africa,Africa,0.0018140516,2.7620822e-05,0.080143331,-0.027672636,0.93733333,6.0546514,True,-0.0070743562,0.777,LH,ns,ns
Gabon,0.16553932,128.42246,245.68,0.8,-640.96875,32.62277,A,N,Africa,Upper-middle-income countries,1913061,0,0.19046086,-0.024921543,0.14653308,-0.89382463,0.0068689565,GAB,0.11657795,0.11663264,1,2,8.84,0,0.18194975,369,285048,11.6712,-0.676973,0.676973,-3.875,2.125,1.39713,0.0596016,361.038,216.656,29.4963,607.527,874.849,0.0614273,0.994582,1,0,0,0,0,A,1,22,22,0.16553932,0.0044045925,0.16006644,0.17169805,0.15852944,0.17340814,0.014878703,Middle Africa,Africa,0.024921543,0.0052129932,0.016410434,-0.048961364,0.123027,5.454918,False,0.30473078,0.332,LL,ns,ns
Ghana,0.19925457,8.7321009,239.139,6.1644444,63.101539,106.09593,A,N,Africa,Lower-middle-income countries,27386193,2,0.18546155,0.013793016,0.06380342,0.47128839,0.00076138962,GHA,0.14917516,0.14792464,1,9,-0.89555556,6.1644444,0.21235077,320,244840,-1.20871,7.87676,7.87676,4.625,11.125,1.71478,0.0502813,178.532,92.4787,79.8641,296.726,722.812,0.0385417,0.990573,1,0,0,0,0,A,1,19,19,0.19925457,0.0035119977,0.19514622,0.2045228,0.19328608,0.20736084,0.014074754,Western Africa,Africa,0.013793016,0.0015968194,0.013096205,-0.05007941,-1.7123156,5.3888824,False,0.12708532,0.463,HH,ns,ns
Guinea,0.22751348,5.8287826,65.235,9.2425,285.30844,234.83935,A,N,Africa,Lower-middle-income countries,11191874,0.25,0.19295763,0.034555853,0.067903538,1.1887187,0.0051308878,GIN,0.16063586,0.15920332,1,4,-10.9925,9.2425,0.19721247,336,255293,-11.0655,10.4495,10.4495,7.375,12.625,1.16998,0.0268335,435.21,224.539,92.6244,717.491,1336.99,0.037037,0.988067,1,0,0,0,0,A,1,21,21,0.22751348,0.0059521001,0.21994656,0.23411473,0.21527375,0.23881683,0.023543088,Western Africa,Africa,0.034555853,0.010022603,-0.030301011,-0.066877628,-1.207,5.4070389,False,1.0883748,0.013,HH,HH,HH
Guinea Bissau,0.23319972,3.2523968,5.516,12.05,18.248331,110.8408,A,N,Africa,Low-income countries,1695980,0,0.19804904,0.035150679,0.089693271,1.2239628,0.0073524217,GNB,0.16546237,0.16546237,1,1,-14.79,12.05,0.21004843,62,46880.7,-15.2711,11.8994,11.8994,10.875,12.625,0.466084,0.145436,30.6273,26.1374,3.60389,64.5069,179.332,0.263441,0.983812,1,0,0,0,0,A,1,4,4,0.23319972,0.0029562895,0.23001986,0.23786817,0.23001986,0.23786817,0.0078483021,Western Africa,Africa,0.035150679,0.010370621,-0.023151281,-0.067737342,0.1506,4.6709941,False,1.1037971,0.008,HH,HH,HH
Kenya,0.21062387,7.81825,351.718,1.3366667,1525.036,461.72254,A,S,Africa,Lower-middle-income countries,44986794,0.5,0.17014598,0.040477897,0.1118954,1.4299308,0.012779048,KEN,0.14744042,0.14670224,1,6,36.428333,-1.07,0.26187304,779,601489,37.8749,0.550774,0.550774,-4.625,5.375,2.2673,0.0192422,791.051,642.442,146.276,1810.93,4453.53,0.0132649,0.998717,0.17999,0.699104,0.120906,0,0,B,0.699104,48,48,0.21062387,0.0051655424,0.20136587,0.21507189,0.19757675,0.21557288,0.017996134,Eastern Africa,Africa,0.040477897,0.013752232,0.051249168,-0.063183453,0.78589267,5.7792277,True,0.37933003,0.463,HH,ns,ns
Lesotho,0.1612903,22.698661,46.68,29.74,1859.4595,274.45488,C,S,Africa,Lower-middle-income countries,2056509,1,0.17189668,-0.010606384,0.13549759,-0.37701782,0.0011212759,LSO,0.13518852,0.13518852,1,1,27.69,-29.74,0.13918944,46,30914.7,28.2624,-29.5753,29.5753,-30.375,-28.625,0.444263,0,2176.31,457.814,1582.95,2808.99,3204.82,0,1,0,0,1,0,0,C,1,3,3,0.1612903,0.0025356868,0.15849856,0.16464624,0.15849856,0.16464624,0.0061476712,Southern Africa,Africa,0.010606384,0.0009442174,-0.022100861,-0.026101785,0.1647,4.490165,False,0.27416085,0.04,LL,LL,LL
Liberia,0.2160061,9.8699266,44.121,7.23,250.87192,104.43709,A,N,Africa,Low-income countries,4470246,0,0.20133618,0.014669928,0.093122552,0.5093625,0.0013396528,LBR,0.16125875,0.16125875,1,1,-10.54,7.23,0.1327286,138,105973,-9.31305,6.34504,6.34504,4.375,8.375,0.979799,0.116147,202.879,137.503,35.4209,413.569,1013.25,0.111111,0.985474,1,0,0,0,0,A,1,8,8,0.2160061,0.0036193195,0.20989156,0.22005583,0.20989156,0.22005583,0.010164269,Western Africa,Africa,0.014669928,0.0018063142,-0.083277501,-0.05474735,0.88496,5.0251952,False,0.4206296,0.022,HH,HH,ns
Libya,0.19059949,288.50087,1818.893,31.827,-125.9453,89.882785,B,N,Africa,Upper-middle-income countries,6304636,0.8,0.23667525,-0.046075764,0.11863112,-1.6378312,0.017824071,LBY,0.19179801,0.18095563,1,10,16.27,31.827,0.30050706,2399,1647570,18.1156,27.1061,27.1061,19.625,33.125,3.11049,0.0250496,419.499,224.304,105.208,666.348,2098.34,0.019962,0.996014,0,0.994454,0.00554589,0,0,B,0.994454,151,151,0.19059949,0.034469379,0.13685809,0.23468632,0.12175067,0.24544086,0.12369019,Northern Africa,Africa,0.046075764,0.017818962,0.10990757,0.0011985233,4.7209,6.2168439,False,-0.23998133,0.66,LH,ns,ns
Madagascar,0.18135448,2.9253869,70.529,19.555,-329.6103,82.73137,A,S,Africa,Low-income countries,24109290,0,0.18144354,-8.9059383e-05,0.16516659,-0.0032197349,1.0333811e-07,MDG,0.16660155,0.16953317,0.98305085,6,46.725,-19.555,0.19632701,933,679681,46.7729,-19.1465,19.1465,-25.625,-11.875,3.37175,0.137295,534.124,451.339,37.2611,1186.11,2321.44,0.120638,0.969703,0.605849,0.12122,0.272931,0,0,A,0.605849,59,58,0.18135448,0.0093585245,0.16964302,0.1947057,0.16924099,0.19776647,0.028525481,Eastern Africa,Africa,8.9059383e-05,6.6572778e-08,0.014972534,-0.014752924,0.4085,5.8323051,False,0.0015097405,0.166,LL,ns,ns
Malawi,0.18854099,2.5155589,40.656,14.465,1041.6434,443.73171,A,S,Africa,Low-income countries,16161816,0,0.18845358,8.7411548e-05,0.10303288,0.0030487436,5.3794641e-08,MWI,0.15325292,0.15428322,1,2,34.84,-14.465,0.13970556,159,119570,34.2694,-13.1616,13.1616,-16.875,-9.625,1.90457,0,877.361,411.91,474.5,1369.42,2373.09,0,1,0.577686,0,0.422314,0,0,A,0.577686,10,10,0.18854099,0.011412956,0.17819869,0.20879292,0.17370073,0.20879292,0.035092183,Eastern Africa,Africa,8.7411548e-05,6.4132022e-08,-0.048835435,-0.035288072,1.3034,5.0776222,False,-0.00092652305,0.414,HL,ns,ns
Mali,0.2478267,2.2536574,39.348,12.59,325.33493,790.66798,A,N,Africa,Low-income countries,17459619,0,0.22678331,0.02104339,0.072715634,0.72330538,0.0020587895,MLI,0.16901333,0.16618708,1,3,-6.04,12.59,0.33035867,1706,1256050,-3.56464,17.3265,17.3265,10.375,24.875,3.43284,0,316.966,81.7273,262.129,402.115,846.185,0,1,0.116703,0.883297,0,0,0,B,0.883297,105,105,0.2478267,0.013332183,0.22998965,0.26483462,0.21481437,0.26903004,0.054215672,Western Africa,Africa,0.02104339,0.0037167959,0.082531978,-0.07881337,-4.7365,6.0990069,True,0.41263482,0.107,HH,ns,HH
Mauritania,0.2597916,14.51829,54.216,18.48,16.041512,102.59077,B,N,Africa,Lower-middle-income countries,3734324,0,0.20829231,0.051499292,0.093705055,1.8092853,0.016634319,MRT,0.20585446,0.20585446,1,1,-15.21,18.48,0.31178497,1458,1055690,-10.4219,20.2059,20.2059,14.875,27.125,2.96249,0.0145631,260.84,123.957,55.2969,391.753,725.68,0.0192044,0.995842,0,1,0,0,0,B,1,91,91,0.2597916,0.011933496,0.23682311,0.2700692,0.22907173,0.27136039,0.042288664,Western Africa,Africa,0.051499292,0.022260752,0.051993362,-0.053937143,-1.7259,6.0235364,False,1.4837894,0.026,HH,HH,HH
Morocco,0.24184559,38.675788,1306.761,33.757,498.75403,66.706555,C,N,Africa,Lower-middle-income countries,33787573,1.4,0.20127547,0.040570116,0.1176146,1.4379509,0.013668968,MAR,0.19593298,0.19373336,1,10,-6.544,33.757,0.32189053,669,438574,-6.45721,31.8946,31.8946,27.875,35.875,2.01129,0.0831409,872.22,597.214,181.455,1686.43,3515.82,0.0647733,0.992493,0,0.745364,0.248598,0.00603863,0,B,0.745364,40,40,0.24184559,0.01378524,0.2201213,0.25832094,0.20935415,0.25953653,0.050182385,Northern Africa,Africa,0.040570116,0.013814965,0.080044945,-0.045912604,1.8624,5.6420429,True,0.93040244,0.063,HH,ns,HH
Mozambique,0.1728238,5.0194373,125.745,19.420833,119.55623,121.37623,A,S,Africa,Low-income countries,25051613,0.33333333,0.18578632,-0.012962522,0.14605072,-0.46373804,0.0018501085,MOZ,0.1455059,0.14576642,1,12,35.7125,-19.420833,0.10854755,1142,840361,35.7346,-17.2503,17.2503,-26.625,-10.375,4.01199,0.0685235,351.984,292.807,40.8279,729.006,1891.04,0.0533178,0.984247,0.722253,0.178119,0.099628,0,0,A,0.722253,72,72,0.1728238,0.010900797,0.1583309,0.18556541,0.14451,0.19358429,0.049074289,Eastern Africa,Africa,0.012962522,0.0014103157,-0.06427625,-0.027317899,2.1705333,5.9244659,False,0.29895784,0.055,LL,ns,ns
Namibia,0.17785319,21.662549,48.795,23.31,1778.2834,224.80583,B,S,Africa,Lower-middle-income countries,2252505,0,0.19316802,-0.015314827,0.13111661,-0.54333066,0.0022394299,NAM,0.16120739,0.16120739,1,1,16.6,-23.31,0.17642031,1182,844374,17.1199,-22.1392,22.1392,-28.875,-17.125,3.21003,0.0394946,1091.16,351.395,567.251,1482.47,2144.71,0.036567,0.994126,0,1,0,0,0,B,1,75,75,0.17785319,0.011925471,0.16420886,0.19410519,0.15521002,0.20281856,0.047608537,Southern Africa,Africa,0.015314827,0.0019686181,-0.0014328811,-0.016645805,1.1708,5.9265349,False,0.26893684,0.172,LL,ns,ns
Niger,0.2385607,1.7936383,33.218,13.66,363.1867,894.97758,B,N,Africa,Low-income countries,18519899,0.33333333,0.23560332,0.0029573792,0.14182277,0.10545749,9.2594381e-05,NER,0.20109141,0.20655799,1,3,6.33,13.66,0.35289961,1613,1187990,9.34702,17.4069,17.4069,11.875,23.375,2.73084,0.00189787,456.912,156.898,288.269,650.595,1729.73,0,1,0,1,0,0,0,B,1,99,99,0.2385607,0.0097338347,0.22528331,0.25055305,0.2164904,0.2549472,0.038456797,Western Africa,Africa,0.0029573792,7.3409342e-05,0.11433892,-0.037469284,-3.7469,6.0748128,False,-0.030652229,0.403,HL,ns,ns
Nigeria,0.20301094,18.466972,3343.435,8.0448352,194.73255,318.51358,A,N,Africa,Lower-middle-income countries,181049440,6.978022,0.19517194,0.007839003,0.099102113,0.27289007,0.00041250769,NGA,0.1476406,0.14602298,1,91,6.7704396,8.0448352,0.19265141,1204,916881,8.03881,9.50131,9.50131,4.375,13.625,2.33543,0.0226413,323.548,220.357,67.7818,581.306,1716.04,0.0176264,0.997481,0.767286,0.232714,0,0,0,A,0.767286,75,75,0.20301094,0.02040874,0.1751103,0.23213043,0.16837024,0.237892,0.069521752,Western Africa,Africa,0.007839003,0.00051577344,-0.010359527,-0.05537034,-1.4564748,5.962313,False,-0.08518148,0.376,HL,ns,ns
Rwanda,0.20845953,1.9352152,21.468,2.41,1644.786,1072.1697,A,S,Africa,Low-income countries,11093340,1,0.19709082,0.011368704,0.11901695,0.40034559,0.0010896178,RWA,0.15351418,0.15351418,1,1,29.73,-2.41,0.20218255,33,25485.6,29.9357,-1.97345,1.97345,-2.625,-1.125,0.417148,0,1697.64,340.032,1373.09,2173.19,2988.36,0,1,0.969687,0,0.0303131,0,0,A,0.969687,4,4,0.20845953,0.0009885191,0.20728292,0.20996087,0.20728292,0.20996087,0.002677948,Eastern Africa,Africa,0.011368704,0.0010848238,-0.0062769729,-0.054945352,0.43655,4.4062949,False,0.078833036,0.568,HH,ns,ns
Senegal,0.24097869,12.528247,171.773,14.665,-287.79566,62.135322,B,N,Africa,Lower-middle-income countries,13710857,0.75,0.20211976,0.038858926,0.11350386,1.3731552,0.011989943,SEN,0.18175357,0.17927618,1,8,-16.60875,14.665,0.28634887,273,204319,-14.6446,14.3796,14.3796,12.375,16.625,1.10062,0.0549598,49.9937,39.1113,11.996,87.6151,472.3,0.0651201,0.98537,0.27303,0.72697,0,0,0,B,0.72697,17,17,0.24097869,0.0050361177,0.23427871,0.24765793,0.23391233,0.25198397,0.018071639,Western Africa,Africa,0.038858926,0.012674151,0.045370184,-0.059225114,0.2854,5.3103088,False,1.1974142,0.013,HH,HH,HH
Sierra Leone,0.22372061,4.3325518,29.089,8.84,216.62177,150.18275,A,N,Africa,Low-income countries,6714057,0.5,0.19897522,0.024745392,0.069151742,0.84956673,0.0026866595,SLE,0.16215966,0.16062185,1,2,-12.16,8.84,0.12292877,110,84070.2,-11.8842,8.46964,8.46964,6.875,9.875,0.758184,0.10929,187.982,172.016,13.3848,437.455,862.839,0.130303,0.963542,1,0,0,0,0,A,1,6,6,0.22372061,0.0016073077,0.22149787,0.22600347,0.22149787,0.22600347,0.0045055948,Western Africa,Africa,0.024745392,0.0051395605,-0.10079184,-0.061560953,0.37036,4.9246421,False,0.81784341,0.01,HH,HH,HH
Somalia,0.19588332,2.3225277,29.89,4.66,34.740645,64.565448,B,N,Africa,Low-income countries,12869599,0,0.19399778,0.0018855441,0.15519765,0.067765266,4.2503719e-05,SOM,0.16509148,0.17073461,1,5,44.114,4.34,0.16705065,900,690149,45.9583,6.10964,6.10964,-1.375,11.875,3.61052,0.100784,421.126,373.993,49.36,979.601,2152.1,0.0758025,0.992205,0.0225673,0.977433,0,0,0,B,0.977433,54,54,0.19588332,0.0048664209,0.18876069,0.20214521,0.18721637,0.2052654,0.018049027,Eastern Africa,Africa,0.0018855441,2.9840817e-05,-0.028832668,-0.030791841,-1.44964,5.8389429,False,0.020598975,0.361,HH,ns,ns
South Africa,0.16028496,327.11633,17886.325,28.1294,1144.4528,335.69529,C,S,Africa,Upper-middle-income countries,54678789,6.42,0.18119711,-0.020912149,0.14808128,-0.7500281,0.0049054604,ZAF,0.14039644,0.14069525,1,50,27.3316,-28.1294,0.11523617,1882,1268400,25.1933,-29.1109,29.1109,-46.875,-22.375,3.06713,0.0480391,1032.81,441.217,343.206,1550.66,3141.57,0.0409139,0.994464,0.00543524,0.677898,0.315409,0,0.00125834,B,0.677898,114,114,0.16028496,0.010324116,0.14332039,0.17266825,0.13839157,0.18418668,0.045795106,Southern Africa,Africa,0.020912149,0.0036705795,-0.045048795,-0.019888527,-0.9815,6.1032562,True,0.50640799,0.055,LL,ns,ns
Sudan,0.20487306,8.3380414,315.06,12.054,447.62975,841.92924,B,N,Africa,Low-income countries,37785852,0.6,0.24263417,-0.037761111,0.12581469,-1.3433116,0.012906024,SDN,0.16835698,0.17236268,1,10,32.427,12.054,0.3183269,2540,1883220,30.0136,16.0031,16.0031,8.875,21.875,3.41113,0.00772027,529.967,191.333,343.628,778.475,2813.89,0.00940507,0.99456,0.0312014,0.968799,0,0,0,B,0.968799,161,161,0.20487306,0.01356464,0.18698092,0.22138332,0.1678386,0.22609451,0.058255906,Northern Africa,Africa,0.037761111,0.011968145,0.11345384,-0.036516074,-3.9491,6.2749011,False,-0.36230557,0.43,LH,ns,LL
Swaziland,0.15934183,29.923009,33.813,26.52,58.589478,58.827025,B,S,Africa,Lower-middle-income countries,1130000,2,0.18879881,-0.029456979,0.15021937,-1.0600936,0.0099235557,SWZ,0.145,0.145,1,1,32.24,-26.52,0.094784019,25,17280.8,31.4749,-26.5541,26.5541,-27.125,-25.875,0.377665,0,674.133,391.721,235.669,1257.97,1517.65,0,1,0,0.279306,0.720694,0,0,C,0.720694,1,1,0.15934183,0,0.15934183,0.15934183,0.15934183,0.15934183,0,Southern Africa,Africa,0.029456979,0.0072830573,-0.064557816,-0.014341835,-0.0341,4.2375638,True,0.67345295,0.077,LL,ns,ns
Tanzania,0.20953052,3.4807171,169.943,5.726875,890.73279,432.63139,A,S,Africa,Lower-middle-income countries,48824134,0.4375,0.16868889,0.040841634,0.10019117,1.4334203,0.011347855,TZA,0.15909124,0.15447092,0.9875,16,35.336875,-5.726875,0.21175391,1272,976000,34.9484,-6.2855,6.2855,-11.625,-1.125,2.64582,0.0259209,1009.88,468.407,292.06,1525.26,5115.98,0.0250699,0.993726,0.732258,0.161814,0.105928,0,0,A,0.732258,80,79,0.20953052,0.008266988,0.19596001,0.21803722,0.18451974,0.2210179,0.03649816,Eastern Africa,Africa,0.040841634,0.014000499,0.0022233929,-0.050439282,-0.558625,5.9894498,False,0.35243147,0.483,HH,ns,ns
Togo,0.19413244,7.5317138,51.207,8.035,333.5338,233.37768,A,N,Africa,Low-income countries,6798851,0,0.20611414,-0.011981698,0.076487517,-0.41211729,0.00070781603,TGO,0.14767307,0.14713339,1,2,0.81,8.035,0.22650606,82,62663.9,1.00765,8.43449,8.43449,6.125,10.875,1.34172,0.0245232,251.513,148.876,105.222,449.854,818.176,0.0216802,1,1,0,0,0,0,A,1,7,7,0.19413244,0.0035956929,0.19099014,0.20194851,0.19099014,0.20194851,0.01095837,Western Africa,Africa,0.011981698,0.001204964,0.032373614,-0.046459368,-0.39949,4.7970174,False,-0.086886352,0.532,LH,ns,ns
Tunisia,0.23748975,65.074971,725.024,35.526,260.56942,65.461141,B,N,Africa,Lower-middle-income countries,11141365,1.2,0.23437261,0.0031171367,0.11786,0.10963456,8.0906183e-05,TUN,0.23033495,0.22917696,1,5,10.246,35.526,0.37881932,279,178020,9.70861,34.2706,34.2706,30.375,37.625,1.73748,0.12323,259.647,224.284,27.2434,558.845,1266.23,0.123855,0.975683,0,0.857432,0.142568,0,0,B,0.857432,17,17,0.23748975,0.0089299392,0.22350206,0.24785508,0.22156456,0.24808779,0.026523225,Northern Africa,Africa,0.0031171367,8.15547e-05,0.14132957,-0.0071548043,1.2554,5.2504688,False,0.019465709,0.609,HH,ns,ns
Uganda,0.21147595,2.0015819,70.73,1.8733333,1101.8234,954.31053,A,N,Africa,Low-income countries,35337050,0.66666667,0.22055672,-0.0090807672,0.091973765,-0.31490478,0.00050569757,UGA,0.14646874,0.14637156,0.89473684,3,32.95,1.8733333,0.28284764,314,242519,32.3993,1.27503,1.27503,-1.375,3.875,1.38338,0,1145.34,252.173,919.277,1379.85,3330.24,0,1,0.987257,0,0.0127427,0,0,A,0.987257,19,17,0.21147595,0.002335979,0.20830036,0.21545073,0.20818112,0.21555105,0.0073699302,Eastern Africa,Africa,0.0090807672,0.00069212158,0.07137169,-0.065007204,0.59830333,5.3847458,False,-0.10194496,0.391,LH,ns,ns
Zambia,0.17691284,13.308527,204.938,13.86,1189.5065,1010.4273,C,S,Africa,Lower-middle-income countries,15399000,1.875,0.18304717,-0.006134339,0.15872145,-0.22096309,0.0004639489,ZMB,0.14034512,0.14199204,1,8,27.925,-13.86,0.17224373,1001,751710,27.8203,-13.4512,13.4512,-17.875,-8.375,2.30026,0.0020111,1116.9,216.635,835.213,1355.77,2076.28,0,1,0.170201,0.0383048,0.791495,0,0,C,0.791495,63,63,0.17691284,0.01738774,0.15363827,0.20318117,0.14837472,0.20920206,0.060827346,Eastern Africa,Africa,0.006134339,0.00031584416,-0.0046691096,-0.036567718,0.4088,5.8760503,False,0.022611787,0.765,LL,ns,ns
Zimbabwe,0.15355029,50.590307,708.963,18.94,1307.2605,490.47339,C,S,Africa,Lower-middle-income countries,14013811,2,0.17583736,-0.022287067,0.12193222,-0.78752202,0.0043186384,ZWE,0.1319168,0.13327184,1,7,30.255714,-18.94,0.16945214,536,391533,29.8696,-18.9727,18.9727,-22.125,-15.625,1.59917,0,973.898,308.172,501.121,1355.49,2048.53,0,1,0.00565349,0.566734,0.427613,0,0,B,0.566734,34,34,0.15355029,0.0061337045,0.1472091,0.16294126,0.14209969,0.16701712,0.024917433,Eastern Africa,Africa,0.022287067,0.0041691079,0.015901849,-0.021633492,-0.0327,5.5927684,True,0.53484835,0.044,LL,LL,LL
Afghanistan,0.24733118,4.2230727,133.545,34.15875,1700.4435,980.02518,B,N,Asia,Low-income countries,31622709,0.5,0.21410936,0.033221813,0.15050085,1.1971902,0.012654305,AFG,0.25262887,0.25146545,1,8,68.17875,34.15875,0.2912535,1001,642217,65.9352,33.8038,33.8038,29.625,38.375,2.11048,0.0019653,1799.82,1093.74,576.971,3316.32,5650.34,0,1,0,0.676528,0.0245095,0.241766,0.0571965,B,0.676528,59,59,0.24733118,0.020366905,0.21547026,0.26940382,0.20206574,0.28236871,0.080302969,Southern Asia,Asia,0.033221813,0.0092636889,0.043922326,0.0052976939,0.35495,5.8076818,False,0.80000502,0.067,HH,ns,HH
Armenia,0.18833774,114.99025,336.062,40.99,1651.8125,274.36818,D,N,Asia,Upper-middle-income countries,2922526,3,0.17705889,0.011278844,0.14268068,0.40262823,0.0013576497,ARM,0.21072849,0.21072849,1,3,44.73,40.99,0.20556285,52,30627,44.9018,40.3393,40.3393,39.125,41.125,0.542331,0,1857.54,591.876,975.256,2602.02,3699.75,0,1,0,0.365707,0,0.634293,0,D,0.634293,2,2,0.18833774,0.0049111766,0.18339047,0.19321308,0.18339047,0.19321308,0.0098226165,Western Asia,Asia,0.011278844,0.0010677424,0.017225117,0.022390752,0.6507,4.4861045,False,-0.04308189,0.727,HL,ns,ns
Azerbaijan,0.19504825,234.4249,2228.072,40.99,715.4375,25.203602,D,N,Asia,Upper-middle-income countries,9504417,0,0.17886982,0.016178434,0.12262053,0.57125168,0.0022921332,AZE,0.23596216,0.23596216,1,1,48.99,40.99,0.21034418,162,95502.9,47.7522,40.2753,40.2753,38.625,41.875,0.755336,0.123387,777.249,754.826,36.2375,1907.23,3679.06,0.249657,1,0,0.692499,0.104706,0.190697,0.0120971,B,0.692499,11,11,0.19504825,0.0075179495,0.1855473,0.20457722,0.18296201,0.20481983,0.021857827,Western Asia,Asia,0.016178434,0.0021969,0.015295933,0.040913906,0.7147,4.9800166,True,0.12296688,0.555,HH,ns,ns
Bangladesh,0.11108862,6.3725254,997.505,24.072105,10.800667,167.45019,A,N,Asia,Lower-middle-income countries,156532134,7.9473684,0.14480448,-0.033715863,0.11657491,-1.191373,0.0093349673,BGD,0.055805733,0.05537539,0.92857143,19,89.766842,24.072105,0.13153199,215,152133,90.3473,23.6613,23.6613,20.875,26.375,1.24846,0.0754772,20.3727,37.3214,2.43227,46.8011,353.491,0.0863049,0.99527,0.856907,0,0.143093,0,0,A,0.856907,14,13,0.11108862,0.0074530787,0.10158105,0.12302284,0.10032207,0.12336386,0.023041792,Southern Asia,Asia,0.033715863,0.0095412629,0.020443371,-0.055282887,0.41080526,5.1822234,False,1.1387376,0.007,LL,LL,LL
Burma,0.10898679,8.3332043,418.849,18.803,209.83804,169.36276,A,N,Asia,Lower-middle-income countries,50262658,1.1,0.15117222,-0.04218543,0.079704197,-1.4645103,0.009207249,MMR,0.073190004,0.073052447,0.95384615,20,95.9935,18.803,0.19111736,1039,750701,96.5155,20.2825,20.2825,8.875,28.375,4.15168,0.0674919,558.452,584.228,17.1056,1306.03,4988.24,0.110576,0.960002,0.559001,0.0360301,0.401188,0,0.00378049,A,0.559001,65,62,0.10898679,0.0072797932,0.099079248,0.11878693,0.094938268,0.12789255,0.032954277,South-eastern Asia,Asia,0.04218543,0.014936962,0.082130573,-0.035796785,-1.4795,5.875467,False,1.3753873,0.008,LL,LL,LL
Cambodia,0.12397653,4.9768593,75.5,12.05,17.388128,198.32515,A,N,Asia,Lower-middle-income countries,15170210,0,0.14212097,-0.018144445,0.089400746,-0.62904297,0.001951428,KHM,0.077152696,0.077152696,1,1,105.21,12.05,0.1958048,255,192290,104.793,12.5817,12.5817,9.875,14.375,1.07751,0.0434604,118.902,176.88,7.36855,301.734,1306.52,0.0657952,0.972339,1,0,0,0,0,A,1,15,15,0.12397653,0.003823753,0.11903222,0.13112934,0.11737147,0.13134956,0.01397809,South-eastern Asia,Asia,0.018144445,0.0027632785,0.071828269,-0.046823834,-0.5317,5.2839567,False,0.2688855,0.224,LL,ns,ns
China,0.18801127,120.44216,166090.71,33.824579,452.54374,460.24653,C,N,Asia,Upper-middle-income countries,1379008040,3.6236842,0.16884089,0.019170382,0.14097669,0.68446265,0.0038599134,CHN,0.14149349,0.1162964,0.99793388,380,114.86339,33.824579,0.21966028,15503,9562000,103.71,36.5612,36.5612,15.875,53.375,7.15184,0.0142002,1833.28,1745.24,107.474,4803,7268.4,0.0171293,0.994566,0.00475823,0.333868,0.264989,0.228214,0.168172,B,0.333868,968,966,0.18801127,0.059242828,0.11067555,0.26672027,0.091316025,0.30028967,0.20897364,Eastern Asia,Asia,0.019170382,0.0030845998,0.031649004,-0.046517782,-2.7366211,6.9805487,True,-0.29905728,0.217,HL,ns,HL
Georgia,0.17014653,143.39135,546.196,40.99,1651.8125,274.36818,D,N,Asia,Upper-middle-income countries,3809128,3,0.17890501,-0.0087584796,0.13581583,-0.31133486,0.00076696201,GEO,0.21072849,0.21072849,1,1,44.73,40.99,0.16872036,128,73255.5,43.3985,42.2201,42.2201,41.125,43.375,0.577787,0.0776471,1211.16,841.003,146.015,2366.36,3993.31,0.0677083,0.992269,0,0.0638516,0.259508,0.614439,0.0622007,D,0.614439,9,9,0.17014653,0.010245817,0.15020906,0.18250361,0.15020906,0.18250361,0.032294551,Western Asia,Asia,0.0087584796,0.00064386491,-0.0014261677,0.040581957,-1.2301,4.8648402,False,0.0056517679,0.971,LL,ns,ns
India,0.12279875,28.95606,37522.117,22.254859,241.76154,426.4417,A,N,Asia,Lower-middle-income countries,1295829507,7.2941176,0.16750678,-0.044708029,0.11756218,-1.587274,0.016590101,IND,0.10273233,0.092981771,0.98976109,391,79.674859,22.254859,0.15878888,4660,3309140,79.6412,22.4312,22.4312,6.875,35.375,5.75268,0.0493537,557.964,941.08,48.8481,977.446,7081.71,0.0439199,0.987515,0.393482,0.305282,0.265874,0.00558737,0.0297743,A,0.393482,293,290,0.12279875,0.013132659,0.10609406,0.1414523,0.099939038,0.16823696,0.06829792,Southern Asia,Asia,0.044708029,0.01677677,0.035990131,-0.020066416,-0.17634066,6.5197151,False,0.21311632,0.715,LL,ns,ns
Indonesia,0.13659946,40.611573,10390.571,5.8577241,119.28682,35.708766,A,S,Asia,Upper-middle-income countries,255852464,12.931034,0.093343623,0.043255841,0.23149284,1.646814,0.040319008,IDN,0.10941618,0.11169397,0.89256198,145,109.20559,-5.226,0.16850609,3807,2933690,117.815,-2.49238,2.49238,-11.125,6.125,3.52434,0.346664,322.097,518.149,6.03981,967.341,4482.01,0.339813,0.877143,0.984418,0,0.0155822,0,0,A,0.984418,242,216,0.13659946,0.011639796,0.11954118,0.15308288,0.10833345,0.15782381,0.049490359,South-eastern Asia,Asia,0.043255841,0.015704598,0.031906624,-0.027183282,3.3653441,6.4674142,False,-0.84045408,0.124,HL,ns,ns
Iran,0.25326599,173.06499,13916.967,34.342576,1447.1701,245.46142,B,N,Asia,Upper-middle-income countries,80414689,1.7727273,0.19059381,0.062672179,0.12212093,2.2522133,0.034217551,IRN,0.28330794,0.28335191,1,66,51.126667,34.342576,0.33036354,2567,1670410,54.4437,32.4183,32.4183,25.125,39.625,3.50513,0.0348532,1259.39,682.518,365.938,2155.37,4253.21,0.0350171,0.99216,0,0.891958,0.0472919,0.0607505,0,B,0.891958,161,161,0.25326599,0.025071517,0.21660414,0.28283246,0.18866267,0.28834183,0.099679161,Southern Asia,Asia,0.062672179,0.032967567,0.077097547,0.030041952,1.9242758,6.2228231,False,1.0874646,0.174,HH,ns,HH
Iraq,0.17633491,94.318838,3327.756,35.365,289.85493,493.08067,C,N,Asia,Upper-middle-income countries,35281987,1.5,0.16923669,0.0070982205,0.10029468,0.24725311,0.000343206,IRQ,0.21489013,0.21271077,1,4,44.07,35.365,0.37446829,688,445684,43.7714,32.9564,32.9564,29.125,37.125,2.01404,0,296.005,297.245,13.3372,699.644,2842.39,0.000968992,1,0,0.878181,0.100947,0.0208723,0,B,0.878181,44,44,0.17633491,0.017910308,0.15431169,0.19883994,0.13685232,0.21141289,0.074560576,Western Asia,Asia,0.0070982205,0.00042289863,0.19813337,0.038555214,2.4086,5.649027,True,-0.071036575,0.422,HL,ns,ns
Israel,0.12897303,252.53063,1956.953,32.061111,476.33344,40.749691,B,N,Asia,High-income countries,7749369,4.4444444,0.19000286,-0.061029833,0.096999821,-2.1591836,0.024358932,ISR,0.15380232,0.15414483,1,9,34.805556,32.061111,0.20868425,39,25667.6,34.9868,31.5832,31.5832,29.875,33.125,0.975254,0.152347,325.486,236.802,47.2172,643.099,1005.31,0.185185,1,0,0.543035,0.456965,0,0,B,0.543035,2,2,0.12897303,0.0015273749,0.12745364,0.13050843,0.12745364,0.13050843,0.0030547917,Western Asia,Asia,0.061029833,0.031262354,0.079711225,0.024829292,0.47791111,4.4093853,False,2.0278496,0.007,LL,LL,LL
Japan,0.13484212,449.6652,57432.877,35.745829,168.62459,82.643142,C,N,Asia,High-income countries,127723642,29.954286,0.13143356,0.0034085558,0.47215536,0.1549879,0.0010824108,JPN,0.11269138,0.11075744,0.90163934,175,137.46834,35.745829,0.18477479,1009,625313,136.269,36.2262,36.2262,24.125,45.625,4.80373,0.35332,379.97,387.482,21.4127,883.834,2624.78,0.386191,0.868041,0.00906451,0,0.565414,0.425521,0,C,0.565414,61,55,0.13484212,0.011859754,0.12068724,0.15299747,0.11951687,0.15478414,0.035267269,Eastern Asia,Asia,0.0034085558,9.7516502e-05,0.049932673,-0.022150738,-0.48037143,5.7960975,False,-0.031679787,0.455,HL,ns,ns
Jordan,0.12416227,66.296104,529.826,32.95,941.89685,32.376227,C,N,Asia,Lower-middle-income countries,7991812,7,0.13888098,-0.014718706,0.11996193,-0.51881003,0.0018448387,JOR,0.15419934,0.15419934,1,1,35.43,32.95,0.25689893,131,86512.9,36.743,31.2629,31.2629,29.375,33.125,1.03032,0,794.402,209.283,588.884,994.788,1615.32,0.0390161,1,0,0.954736,0.0452636,0,0,B,0.954736,9,9,0.12416227,0.0027251259,0.12129527,0.13034125,0.12129527,0.13034125,0.0090459743,Western Asia,Asia,0.014718706,0.0018183462,0.13273666,0.030037069,1.6871,4.9370809,True,0.59705011,0.002,LL,LL,LL
Kazakhstan,0.26071793,667.32878,11715.959,48.915333,484.86506,1283.3288,B,N,Asia,Upper-middle-income countries,17556502,0.26666667,0.25922175,0.0014961793,0.19644992,0.055134391,3.7443105e-05,KAZ,0.25991169,0.24883742,0.98795181,15,69.089333,48.915333,0.32141095,5331,2745640,67.0244,48.3449,48.3449,40.625,55.375,3.06056,0.00914564,379.844,417.261,76.8908,739.442,4309.89,0.0675921,1,0,0.923373,0.000634418,0.069435,0.00655778,B,0.923373,332,328,0.26071793,0.016119742,0.2390522,0.28277206,0.22423865,0.29699752,0.072758875,Central Asia,Asia,0.0014961793,1.8789041e-05,0.060693022,-0.00080624233,0.57043333,6.4386436,False,0.043248486,0.017,HH,HH,HH
Laos,0.11990553,6.5576275,43.355,18.48,466.83899,277.2988,A,N,Asia,Lower-middle-income countries,6611385,0,0.152767,-0.032861469,0.08915228,-1.1430785,0.0063796002,LAO,0.05769678,0.05769678,1,1,103.1,18.48,0.15719335,316,231391,103.771,18.5079,18.5079,14.125,22.375,2.09414,0,648.131,385.359,165.527,1173.26,2150,0,1,0.592359,0,0.407641,0,0,A,0.592359,20,20,0.11990553,0.0030943401,0.11519604,0.1235479,0.11405942,0.12413293,0.010073512,South-eastern Asia,Asia,0.032861469,0.0090638198,0.037287817,-0.062208749,-0.0279,5.3643465,False,0.93930313,0.025,LL,LL,ns
Lebanon,0.13240722,95.770985,550.055,34.023333,-872.99272,59.931175,C,N,Asia,Lower-middle-income countries,5743441,3.6666667,0.15005625,-0.017649028,0.18832763,-0.64814373,0.0048952259,LBN,0.15261998,0.15419934,1,3,35.163333,34.023333,0.21840828,20,12826,35.7727,33.9111,33.9111,33.125,34.625,0.405396,0.250111,962.129,631.825,185.09,1834.26,2867.26,0.227778,1,0,0,1,0,0,C,1,1,1,0.13240722,0,0.13240722,0.13240722,0.13240722,0.13240722,0,Western Asia,Asia,0.017649028,0.0026144414,0.086001062,0.020212761,0.11223333,4.1080912,False,0.70772248,0.002,LL,LL,LL
Malaysia,0.14354714,137.71485,4155.445,3.6175,61.48887,33.4345,A,N,Asia,Upper-middle-income countries,30174269,2.9375,0.13980504,0.0037421017,0.11541312,0.13143606,0.00011354918,MYS,0.10612811,0.110003,1,32,105.10219,3.6175,0.18143639,542,417719,109.772,3.92443,3.92443,1.125,7.375,1.54526,0.188102,262.252,337.643,6.68284,747.772,2981.99,0.196187,0.953932,1,0,0,0,0,A,1,33,33,0.14354714,0.003878384,0.13708479,0.14799081,0.13490805,0.15148088,0.016572831,South-eastern Asia,Asia,0.0037421017,0.00011753535,0.037889247,-0.037419034,-0.30693,5.6208842,False,-0.049282987,0.262,HL,ns,ns
Mongolia,0.27329207,157.28884,448.57,47.42,1629.5566,1247.7869,B,N,Asia,Upper-middle-income countries,2851887,0,0.24371054,0.029581527,0.20952407,1.1041896,0.016131562,MNG,0.29479919,0.29479919,1,1,107.76,47.42,0.21866502,2958,1562350,103.14,46.9741,46.9741,41.875,51.875,2.21916,0,1487.52,537.221,894.185,2291.77,3778.05,0,1,0,0.713375,0,0.252834,0.0337912,B,0.713375,183,183,0.27329207,0.012205028,0.25556173,0.29054299,0.24293946,0.29905688,0.056117414,Eastern Asia,Asia,0.029581527,0.0073447749,-0.054627041,0.021507129,0.4459,6.1937783,False,-0.34980948,0.323,HL,ns,ns
Nepal,0.12394104,2.9884382,82.451,27.44,572.19137,675.65411,C,N,Asia,Lower-middle-income countries,27589997,4.1428571,0.14485339,-0.020912349,0.18015181,-0.76462911,0.0064440067,NPL,0.087288905,0.084092177,1,7,85.414286,27.44,0.22718415,211,143584,83.9789,28.2808,28.2808,26.625,30.375,0.946914,0,2001.63,1714.41,146.39,4806.75,6727.85,0,1,0,0,0.759985,0,0.240015,C,0.759985,14,14,0.12394104,0.0028811013,0.12055574,0.12780803,0.11922299,0.12876876,0.009545767,Southern Asia,Asia,0.020912349,0.0036706497,0.10324311,-0.036652134,-0.8408,5.157106,False,0.28269315,0.274,LL,ns,ns
Oman,0.20346603,228.65035,876.626,16.87,809.66339,15.503326,B,N,Asia,High-income countries,3833915,0,0.17856138,0.024904652,0.13039291,0.88483673,0.0058795949,OMN,0.20999677,0.20999677,1,1,53.58,16.87,0.21086906,493,356363,56.1904,20.5708,20.5708,16.625,26.625,2.2082,0.133607,276.034,260.77,74.9986,611.313,2526.26,0.119901,0.971648,0,1,0,0,0,B,1,31,31,0.20346603,0.010794376,0.19268688,0.2170527,0.18995945,0.23660769,0.046648245,Western Asia,Asia,0.024904652,0.0052059293,0.0074030308,0.0065307409,-3.7008,5.5518926,False,0.40153465,0.199,HH,ns,HH
Pakistan,0.17994962,17.166469,3623.395,30.529153,270.0815,782.42921,B,N,Asia,Lower-middle-income countries,211073979,6.5084746,0.19185618,-0.011906558,0.12792072,-0.42144902,0.0013109315,PAK,0.18378282,0.18208114,1,59,71.674746,30.529153,0.18016101,1340,896256,69.1417,29.8198,29.8198,23.875,36.875,3.34071,0.0226665,1002.58,1285.64,49.1226,3084.97,7525.56,0.0194859,0.999212,0,0.867635,0.050875,0.0178389,0.0636509,B,0.867635,84,84,0.17994962,0.027088988,0.146983,0.21925938,0.14051069,0.2537875,0.11327681,Southern Asia,Asia,0.011906558,0.001189898,0.0002113857,0.0038331993,0.70935254,5.9524321,False,-0.14775819,0.322,LH,ns,LH
Philippines,0.16029541,24.273217,2477.721,12.598308,-299.6931,31.710189,A,N,Asia,Lower-middle-income countries,102076334,9.6923077,0.13287445,0.027420952,0.093952184,0.95491589,0.0047309493,PHL,0.070454195,0.0680637,0.91489362,65,122.14554,12.598308,0.12914708,816,616988,122.526,11.3068,11.3068,4.625,21.125,3.65211,0.403465,310.467,372.108,12.5103,832.313,2375.96,0.508306,0.867475,1,0,0,0,0,A,1,47,43,0.16029541,0.007022282,0.150288,0.17064582,0.14587209,0.17344167,0.027569575,South-eastern Asia,Asia,0.027420952,0.0063110607,-0.031148328,-0.089841211,1.2915077,5.7902767,False,-0.23478368,0.489,HL,ns,ns
Qatar,0.23147879,710.48828,1444.174,24.92,12.518511,6.4791881,B,N,Asia,High-income countries,2032650,0,0.19422564,0.037253147,0.12102203,1.3213297,0.01195124,QAT,0.26122932,0.26122932,1,1,51.43,24.92,0.20447277,25,17453.4,51.2251,25.3837,25.3837,24.625,26.125,0.438674,0.319361,24.941,17.2555,3.99856,49.4155,71.5584,0.324444,0.959831,0,1,0,0,0,B,1,2,2,0.23147879,0.0013564832,0.2301223,0.23283527,0.2301223,0.23283527,0.0027129665,Western Asia,Asia,0.037253147,0.011648319,-0.027006017,0.029750535,-0.4637,4.24188,False,0.93910073,0.044,HH,HH,ns
Saudi Arabia,0.19128856,420.27411,11778.949,22.617143,1105.9072,193.68551,B,N,Asia,High-income countries,28026825,0,0.19848877,-0.0072002131,0.12874248,-0.25487127,0.00048339048,SAU,0.18613535,0.19473504,0.98870056,7,41.935714,22.617143,0.42249775,2826,1990640,44.495,23.9847,23.9847,16.125,32.125,3.65074,0.0293905,642.093,398.886,124.149,1079.43,2691.54,0.0397499,0.98398,0,1,0,0,0,B,1,177,175,0.19128856,0.029084844,0.14432871,0.2219874,0.1225172,0.22885116,0.10633395,Western Asia,Asia,0.0072002131,0.000435139,0.23120919,-0.0051532118,-1.3675571,6.2989927,False,0.044387012,0.643,LL,ns,ns
South Korea,0.14512934,276.44326,13841.837,37.78,3.9714112,0.10270069,D,N,Asia,High-income countries,50071168,0,0.19262534,-0.047495997,0.17358126,-1.7459439,0.031520647,KOR,0.1655223,0.1655223,0.875,1,126.1,37.78,0.15514499,250,156276,127.444,35.9761,35.9761,33.125,38.375,1.2711,0.225413,245.711,241.988,15.995,588.649,1360.04,0.347111,0.842984,0,0,0.299401,0.700599,0,D,0.700599,16,14,0.14512934,0.0040488087,0.14004678,0.1510077,0.13970425,0.15280724,0.013102992,Eastern Asia,Asia,0.047495997,0.01893439,0.010015645,0.020392958,1.8039,5.1938923,False,0.058402621,0.922,LL,ns,ns
Sri Lanka,0.13450143,16.211703,346.263,7.7666667,-320.55742,46.694284,A,N,Asia,Lower-middle-income countries,21358829,2.4444444,0.13592018,-0.0014187523,0.083453236,-0.048952357,1.099324e-05,LKA,0.11958271,0.12139819,1,9,80.63,7.7666667,0.1443275,121,92631.9,80.6488,7.76106,7.76106,5.875,9.875,1.07722,0.297483,166.739,299.494,7.6511,398.237,2209.31,0.273646,0.933991,1,0,0,0,0,A,1,7,7,0.13450143,0.0047740725,0.12689747,0.14097416,0.12689747,0.14097416,0.014076682,Southern Asia,Asia,0.0014187523,1.68947e-05,0.0098260694,-0.014918719,0.0056066667,4.9667606,False,0.053338158,0.005,LL,LL,LL
Syria,0.14323535,78.516371,1701.208,34.56,177.92983,93.425359,B,N,Asia,Low-income countries,21666921,3,0.19437838,-0.05114303,0.20151897,-1.9171162,0.045450455,SYR,0.14657491,0.15137697,1,7,36.372857,34.56,0.19028968,299,189155,38.4516,35.028,35.028,32.375,37.125,1.15315,0.0200172,521.011,273.163,256.927,822.853,2313.53,0.0163508,1,0,0.765131,0.234869,0,0,B,0.765131,21,21,0.14323535,0.0096031838,0.13109495,0.15558531,0.125247,0.16630661,0.04105961,Western Asia,Asia,0.05114303,0.021953826,0.047054328,0.0033395647,-0.468,5.2768178,False,1.4768992,0.017,LL,LL,ns
Taiwan,0.13706412,301.24252,7054.157,24.490667,-341.69997,36.426213,C,N,Asia,High-income countries,23416870,9.8666667,0.14707565,-0.010011529,0.12816932,-0.35435151,0.00092917859,TWN,0.10413579,0.099648224,0.75,30,120.88433,24.490667,0.14379418,99,69987.1,120.776,23.7896,23.7896,20.625,26.375,1.10699,0.525564,743.691,803.63,10.7985,2003.59,3172.87,0.47587,0.757321,0.107759,0,0.892241,0,0,C,0.892241,8,6,0.13706412,0.0024682649,0.13396481,0.14044791,0.13396481,0.14044791,0.006483096,Eastern Asia,Asia,0.010011529,0.00084127521,0.0067300622,-0.032928329,0.70106667,4.845018,False,0.17081842,0.152,LL,ns,ns
Tajikistan,0.2339755,52.071547,427.858,40.185,1916.3934,1250.1801,D,N,Asia,Lower-middle-income countries,8216733,1,0.22055747,0.013418028,0.19447685,0.49430815,0.0029666607,TJK,0.24345196,0.23811976,1,2,69.485,40.185,0.21634278,233,140862,71.0332,38.5232,38.5232,36.875,40.875,0.873195,0,2906.69,1549.04,572.598,4706.3,6167.8,0,1,0,0.347787,0.00416382,0.247447,0.400602,E,0.400602,15,15,0.2339755,0.013117061,0.21151086,0.25354125,0.21137385,0.25870215,0.0473283,Central Asia,Asia,0.013418028,0.0015111748,-0.017632723,0.0094764567,1.6618,5.1487939,True,0.47176752,0.005,HH,HH,ns
Thailand,0.11983102,75.553261,5277.026,13.889048,147.38664,141.82547,A,N,Asia,Upper-middle-income countries,69845112,2.5714286,0.15270203,-0.032871006,0.083369341,-1.1397649,0.0058941641,THA,0.085157837,0.085057556,0.95833333,21,100.76286,13.889048,0.20061657,773,577150,100.884,14.4471,14.4471,5.875,20.375,3.6923,0.0896848,276.104,280.835,18.6919,698.861,1845.7,0.0981745,0.965625,1,0,0,0,0,A,1,48,46,0.11983102,0.0099959566,0.11177867,0.14131561,0.10958983,0.14468939,0.035099553,South-eastern Asia,Asia,0.032871006,0.0090690816,0.080785552,-0.034673185,-0.55805238,5.7612887,False,0.89477837,0.024,LL,LL,LL
Turkey,0.14196233,106.6545,8148.727,38.911176,758.01359,128.00623,C,N,Asia,Upper-middle-income countries,76403032,1.372549,0.1597524,-0.017790072,0.11401298,-0.62525389,0.0025271651,TUR,0.13166001,0.13276954,1,51,33.688824,38.911176,0.16666165,1402,840726,34.876,39.1579,39.1579,36.125,42.125,1.46973,0.0742997,1133.23,649.439,222.455,2017.52,3703.36,0.0715644,0.992371,0,0.234755,0.404987,0.360259,0,C,0.404987,86,86,0.14196233,0.014659824,0.12760292,0.16803845,0.12323571,0.18332576,0.060090048,Western Asia,Asia,0.017790072,0.0026563955,0.024699318,-0.01030232,-0.24672353,5.9246545,False,0.58704915,0.012,LL,LL,LL
Turkmenistan,0.27528704,325.63271,1934.046,39.383333,175.64476,570.21712,B,N,Asia,Upper-middle-income countries,5939348,0.66666667,0.2130193,0.062267739,0.091304233,2.1974228,0.023569953,TKM,0.31152328,0.3050051,0.98076923,3,61.043333,39.383333,0.29896594,831,497411,59.1132,39.2207,39.2207,35.375,42.625,1.61488,0.0289316,219.808,218.418,56.5385,466.189,2443.85,0.109908,1,0,0.979906,0.0200938,0,0,B,0.979906,52,51,0.27528704,0.014355346,0.25573196,0.28959425,0.23428012,0.29151841,0.057238285,Central Asia,Asia,0.062267739,0.032543444,0.023678895,0.036236235,0.16263333,5.6967154,False,1.5760868,0.036,HH,HH,HH
United Arab Emirates,0.22483082,444.99761,3485.155,24.92,7.8743529,10.093385,B,N,Asia,High-income countries,7831851,2,0.18948,0.035350827,0.096813083,1.2359123,0.0081537339,ARE,0.26674103,0.26674103,1,3,54.98,24.92,0.24954088,153,107935,53.9508,24.0799,24.0799,22.625,25.875,0.791318,0.201285,112.107,110.111,15.1169,166.062,1364.7,0.242556,0.863482,0,1,0,0,0,B,1,8,8,0.22483082,0.0036044311,0.2180957,0.23088636,0.2180957,0.23088636,0.012790665,Western Asia,Asia,0.035350827,0.010489057,0.024710058,0.04191021,0.8401,5.0331623,False,1.4333503,0.002,HH,HH,HH
Uzbekistan,0.27739224,184.97719,5498.274,40.38625,816.1821,1235.4773,B,N,Asia,Lower-middle-income countries,29724065,0.875,0.24398207,0.033410168,0.18645723,1.2306769,0.017288384,UZB,0.26438952,0.24493046,0.97916667,8,67.82375,40.38625,0.28297463,778,448359,63.3379,41.763,41.763,37.375,45.375,1.82634,0,356.149,494.494,57.6904,755.551,3901.1,0.000714082,1,0,0.933178,0.0315203,0.0340234,0.00127833,B,0.933178,48,47,0.27739224,0.015843329,0.25131109,0.29384435,0.24040983,0.29710995,0.056700117,Central Asia,Asia,0.033410168,0.0093690302,0.0055823846,-0.013002726,-1.37675,5.6516259,False,1.0688571,0.012,HH,HH,HH
Vietnam,0.12263258,27.75834,2514.159,14.572667,290.39423,62.632906,A,N,Asia,Lower-middle-income countries,90573103,2.4333333,0.14895815,-0.02632557,0.080736767,-0.90986426,0.0036402044,VNM,0.067168538,0.073009553,0.97222222,30,106.81,14.572667,0.14077012,538,398007,106.488,16.051,16.051,8.625,23.125,4.6672,0.163685,383.868,411.818,2.44096,976.442,2638.53,0.154275,0.949179,0.616518,0,0.383482,0,0,A,0.616518,36,35,0.12263258,0.0059870272,0.11467542,0.13006324,0.10776286,0.13865869,0.030895834,South-eastern Asia,Asia,0.02632557,0.0058169173,0.018137536,-0.055464045,-1.4783333,5.5998907,False,0.57816116,0.083,LL,ns,ns
Yemen,0.20150003,19.538528,572.732,13.66,1076.9957,51.316985,B,N,Asia,Low-income countries,29312955,0,0.16578326,0.035716768,0.19271286,1.3218977,0.020738509,YEM,0.20005509,0.19816525,1,2,44.585,13.66,0.37432704,679,504925,47.5376,15.7204,15.7204,12.125,18.875,1.53787,0.10996,932.982,563.258,271.498,1760.02,3086.89,0.105056,0.964342,0,1,0,0,0,B,1,45,45,0.20150003,0.0057133258,0.19448458,0.20952763,0.18798897,0.21206839,0.024079414,Western Asia,Asia,0.035716768,0.01070734,0.17282701,-0.0014449363,-2.0604,5.7032269,False,0.10097817,0.819,HH,ns,ns
Albania,0.15748303,87.274223,253.756,40.99,-91.5625,15.220796,C,N,Europe,Upper-middle-income countries,2907571,2,0.14275964,0.014723387,0.13916781,0.52474497,0.0022381845,ALB,0.12435178,0.12435178,1,3,19.17,40.99,0.11414274,57,33208.6,19.9731,41.0561,41.0561,39.625,42.375,0.734368,0.123164,639.115,490.858,49.0826,1308.58,2047.37,0.179337,1,0,0,0.63393,0.36607,0,C,0.63393,3,3,0.15748303,0.0022354837,0.15506744,0.16047247,0.15506744,0.16047247,0.0054050294,Southern Europe,Europe,0.014723387,0.0018195031,-0.043340295,-0.033131255,-0.0661,4.5212506,False,-0.11384169,0.519,HL,ns,ns
Austria,0.21029968,594.84713,5045.143,48.064,997.88975,307.41682,D,N,Europe,High-income countries,8481411,0.8,0.20867349,0.0016261829,0.055708219,0.055279197,9.0828943e-06,AUT,0.20946728,0.20997806,1,5,14.182,48.064,0.28297245,161,83914.3,14.0723,47.5919,47.5919,46.625,48.875,0.591224,0,964.214,649.387,272.852,1957.62,3241.82,0,1,0,0,0,0.949815,0.0501853,D,0.949815,8,8,0.21029968,0.0088139921,0.19350482,0.21982662,0.19350482,0.21982662,0.026321804,Western Europe,Europe,0.0016261829,2.2196071e-05,0.072672778,-0.00083239645,0.4721,4.923836,False,-0.019333073,0.33,HL,ns,ns
Belarus,0.21395039,478.74626,4531.072,52.84,149.20576,505.97112,D,N,Europe,Upper-middle-income countries,9464454,0.5,0.20707686,0.0068735389,0.085257195,0.23744629,0.00026465033,BLR,0.22707365,0.2039758,1,8,27.47875,52.84,0.28149353,450,206604,28.0473,53.5301,53.5301,51.625,56.125,1.13308,0,160.068,28.4467,130.481,197.019,310.025,0,1,0,0,0,1,0,D,1,29,29,0.21395039,0.024410282,0.18001619,0.2449187,0.1650491,0.2565969,0.091547801,Eastern Europe,Europe,0.0068735389,0.00039655014,0.067543137,0.013123259,-0.6901,5.3151387,False,-0.057411022,0.506,HL,ns,ns
Belgium,0.19516368,1062.9992,11863.366,50.63,115.06332,107.65064,C,N,Europe,High-income countries,11160277,7.8571429,0.18009767,0.015066011,0.081054956,0.51969016,0.0011977761,BEL,0.18855418,0.18854047,1,7,4.1628571,50.63,0.22300083,65,31825.5,4.61783,50.6819,50.6819,49.625,51.375,0.45179,0.0455536,151.524,152.87,8.25052,406.764,665.799,0.0358974,1,0,0,0.984514,0.0154858,0,C,0.984514,4,4,0.19516368,0.0035068955,0.19065857,0.19936515,0.19065857,0.19936515,0.0087065841,Western Europe,Europe,0.015066011,0.0019051706,0.027837145,-0.006609504,-0.0519,4.5027752,False,0.03839291,0.841,HH,ns,ns
Bosnia And Herzegovina,0.18440933,226.20419,816.791,43.878,304.6292,117.31796,D,N,Europe,Upper-middle-income countries,3610857,2.4,0.1719022,0.012507136,0.080855734,0.43123774,0.00082307196,BIH,0.16937941,0.17551015,1,5,17.802,43.878,0.24768768,93,51566.4,17.8143,44.1433,44.1433,42.625,45.125,0.621861,0,699.853,409.801,192.474,1259.55,1988.19,0.00597372,1,0,0,0.172681,0.827319,0,D,0.827319,5,5,0.18440933,0.0078645689,0.1750397,0.19459074,0.1750397,0.19459074,0.01955104,Southern Europe,Europe,0.012507136,0.0013129647,0.063278352,-0.015029921,-0.2653,4.7123668,False,0.014006061,0.941,HH,ns,ns
Bulgaria,0.16411393,484.59923,3520.422,43.05,180.59325,161.43914,D,N,Europe,High-income countries,7264605,1.1428571,0.1956746,-0.031560667,0.052695843,-1.0758872,0.0032156474,BGR,0.14809745,0.1471343,1,7,26.047143,43.05,0.15698455,205,116274,25.3575,42.7784,42.7784,41.375,44.125,0.702055,0.0389233,477.426,430.889,108.237,1110.23,2615.37,0.0373984,0.99024,0,0.0780317,0.293334,0.628634,0,D,0.628634,16,16,0.16411393,0.00485,0.15803856,0.16850866,0.15043069,0.17072179,0.020291095,Eastern Europe,Europe,0.031560667,0.0083604498,-0.0071293844,-0.016016486,0.2716,5.0654826,False,0.58832926,0.158,LL,ns,ns
Croatia,0.18952185,232.922,988.149,45.273333,269.52438,63.022863,D,N,Europe,High-income countries,4242403,1.3333333,0.18792229,0.0015995655,0.055481259,0.05436783,8.7479805e-06,HRV,0.20881496,0.21811015,0.9,3,15.216667,45.273333,0.19134748,150,82560.2,16.2001,44.5583,44.5583,42.125,46.375,1.09697,0.183615,295.078,277.682,83.6637,749.893,1468.04,0.331111,0.911116,0,0,0.558894,0.441106,0,C,0.558894,10,9,0.18952185,0.014051194,0.1590351,0.20744252,0.1590351,0.20744252,0.048407424,Southern Europe,Europe,0.0015995655,2.1475404e-05,0.0018256303,0.019293104,0.71503333,4.9167707,True,-0.0079594973,0.699,HL,ns,ns
Cyprus,0.14075176,205.0783,242.792,34.56,-110.875,5.2128946,C,N,Europe,High-income countries,1183899,0,0.15815958,-0.017407816,0.11460522,-0.61198509,0.0024355535,CYP,0.15385654,0.15385654,1,1,33.08,34.56,0.15784352,31,19602.9,33.3803,35.0852,35.0852,34.625,35.625,0.305116,0.677279,290.502,293.142,31.9548,713.037,1501.08,0.530466,0.935615,0,0.206767,0.793233,0,0,C,0.793233,2,2,0.14075176,0.00047844923,0.14027623,0.14123314,0.14027623,0.14123314,0.00095691633,Western Asia,Asia,0.017407816,0.0025434657,0.017091756,0.01310478,-0.5252,4.2923203,False,0.69871515,0.001,LL,LL,LL
Czech Republic,0.19293607,1071.1163,11258.679,49.99,264.70065,412.23788,D,N,Europe,High-income countries,10511164,4.8,0.21300354,-0.020067476,0.059934532,-0.68491425,0.001501499,CZE,0.19915892,0.19924364,1,5,16.234,49.99,0.21490957,160,79916.2,15.3396,49.7355,49.7355,48.625,50.875,0.547117,0,448.633,177.517,229.812,675.957,1123.08,0,1,0,0,0,1,0,D,1,11,11,0.19293607,0.0085510174,0.18310883,0.20435178,0.17410877,0.20450412,0.030395348,Eastern Europe,Europe,0.020067476,0.0033800476,0.021973501,0.0062228541,0.2545,4.9026348,False,0.14151888,0.559,LL,ns,ns
Denmark,0.19194038,684.84629,3845.64,56.25,14.889735,13.150004,C,N,Europe,High-income countries,5615333,1,0.1900161,0.0019242868,0.093202118,0.0667517,2.3074006e-05,DNK,0.20878135,0.21011534,0.91666667,4,10.835,56.25,0.25933246,178,77045.4,10.4403,55.9258,55.9258,54.625,57.875,0.798953,0.296147,30.5387,24.0553,3.47182,63.4994,134.566,0.422597,0.911256,0,0,0.546123,0.453877,0,C,0.546123,12,11,0.19194038,0.0042905984,0.18765527,0.19695549,0.18359905,0.19741313,0.013814085,Northern Europe,Europe,0.0019242868,3.1079708e-05,0.067392077,0.016840965,0.3242,4.8867467,False,0.0079815858,0.764,HH,ns,ns
Estonia,0.25938076,1152.6845,1519.146,58.66,29.868961,61.187135,D,N,Europe,High-income countries,1317920,0,0.21398615,0.045394609,0.064988345,1.5652746,0.0084214836,EST,0.25159429,0.2484541,1,2,26.155,58.66,0.3053342,158,63413.1,25.0451,58.7109,58.7109,57.625,59.875,0.54663,0.220183,54.0941,37.3878,11.788,95.9282,247.475,0.270042,0.918799,0,0,0,1,0,D,1,9,9,0.25938076,0.0030523874,0.25259962,0.26182746,0.25259962,0.26182746,0.0092278442,Northern Europe,Europe,0.045394609,0.017296008,0.045953438,-0.0077864752,-0.0509,4.802179,False,0.47518185,0.391,HH,ns,ns
Finland,0.2349857,529.39765,2879.424,61.556,19.034535,16.945009,D,N,Europe,High-income countries,5439057,0.4,0.21103689,0.023948815,0.069780493,0.82235306,0.002542786,FIN,0.23993901,0.2458855,1,5,24.314,61.556,0.23472169,1072,358563,25.9369,64.0719,64.0719,59.875,69.875,2.66556,0.0536314,151.053,98.458,48.6087,282.809,1019.06,0.0647803,0.984527,0,0,0,0.99844,0.00156006,D,0.99844,67,67,0.2349857,0.017072048,0.21256028,0.25787183,0.20021853,0.25915793,0.0589394,Northern Europe,Europe,0.023948815,0.0048139919,-0.00026401269,0.0049533066,-2.5159,5.5545655,False,0.33205888,0.27,HH,ns,ns
France,0.19167775,569.29834,36655.831,46.793611,122.23891,191.58323,C,N,Europe,High-income countries,64387736,2.1944444,0.18699828,0.0046794737,0.082098181,0.16135511,0.00011730424,FRA,0.19355416,0.19261848,0.98611111,36,3.2319444,46.793611,0.20656387,1122,595962,2.43883,46.4921,46.4921,41.375,51.125,2.1906,0.0868106,346.922,427.645,49.5985,851.203,4033.92,0.0834819,0.987381,0,0.00479632,0.937041,0.0516609,0.00650219,C,0.937041,72,71,0.19167775,0.0065710432,0.1823116,0.19814261,0.17681356,0.20460891,0.027795356,Western Europe,Europe,0.0046794737,0.000183794,0.01488612,0.0018764065,0.30151111,5.7752186,False,0.053119729,0.36,HH,ns,ns
Germany,0.19552601,1077.6341,87333.168,50.890123,311.64766,254.65524,C,N,Europe,High-income countries,81041581,9.8888889,0.18543617,0.010089836,0.094928676,0.35050011,0.00064860257,DEU,0.19316976,0.19367335,1,81,8.9424691,50.890123,0.20895725,774,374121,10.3467,51.1928,51.1928,47.375,54.875,1.94152,0.03379,262.729,241.469,21.1078,557.982,1840.04,0.0432099,0.993926,0,0,0.394135,0.605865,0,D,0.605865,50,50,0.19552601,0.011455756,0.18189633,0.21186341,0.18024111,0.21857207,0.038330967,Western Europe,Europe,0.010089836,0.00085448717,0.013431241,-0.0023562424,-0.30267654,5.5730121,True,0.020350091,0.885,HH,ns,ns
Greece,0.14163851,326.73133,3583.437,38.007143,-92.698174,37.832746,C,N,Europe,High-income countries,10967534,0.85714286,0.16770022,-0.026061711,0.081757677,-0.90119123,0.0036207487,GRC,0.12554819,0.13132754,0.85185185,7,23.888571,38.007143,0.10076443,445,269495,23.6802,38.3399,38.3399,34.875,41.625,1.75905,0.404529,470.041,424.466,31.5614,1083.1,2333.29,0.503371,0.876934,0,0.151838,0.815845,0.0323173,0,C,0.815845,27,23,0.14163851,0.010101601,0.13084966,0.15852915,0.12517947,0.1598792,0.034699721,Southern Europe,Europe,0.026061711,0.0057008965,-0.040874082,-0.016090319,-0.33275714,5.4305507,False,0.31810509,0.311,LL,ns,ns
Hungary,0.18683466,472.9977,4677.637,47.062222,141.55999,471.32364,D,N,Europe,High-income countries,9889344,2.3333333,0.21090149,-0.024066834,0.055914169,-0.82030363,0.0019976318,HUN,0.18345613,0.18454523,1,9,19.76,47.062222,0.12733381,174,91396,19.38,47.1788,47.1788,45.875,48.375,0.637208,0,147.814,78.6153,86.7761,239.392,785.72,0,1,0,0,0.00588672,0.994113,0,D,0.994113,11,11,0.18683466,0.010795775,0.17200799,0.20044989,0.17005906,0.20242703,0.032367963,Eastern Europe,Europe,0.024066834,0.0048615553,-0.059500851,-0.0033785256,-0.11657778,4.9609272,False,0.27496913,0.361,LL,ns,ns
Iceland,0.12736783,409.50505,132.635,65.09,171.58588,81.002979,E,N,Europe,High-income countries,323891,0,0.12736783,2.7755576e-17,1,,,ISL,0.13884127,0.13884127,1,1,-21.06,65.09,0.38965753,420,136906,-18.856,65.0504,65.0504,63.375,66.625,0.80377,0.261173,488.965,369.457,36.8885,964.515,1845.2,0.234127,0.938592,0,0,0.0507134,0.0210431,0.928244,E,0.928244,24,24,0.12736783,0.010676195,0.11371544,0.1397377,0.10614453,0.14733344,0.04118891,Northern Europe,Europe,2.7755576e-17,6.4660311e-33,0.2622897,0.011473436,0.0396,5.1364225,False,8.616884e-18,0.641,HH,ns,ns
Ireland,0.1678619,423.64909,1959.244,53.04,229.56018,38.006118,C,N,Europe,High-income countries,4624686,0,0.18564763,-0.017785728,0.092640765,-0.6176731,0.0019568859,IRL,0.14522304,0.14590805,1,2,-7.35,53.04,0.080183245,211,97634.8,-8.33004,53.1921,53.1921,51.375,55.375,1.01329,0.237187,106.924,92.1088,21.7049,218.096,759.767,0.276988,0.951745,0,0,1,0,0,C,1,13,13,0.1678619,0.0038447271,0.16408256,0.17208691,0.15766039,0.1723302,0.014669806,Northern Europe,Europe,0.017785728,0.0026550983,-0.087678652,-0.022638853,-0.1521,4.9896046,False,-0.10810815,0.638,LH,ns,ns
Italy,0.18232893,367.70877,22302.958,43.01619,393.71826,77.310981,C,N,Europe,High-income countries,60653864,3.3333333,0.17311153,0.0092174029,0.079686012,0.31750401,0.00043944629,ITA,0.18201324,0.17671957,0.97560976,42,12.344524,43.01619,0.18402454,689,393778,12.4234,42.141,42.141,35.375,46.875,2.80064,0.267295,537.04,579.39,30.614,1379.94,3957.57,0.240123,0.920308,0,0.063953,0.802553,0.0935905,0.0399032,C,0.802553,41,40,0.18232893,0.019830455,0.15199041,0.20801755,0.14937951,0.21748495,0.068105441,Southern Europe,Europe,0.0092174029,0.0007131066,0.0016956114,-0.00031569619,0.87519048,5.5952514,False,0.069646737,0.562,HH,ns,ns
Latvia,0.24661632,448.3543,902.539,56.25,139.87513,127.33602,D,N,Europe,High-income countries,2013004,1,0.20643875,0.040177573,0.053511236,1.3740331,0.0053010275,LVA,0.24167602,0.24110149,1,2,25.295,56.25,0.27720801,167,70509.1,24.6698,56.8909,56.8909,55.875,57.875,0.502719,0.106799,86.3161,53.2061,16.0216,162.265,245.646,0.0918164,0.969895,0,0,0,1,0,D,1,11,11,0.24661632,0.006203953,0.23981463,0.25449633,0.23678898,0.25747647,0.020687494,Northern Europe,Europe,0.040177573,0.013548921,0.030591695,-0.0049402976,-0.6409,4.8482452,False,0.3829719,0.457,HH,ns,ns
Lithuania,0.22162227,495.38781,1465.535,55.45,100.81829,128.23898,D,N,Europe,High-income countries,2958359,1.4,0.20613927,0.015482999,0.048731706,0.52493279,0.00070973197,LTU,0.23168896,0.23339281,1,5,23.244,55.45,0.24850826,148,65020.7,23.8439,55.3498,55.3498,54.125,56.375,0.599327,0.0201309,102.319,46.5676,44.4074,163.115,275.016,0.021021,0.993247,0,0,0,1,0,D,1,8,8,0.22162227,0.0083208873,0.20873169,0.23069995,0.20873169,0.23069995,0.021968268,Northern Europe,Europe,0.015482999,0.0020120904,0.026885992,0.010066693,0.1002,4.8130516,False,0.20815692,0.261,HH,ns,ns
Macedonia,0.16410995,229.14349,461.33,42.59,1106.3851,249.19163,D,N,Europe,Upper-middle-income countries,2013280,4,0.17208066,-0.0079707168,0.09826941,-0.27734974,0.00042212212,MKD,0.14022619,0.14022619,1,2,21.82,42.59,0.19708616,42,24270,21.6889,41.6013,41.6013,40.875,42.125,0.335499,0,819.227,419.303,314.741,1397.21,2286.92,0,1,0,0.285612,0,0.714388,0,D,0.714388,3,3,0.16410995,0.00037160735,0.16359558,0.16446046,0.16359558,0.16446046,0.00086487635,Southern Europe,Europe,0.0079707168,0.00053325148,0.032976218,-0.023883756,0.9887,4.3850698,False,0.12805998,0.186,LL,ns,ns
Moldova,0.15544943,381.78055,1301.391,47.42,155.33505,186.17368,D,N,Europe,Upper-middle-income countries,3408741,2,0.1827854,-0.027335977,0.080045151,-0.94466364,0.003885526,MDA,0.18621212,0.18549997,1,3,28.82,47.42,0.27115097,66,34615.5,28.4068,47.2455,47.2455,45.625,48.375,0.733888,0,142.897,64.0116,54.2203,228.014,299.727,0,1,0,0.0622412,0,0.937759,0,D,0.937759,4,4,0.15544943,0.0011025579,0.15359692,0.15640347,0.15359692,0.15640347,0.0028065525,Eastern Europe,Europe,0.027335977,0.0062720068,0.11570155,0.030762697,0.1745,4.5392706,False,0.71136799,0.043,LL,LL,LL
Montenegro,0.16436669,152.71976,96.702,42.59,1227.2928,82.224037,D,N,Europe,Upper-middle-income countries,633199,0,0.16769435,-0.0033276611,0.11103072,-0.11658931,8.553157e-05,MNE,0.13578042,0.13578042,1,1,19.64,42.59,0.15343969,26,14760.6,19.2201,42.7196,42.7196,41.875,43.375,0.374168,0.116489,1045.34,490.275,196.679,1664.46,1966.47,0.132479,1,0,0,0.271347,0.728653,0,D,0.728653,2,2,0.16436669,0.0017972028,0.16256948,0.16616389,0.16256948,0.16616389,0.0035944056,Southern Europe,Europe,0.0033276611,9.2942745e-05,-0.010926995,-0.028586264,-0.1296,4.169104,False,0.0094232621,0.833,LL,ns,ns
Netherlands,0.18877546,628.62813,10665.975,52.239583,28.77057,84.123152,C,N,Europe,High-income countries,16967066,17.875,0.16083218,0.027943273,0.19196482,1.031029,0.012621014,NLD,0.19309163,0.19347831,1,24,5.5883333,52.239583,0.21414846,96,45284.1,5.4386,52.3709,52.3709,50.875,53.625,0.669787,0.154661,13.1077,21.2525,0.522023,29.1849,221.86,0.429398,0.969165,0,0,1,0,0,C,1,6,6,0.18877546,0.0017598739,0.1867627,0.19226619,0.1867627,0.19226619,0.0055034871,Western Europe,Europe,0.027943273,0.0065537798,0.025373,0.0043161685,-0.13131667,4.6559457,False,0.0041004988,0.99,HH,ns,ns
Norway,0.20191951,456.94418,2321.334,60.6725,536.05256,53.643775,D,N,Europe,High-income countries,5080126,0,0.21086293,-0.0089434168,0.072913231,-0.30693111,0.00037303632,NOR,0.19835827,0.19480299,0.93506494,4,7.8425,60.6725,0.3670706,1246,407855,12.4024,64.3658,64.3658,57.875,71.125,4.06958,0.130053,545.963,388.247,86.5871,1070.53,1995.15,0.208044,0.965716,0,0,0.0581461,0.765362,0.176492,D,0.765362,77,72,0.20191951,0.010998093,0.18548948,0.216531,0.17872878,0.21953592,0.040807142,Northern Europe,Europe,0.0089434168,0.00067134266,0.16515108,-0.0035612462,-3.6933,5.6105058,False,-0.16640054,0.133,LH,ns,ns
Poland,0.18403613,669.25477,25605.197,51.644737,230.46441,315.30139,D,N,Europe,High-income countries,38259267,6.6052632,0.20614939,-0.022113269,0.062857443,-0.75621201,0.0019241101,POL,0.20464384,0.20130792,1,38,18.749737,51.644737,0.22715723,670,317256,19.3659,52.1811,52.1811,49.125,54.875,1.39704,0.0297079,173.685,132.027,67.2632,287.25,1420.12,0.025539,0.994368,0,0,0,1,0,D,1,43,43,0.18403613,0.015081381,0.16323481,0.20437927,0.15730378,0.21387801,0.056574238,Eastern Europe,Europe,0.022113269,0.004104339,0.043121107,0.020607713,-0.53636316,5.5014098,False,0.049548033,0.834,LL,ns,ns
Portugal,0.18468179,216.77728,2267.119,40.07,173.78686,52.275578,C,N,Europe,High-income countries,10458287,2.5714286,0.16454236,0.020139432,0.073256537,0.69232007,0.0019019555,PRT,0.16511699,0.16676589,0.85714286,7,-8.4057143,40.07,0.13861249,211,126676,-11.2354,39.0949,39.0949,30.125,41.875,2.2804,0.319329,320.893,263.934,54.9234,736.748,1623.01,0.277514,0.911092,0,0,1,0,0,C,1,14,12,0.18468179,0.01168434,0.16032305,0.19330708,0.159152,0.19631461,0.037162607,Southern Europe,Europe,0.020139432,0.0034043306,-0.046069305,-0.019564807,0.9751,5.1026943,False,0.26344715,0.286,HH,ns,ns
Romania,0.16264914,400.27851,8030.753,46.0032,379.83351,338.71738,D,N,Europe,High-income countries,20062913,2.84,0.20306645,-0.040417311,0.052637949,-1.3817054,0.0052672075,ROU,0.16283293,0.15439149,1,25,25.334,46.0032,0.20102343,445,239514,25.016,45.8386,45.8386,43.875,48.125,1.12648,0.0160934,397.89,384.099,52.2816,985.787,2235.82,0.0137328,1,0,0.135041,0.00453287,0.860426,0,D,0.860426,26,26,0.16264914,0.0068812736,0.15418641,0.17241752,0.15358827,0.17809933,0.02451106,Eastern Europe,Europe,0.040417311,0.013711095,0.038374292,0.00018379251,0.1646,5.3793309,False,1.0333435,0.042,LL,LL,ns
Russia,0.26217328,721.52457,104335.41,53.749487,224.93065,773.36406,D,N,Europe,High-income countries,144604105,1.7820513,0.23758372,0.024589565,0.10637621,0.86168899,0.0044280789,RUS,0.25240893,0.25657199,0.99483037,156,56.647821,53.749487,0.29918302,49277,17535000,96.6212,66.3368,66.3368,41.375,81.875,7.24157,0.0433155,372.707,404.781,36.7118,872.007,4850.55,0.0502375,0.991655,0,0.0276557,0.00110956,0.85018,0.121054,D,0.85018,3095,3079,0.26217328,0.040825928,0.21262267,0.32012618,0.13869247,0.36334459,0.22465212,Eastern Europe,Europe,0.024589565,0.0050750345,0.037009738,-0.0097643473,-12.587313,7.2439058,False,0.42711243,0.155,HH,ns,HH
Serbia,0.17778289,336.06123,2445.243,43.663333,669.69142,266.36524,D,N,Europe,Upper-middle-income countries,7276183,2.5,0.1809918,-0.0032089116,0.078468197,-0.11042395,5.2307883e-05,SRB,0.15274132,0.1463433,1,6,20.886667,43.663333,0.18631091,143,79183.7,20.8198,44.2099,44.2099,42.375,46.125,0.951359,0,426.426,373.987,78.4841,1000.48,2135.08,0,1,0,0,0.166489,0.833511,0,D,0.833511,8,8,0.17778289,0.0046201556,0.17252076,0.18587908,0.17252076,0.18587908,0.013358321,Southern Europe,Europe,0.0032089116,8.6427674e-05,0.0085280211,-0.025041564,-0.54656667,4.8986358,False,0.039913899,0.319,LL,ns,ns
Slovakia,0.17135924,676.6596,3661.014,48.225,205.38939,481.39146,D,N,Europe,High-income countries,5410422,1.5,0.21561831,-0.044259069,0.056112455,-1.5180927,0.0067826893,SVK,0.18668097,0.18874378,1,2,19.9,48.225,0.23605249,98,49967.5,19.5528,48.7199,48.7199,47.875,49.375,0.414129,0,441.751,305.036,122.221,859.611,2181.17,0,1,0,0,0,1,0,D,1,5,5,0.17135924,0.0083300719,0.16216254,0.1850908,0.16216254,0.1850908,0.022928258,Eastern Europe,Europe,0.044259069,0.016441516,0.064693246,0.015321733,-0.4949,4.6986876,False,0.4966398,0.373,LL,ns,ns
Slovenia,0.21040928,371.0337,763.013,45.81,358.90411,80.669759,D,N,Europe,High-income countries,2056452,2,0.19030691,0.020102375,0.051017658,0.68286703,0.0012585707,SVN,0.22137239,0.22137239,1,1,15,45.81,0.28118701,42,22494.7,14.8053,46.1256,46.1256,45.625,46.625,0.327381,0,565.685,372.564,203.924,1063.23,1974.47,0.0238095,1,0,0,0.0958857,0.904114,0,D,0.904114,3,3,0.21040928,0.00099611905,0.20905008,0.21143289,0.20905008,0.21143289,0.0023828102,Southern Europe,Europe,0.020102375,0.0033918142,0.07077773,0.010963107,-0.3156,4.3520802,False,-0.21264634,0.401,HL,ns,ns
Spain,0.19118696,277.70769,13013.492,39.6712,31.531452,122.88312,C,N,Europe,High-income countries,46860394,3.32,0.16942598,0.021760975,0.07653994,0.74962878,0.0023366152,ESP,0.19328634,0.19659828,1,50,-3.7714,39.6712,0.27172754,984,583393,-4.1067,39.7228,39.7228,27.625,43.875,3.31692,0.159903,680.526,403.58,178.577,1183.21,2949.7,0.126468,0.970147,0,0.488555,0.509436,0.00200929,0,C,0.509436,60,60,0.19118696,0.010895887,0.18076591,0.20071976,0.17222625,0.25018185,0.077955597,Southern Europe,Europe,0.021760975,0.0039746054,0.080540583,0.0020993828,-0.0516,5.7659612,False,0.43828973,0.11,HH,ns,ns
Sweden,0.21924684,488.84707,4693.235,58.662,29.949632,75.430979,D,N,Europe,High-income countries,9600620,0.4,0.21052326,0.0087235785,0.061248597,0.29751407,0.00029077891,SWE,0.22054814,0.21785107,0.98888889,5,15.476,58.662,0.24220502,1404,500200,16.3917,62.0793,62.0793,55.375,68.875,3.616,0.0823395,310.659,258.818,42.5,695.561,1699.79,0.0937005,0.977077,0,0,0,0.967922,0.0320778,D,0.967922,90,89,0.21924684,0.01138083,0.20037342,0.23263701,0.1956072,0.23844589,0.042838691,Northern Europe,Europe,0.0087235785,0.00063874373,0.022958186,0.0013013007,-3.4173,5.6991437,False,0.17111644,0.105,HH,ns,ns
Switzerland,0.20255139,341.30912,2761.6,46.776,349.16029,318.65238,D,N,Europe,High-income countries,8091199,4,0.198879,0.0036723854,0.050948936,0.12452877,4.1940254e-05,CHE,0.19895271,0.20119009,1,5,7.282,46.776,0.27551351,75,39657.9,8.25247,46.8231,46.8231,46.125,47.625,0.410605,0,1332.35,772.377,466.955,2475.14,3578.45,0,1,0,0,0.013444,0.638617,0.347939,D,0.638617,5,5,0.20255139,0.0048119176,0.19613252,0.20817749,0.19613252,0.20817749,0.012044967,Western Europe,Europe,0.0036723854,0.00011319671,0.072962116,-0.0035986778,-0.0471,4.5983297,False,0.052550428,0.264,HH,ns,ns
Ukraine,0.17767866,628.72088,29000.857,48.82625,132.78771,290.40284,D,N,Europe,Upper-middle-income countries,46126760,0.79166667,0.19733006,-0.019651401,0.10466767,-0.687273,0.0027721052,UKR,0.20524725,0.20694945,1,24,31.780417,48.82625,0.25544524,1231,625516,31.6048,48.881,48.881,44.375,52.125,1.7515,0.0483172,178.981,151.753,56.5254,296.226,1826.14,0.0483798,0.993907,0,0.175264,0,0.824736,0,D,0.824736,76,76,0.17767866,0.021462585,0.15502672,0.21264679,0.15031781,0.2270733,0.07675549,Eastern Europe,Europe,0.019651401,0.0032413383,0.077766586,0.027568596,-0.05475,5.7962384,False,0.32722333,0.167,LL,ns,LL
United Kingdom,0.16309409,1181.6609,76086.419,52.804118,102.50409,72.043286,C,N,Europe,High-income countries,64389386,10.647059,0.17915853,-0.016064435,0.098508121,-0.55956076,0.0017197207,GBR,0.17350061,0.17759342,1,68,-1.6998529,52.804118,0.20206555,749,335829,-3.0965,54.3447,54.3447,49.875,60.875,2.58464,0.26651,157.895,151.415,15.9857,377.379,1114.06,0.272215,0.951163,0,0,1,0,0,C,1,47,47,0.16309409,0.016993727,0.13624139,0.18114507,0.13239537,0.18595203,0.053556658,Northern Europe,Europe,0.016064435,0.0021660487,0.03897146,0.010406517,-1.5405824,5.5261182,False,-0.093264794,0.634,LH,ns,ns
Bahamas,0.13991083,403.10378,152.759,24.92,1.6355916,23.166128,A,N,North America,High-income countries,378957,0,0.14565358,-0.0057427483,0.17199954,-0.20850546,0.00045486685,BHS,0.13350015,0.13350015,0.5,1,-78.03,24.92,0.073058602,192,135230,-76.5178,24.2381,24.2381,20.875,27.375,1.61622,0.807909,8.49962,16.9173,0.576383,19.394,150.688,0.868056,0.374801,0.872322,0.127678,0,0,0,A,0.872322,10,5,0.13991083,0.0041138819,0.13429365,0.14467759,0.13429365,0.14467759,0.010383942,Caribbean,Americas,0.0057427483,0.00027680688,-0.06685223,-0.0064106831,0.6819,5.131073,False,-0.013411621,0.848,LH,ns,ns
Canada,0.25219301,837.3681,29553.585,46.7736,361.98921,476.3701,D,N,North America,High-income countries,35293421,1.36,0.18858945,0.063603558,0.20599216,2.4099041,0.072667887,CAN,0.185815,0.16835423,0.99275362,25,-90.0796,46.7736,0.3236244,30684,10924700,-95.4232,60.9608,60.9608,41.875,83.125,8.61911,0.0729603,459.266,412.471,67.5996,1021.68,5337.7,0.105545,0.983385,0,0.0127131,0.0103978,0.701418,0.275472,D,0.701418,1932,1918,0.25219301,0.063409904,0.16793461,0.33631593,0.12968417,0.3771285,0.24744433,Northern America,Americas,0.063603558,0.033954718,0.071431392,-0.066378003,-14.1872,7.0384095,False,-0.49174928,0.518,HL,ns,ns
Costa Rica,0.10130466,42.331324,199.641,10.45,147.47578,77.368107,A,N,North America,High-income countries,4716153,0,0.12013107,-0.01882641,0.13182756,-0.66857511,0.0034080651,CRI,0.11823278,0.11823278,1,1,-84.27,10.45,0.097536226,91,69286,-84.2918,9.80268,9.80268,5.375,11.125,0.940798,0.275065,531.365,651.603,16.5686,1457.42,3474.52,0.266178,0.955799,1,0,0,0,0,A,1,7,7,0.10130466,0.0060761,0.091312469,0.10894067,0.091312469,0.10894067,0.017628196,Central America,Americas,0.01882641,0.0029748998,-0.003768436,0.016928113,0.64732,4.8406455,False,0.23011152,0.331,LL,ns,ns
Cuba,0.12305618,136.73161,1544.816,21.125,-601.66967,18.770467,A,N,North America,Upper-middle-income countries,11298163,1.5714286,0.1214939,0.0015622731,0.10420152,0.054525179,1.7423924e-05,CUB,0.12888448,0.12865774,0.9375,14,-78.335,21.125,0.08653634,274,196766,-79.4079,21.6734,21.6734,19.875,23.375,0.941343,0.376022,93.491,142.765,2.76009,230.04,1343.72,0.422547,0.872159,1,0,0,0,0,A,1,16,15,0.12305618,0.0080919241,0.11045617,0.12953088,0.10190379,0.13095432,0.029050539,Caribbean,Americas,0.0015622731,2.048572e-05,-0.036519837,0.0058283001,-0.5484,5.2939501,False,0.0082955184,0.686,HH,ns,ns
Dominican Republic,0.1547842,56.098498,571.859,19.016667,-1174.137,22.830821,A,N,North America,Upper-middle-income countries,10193838,2.8888889,0.11130983,0.043474369,0.12357608,1.5480429,0.016716724,DOM,0.1396954,0.13849883,1,9,-69.704444,19.016667,0.11197382,95,69473.9,-70.3509,18.8465,18.8465,17.375,19.875,0.587033,0.336956,395.927,481.571,22.2594,1094.13,2567.88,0.293567,0.968319,0.95649,0,0.0435098,0,0,A,0.95649,7,7,0.1547842,0.003656091,0.15128145,0.16151843,0.15128145,0.16151843,0.01023698,Caribbean,Americas,0.043474369,0.015863678,-0.042810382,-0.015088805,0.17016667,4.8418217,False,0.25683359,0.636,HH,ns,ns
El Salvador,0.069480909,30.387149,186.542,13.66,53.999771,9.4722734,A,N,North America,Upper-middle-income countries,6138845,3.3333333,0.098693743,-0.029212834,0.10501527,-1.0241206,0.0061510208,SLV,0.10706163,0.10704923,1,6,-89.725,13.66,0.13629414,37,27785.9,-88.8676,13.6389,13.6389,13.125,14.375,0.323306,0.270656,429.654,325.509,33.5379,843.485,1692.58,0.249249,0.972943,1,0,0,0,0,A,1,2,2,0.069480909,0.0027294964,0.066751412,0.072210405,0.066751412,0.072210405,0.0054589928,Central America,Americas,0.029212834,0.0071628309,0.066813236,0.037580722,0.0211,4.4438245,False,0.5946703,0.09,LL,ns,ns
Guatemala,0.050813616,20.803142,320.105,15.27,1338.1726,150.45784,C,N,North America,Upper-middle-income countries,15387339,8,0.072899759,-0.022086143,0.21792403,-0.82713333,0.0095548883,GTM,0.095907554,0.095907554,1,9,-90.83,15.27,0.22915466,150,111633,-90.3911,15.5845,15.5845,13.875,17.625,1.05586,0.0537341,745.251,796.857,51.6109,2012.27,3461.38,0.0555556,0.993294,0.784828,0,0.215172,0,0,A,0.784828,11,11,0.050813616,0.0089519149,0.041283792,0.062624735,0.037426015,0.066728538,0.029302523,Central America,Americas,0.022086143,0.0040942755,0.17834104,0.045093938,-0.3145,5.0477926,True,0.4745323,0.085,LL,ns,ns
Haiti,0.14216341,5.4176309,55.381,18.802,-314.93158,6.66986,A,N,North America,Lower-middle-income countries,10222365,2.4,0.099866631,0.042296782,0.14019633,1.5201059,0.018652253,HTI,0.13515715,0.13409746,1,5,-72.476,18.802,0.096934003,73,53345,-72.9509,18.97,18.97,18.125,20.125,0.622563,0.42454,404.99,379.909,28.7036,872.481,2310.72,0.494673,0.904489,1,0,0,0,0,A,1,5,5,0.14216341,0.0045624779,0.13533386,0.14791657,0.13533386,0.14791657,0.012582711,Caribbean,Americas,0.042296782,0.01501592,-0.045229409,-0.0070062613,-0.168,4.7270937,False,0.25776762,0.616,HH,ns,ns
Honduras,0.08078933,21.46654,190.822,14.948,510.82997,65.808767,A,N,North America,Lower-middle-income countries,8889276,2.4,0.10692921,-0.026139883,0.12113254,-0.92406801,0.0058911481,HND,0.1144618,0.11553686,1,5,-87.34,14.948,0.15993054,182,135830,-86.4127,15.019,15.019,13.125,17.375,0.743416,0.169594,620.7,476.715,21.1743,1261.97,2240.1,0.168498,0.901599,1,0,0,0,0,A,1,9,9,0.08078933,0.0067269137,0.069176592,0.093101314,0.069176592,0.093101314,0.023924722,Central America,Americas,0.026139883,0.0057351473,0.079141213,0.033672468,-0.071,5.1329957,False,0.31411618,0.328,LL,ns,ns
Jamaica,0.12861876,142.83133,397.598,18.48,-1527.6362,33.332089,A,N,North America,Upper-middle-income countries,2783689,0.66666667,0.11992746,0.0086913047,0.15550172,0.31252806,0.00090549534,JAM,0.13114903,0.13199623,1,3,-76.623333,18.48,0.11789691,34,24978.5,-77.1758,18.0669,18.0669,17.125,18.625,0.321385,0.705978,312.772,288.267,14.9138,699.163,1434.26,0.542484,0.823427,1,0,0,0,0,A,1,1,1,0.12861876,0,0.12861876,0.12861876,0.12861876,0.12861876,0,Caribbean,Americas,0.0086913047,0.00063402629,-0.010721852,0.0025302667,0.4131,4.3975664,False,0.036333865,0.724,HH,ns,ns
Mexico,0.040657196,143.00451,16923.664,22.145567,1081.4255,183.93763,C,N,North America,Upper-middle-income countries,118343572,5.2989691,0.10211435,-0.061457157,0.16370294,-2.2632057,0.048602529,MEX,0.085815319,0.078987108,1,97,-100.86959,22.145567,0.18486209,3070,2162270,-102.346,23.883,23.883,14.625,32.625,4.55337,0.103795,1043.43,821.195,28.4461,2171.11,4365.39,0.0979732,0.976471,0.293958,0.535766,0.170276,0,0,B,0.535766,194,194,0.040657196,0.029114511,-0.0011284974,0.068314444,-0.015180798,0.13805218,0.15323298,Central America,Americas,0.061457157,0.031701678,0.14420489,0.045158123,-1.737433,6.3349099,True,0.97950891,0.192,LL,ns,ns
Nicaragua,0.092286096,23.45546,140.354,12.05,110.78345,64.276217,A,N,North America,Lower-middle-income countries,5983852,1,0.10651704,-0.014230945,0.11864532,-0.50120791,0.001700573,NIC,0.12144011,0.12124263,1,4,-86.3,12.05,0.11305861,202,152149,-84.8875,12.8773,12.8773,10.875,14.875,1.00982,0.148559,218.666,267.693,13.3317,618.894,1423.02,0.144114,0.930796,1,0,0,0,0,A,1,13,13,0.092286096,0.0069150918,0.083861029,0.10169509,0.080224702,0.10504104,0.024816334,Central America,Americas,0.014230945,0.0016998272,0.020772512,0.029154011,-0.8273,5.1822691,False,0.18430271,0.299,LL,ns,ns
Panama,0.12161241,63.676286,243.583,8.84,136.88181,37.387719,A,N,North America,High-income countries,3825333,1,0.1176181,0.0039943109,0.12325578,0.14092204,0.00014064484,PAN,0.12197302,0.12197302,1,2,-80.27,8.84,0.099332678,168,128413,-80.1759,8.43654,8.43654,7.125,9.625,0.655963,0.345256,314.985,431.758,14.5351,825.85,3021.98,0.400132,0.863017,1,0,0,0,0,A,1,9,9,0.12161241,0.0054877682,0.1128721,0.12898891,0.1128721,0.12898891,0.016116811,Central America,Americas,0.0039943109,0.00013391247,-0.022279734,0.00036061039,0.40346,5.108609,False,-0.048824718,0.346,HL,ns,ns
United States,0.16950012,1181.9058,378340.76,36.592218,360.40953,362.91068,C,N,North America,High-income countries,320110752,5.3696498,0.1554266,0.014073523,0.19005448,0.51708436,0.0031546468,USA,0.14242282,0.13348551,0.99161074,257,-98.177549,36.592218,0.20674111,19028,10004600,-104.592,45.2645,45.2645,18.875,71.375,10.6712,0.0486158,721.729,704.952,52.9758,1754.72,5251.02,0.0640927,0.987363,0.00606469,0.281811,0.235829,0.433753,0.0425432,D,0.433753,1192,1182,0.16950012,0.045475012,0.12408859,0.2378833,0.058382474,0.29361745,0.23523497,Northern America,Americas,0.014073523,0.0016624284,0.037240991,-0.027077302,-8.6722821,7.0001997,True,-0.15781477,0.366,HL,ns,ns
Australia,0.16302097,673.58256,15651.547,32.148571,-465.43547,51.902087,C,S,Oceania,High-income countries,23236271,0.42857143,0.14711958,0.015901397,0.35936918,0.65734332,0.012172347,AUS,0.16316887,0.13608036,0.98917456,14,145.88857,-32.148571,0.024529056,11951,8270060,134.398,-25.6602,25.6602,-55.125,-9.375,6.52565,0.0619581,274.104,190.904,55.5006,515.28,2035.61,0.0687809,0.974575,0.1049,0.775577,0.119412,0,0.000110673,B,0.775577,739,731,0.16302097,0.018772029,0.1338452,0.1837,0.11672812,0.19618284,0.079454723,Australia and New Zealand,Oceania,0.015901397,0.0021223053,-0.13849192,0.00014790064,6.4883714,6.9175087,True,0.010167303,0.958,HH,ns,ns
New Zealand,0.10027094,366.92579,1634.235,39.562222,-5.2830279,27.115184,C,S,Oceania,High-income countries,4453857,0.88888889,0.1466763,-0.046405361,0.35863694,-1.941619,0.10321957,NZL,0.085749996,0.088300065,0.97560976,9,174.23222,-39.562222,0.097926106,691,398478,173.258,-41.4414,41.4414,-52.625,-29.125,3.70735,0.292177,479.089,433.448,44.4159,1131.82,2335.69,0.313555,0.896356,0,0,0.984274,0,0.0157262,C,0.984274,41,40,0.10027094,0.0099233481,0.090126187,0.11664154,0.087612687,0.12311953,0.035506841,Australia and New Zealand,Oceania,0.046405361,0.018074805,-0.0023448334,-0.014520943,-1.8791778,5.6004043,False,-0.70633565,0.202,LH,ns,ns
Papua New Guinea,0.13861754,15.367411,127.591,8.84,39.91185,22.92057,A,S,Oceania,Lower-middle-income countries,8302700,0,0.10811357,0.030503964,0.39463716,1.3034922,0.05508808,PNG,0.094701779,0.094701779,0.89830508,1,146.76,-8.84,0.14820674,946,725880,146.729,-6.37706,6.37706,-11.625,-0.875,2.40929,0.349891,581.415,776.721,10.3915,1821.93,3865.66,0.346253,0.83398,0.939107,0,0.0608927,0,0,A,0.939107,59,53,0.13861754,0.0050812727,0.13240616,0.14767928,0.1316533,0.14966378,0.018010486,Melanesia,Oceania,0.030503964,0.0078099792,0.0095892032,-0.043915757,2.46294,5.8608648,False,0.053092776,0.887,HH,ns,ns
Argentina,0.10866574,167.74872,7143.152,32.450625,467.42525,395.01144,B,S,South America,Upper-middle-income countries,42582453,0.4375,0.16029219,-0.051626452,0.16714918,-1.8942682,0.035309615,ARG,0.13469716,0.16935395,1,32,-63.242188,-32.450625,0.085220168,4590,2855280,-64.7249,-34.944,34.944,-55.125,-21.875,7.53802,0.0285403,710.923,1058.08,55.64,1757.4,6199.41,0.0284677,0.99499,0.000737807,0.559662,0.403084,0.00999524,0.0265209,B,0.559662,284,284,0.10866574,0.010616947,0.092247999,0.12161492,0.082821711,0.13751211,0.054690395,South America,Americas,0.051626452,0.022370818,-0.023445574,0.026031421,-2.493375,6.4556487,False,-0.37878105,0.557,LH,ns,ns
Bolivia,0.10781469,37.063501,395.935,18.748333,3352.8977,383.94311,C,S,South America,Lower-middle-income countries,10682612,0,0.10865115,-0.00083645796,0.30536586,-0.033151885,2.4343056e-05,BOL,0.090042375,0.09875037,1,6,-66.766667,-18.748333,0.2474796,1471,1087310,-64.6756,-16.6784,16.6784,-22.875,-9.875,2.96963,0,1276.57,1542.62,146.984,3886.29,5469.16,0,1,0.619194,0.23863,0.112207,0,0.0299686,A,0.619194,93,93,0.10781469,0.018756383,0.081302379,0.13057145,0.072487473,0.14892979,0.076442314,South America,Americas,0.00083645796,5.8725341e-06,0.13966491,-0.017772318,2.0699333,6.0363534,True,0.0027032564,0.801,LL,ns,ns
Brazil,0.16469596,64.390221,12780.061,19.289318,417.88982,227.3742,C,S,South America,Upper-middle-income countries,198478290,9.6727273,0.090533029,0.074162926,0.1747986,2.7755449,0.077619412,BRA,0.1534803,0.15862589,0.99860918,220,-45.923955,-19.260136,0.15759929,11559,8686060,-53.028,-10.6601,10.6601,-33.625,5.125,8.00895,0.0196861,314.749,263.401,46.9739,727.646,2173.98,0.0181677,0.99637,0.85164,0.0497251,0.098635,0,0,A,0.85164,719,718,0.16469596,0.026354458,0.1305869,0.20222535,0.10753365,0.2147478,0.10721416,South America,Americas,0.074162926,0.046164807,-0.0070966687,-0.011215652,8.6292182,6.9388228,True,-1.1609594,0.202,HL,ns,ns
Chile,0.099307152,136.52927,2414.794,33.42125,357.41251,76.853819,C,S,South America,High-income countries,17687006,0.79166667,0.13112446,-0.031817309,0.17558923,-1.1635409,0.014378582,CHL,0.10946471,0.10644187,0.98,24,-71.545,-33.42125,0.11852557,1615,942118,-71.4383,-37.8719,37.8719,-55.875,-17.625,11.3611,0.128714,1260.14,1332.6,66.1897,3360.45,5955.01,0.196147,0.96881,0,0.370259,0.301951,0.00993715,0.317853,B,0.370259,100,98,0.099307152,0.011927372,0.082099446,0.11429727,0.078639886,0.11848822,0.039848333,South America,Americas,0.031817309,0.0084969723,0.019218413,0.010157562,-4.45065,5.9741053,True,-0.053337189,0.891,LH,ns,ns
Colombia,0.13225011,60.367073,2786.036,6.2038462,933.2442,174.04108,A,N,South America,Upper-middle-income countries,46151583,3.3333333,0.13198009,0.000270026,0.16715252,0.0097737974,9.6598805e-07,COL,0.11995626,0.12114486,1,39,-74.984359,6.2038462,0.13316961,1556,1197150,-73.2432,4.10592,4.10592,-3.875,15.875,3.44673,0.0439527,549.677,821.011,68.2235,1861.56,4705.59,0.0461297,0.986014,0.883482,0.0134489,0.0835087,0,0.0195605,A,0.883482,95,95,0.13225011,0.004473382,0.12667371,0.13944981,0.12587879,0.14150669,0.015627893,South America,Americas,0.000270026,6.1199584e-07,0.00091949134,-0.012293852,2.0979262,6.0781486,False,0.0040563926,0.237,HH,ns,ns
Ecuador,0.12529388,59.829323,945.73,1.7907692,638.5215,111.72414,A,S,South America,Upper-middle-income countries,15807132,1.1538462,0.10091569,0.02437819,0.12740754,0.86453172,0.0054670587,ECU,0.13157495,0.13222701,0.95833333,13,-79.305385,-1.6676923,0.13214945,403,311259,-80.1906,-1.30463,1.30463,-4.875,1.375,1.35355,0.146452,1043.92,1193.95,55.4552,3106.83,4933.73,0.179763,0.925531,0.681032,0.112577,0.125946,0,0.0804439,A,0.681032,24,23,0.12529388,0.0066264631,0.11483191,0.13238908,0.10882953,0.13407857,0.025249041,South America,Americas,0.02437819,0.0049881581,0.0068555782,0.0062810783,0.48613923,5.4931219,False,-0.3634857,0.249,HL,ns,ns
Paraguay,0.12268223,21.125971,126.385,24.92,78.580653,866.63971,A,S,South America,Upper-middle-income countries,5982447,2.6,0.14608341,-0.023401186,0.22348175,-0.87981532,0.011158173,PRY,0.12475069,0.12444725,1,5,-57.104,-24.92,0.17970423,564,400211,-58.43,-23.22,23.22,-27.375,-19.375,2.09385,0,160.748,82.3171,75.7999,275.585,693.153,0,1,0.418443,0.317509,0.264048,0,0,A,0.418443,36,36,0.12268223,0.0061858127,0.1140244,0.13005169,0.10915404,0.13383589,0.02468185,South America,Americas,0.023401186,0.0045963496,0.057022001,0.0020684655,1.7,5.602289,False,-0.067052902,0.796,LH,ns,ns
Peru,0.10234702,51.406222,1532.826,10.519545,1406.2518,143.22329,B,S,South America,Upper-middle-income countries,29817908,0.5,0.1173615,-0.015014487,0.17803813,-0.54767818,0.003265948,PER,0.10028642,0.091771847,1,22,-76.137273,-10.519545,0.17965931,1766,1342930,-74.4933,-9.19739,9.19739,-18.375,-0.125,4.4465,0.0450442,1472.82,1630.07,112.895,4248.89,5455.32,0.0429722,0.996634,0.550831,0.169177,0.0757619,0,0.20423,A,0.550831,110,110,0.10234702,0.014777868,0.083122897,0.12402074,0.072777473,0.1283152,0.055537727,South America,Americas,0.015014487,0.0018921619,0.077312294,-0.0020605973,1.3221555,6.1280534,True,0.09798757,0.582,LL,ns,ns
Suriname,0.14991778,173.14911,98.526,5.63,5.5434775,38.772545,A,N,South America,Upper-middle-income countries,569024,0,0.13372648,0.016191304,0.20505059,0.60069539,0.0046765361,SUR,0.13410947,0.13410947,1,1,-54.89,5.63,0.16084347,198,152569,-55.8966,4.20746,4.20746,1.875,6.125,1.07624,0.0654906,140.397,116.845,6.99632,277.957,866.907,0.0319865,0.979855,1,0,0,0,0,A,1,13,13,0.14991778,0.0030357322,0.14664512,0.15430583,0.14640229,0.15668133,0.010279042,South America,Americas,0.016191304,0.0022003966,0.010925685,-0.015808315,1.42254,5.1834663,False,0.51895402,0.007,HH,HH,ns
Uruguay,0.13406044,119.65319,400.28,32.955,36.999885,152.09575,C,S,South America,High-income countries,3345335,0.5,0.13141161,0.0026488237,0.19815792,0.097715828,0.00011888265,URY,0.15174483,0.15322614,1,2,-57.43,-32.955,0.053777664,292,189421,-56.0037,-32.89,32.89,-34.875,-30.125,1.18716,0.0704778,107.278,65.9798,23.0939,196.599,393.105,0.0692542,0.989939,0,0,1,0,0,C,1,17,17,0.13406044,0.0060831847,0.12618093,0.142946,0.12209107,0.1443275,0.022236426,South America,Americas,0.0026488237,5.8890254e-05,-0.080282773,0.017684391,0.065,5.2774281,False,-0.003341795,0.927,HL,ns,ns
Venezuela,0.14209795,217.83099,6515.803,10.08725,218.30508,57.229854,A,N,South America,Upper-middle-income countries,29912195,5.075,0.13705333,0.0050446227,0.17005166,0.18293608,0.00034539395,VEN,0.1121759,0.10856148,1,40,-67.28,10.08725,0.16312014,1273,974644,-66.1676,7.3559,7.3559,0.875,15.625,2.58366,0.064642,336.543,449.435,35.0795,880.641,4391,0.0552501,0.984448,0.947747,0.0395167,0.00955205,0,0.0031841,A,0.947747,82,82,0.14209795,0.0034921647,0.13794945,0.14675325,0.13560865,0.15218964,0.016580986,South America,Americas,0.0050446227,0.00021359677,0.021022189,-0.02992205,2.73135,5.988846,False,0.078044592,0.2,HH,ns,ns
