Country,iso3,m49_subregion,observed,cv_prediction,cv_error,n_train,nearest_train_lower_km,unseen_levels
Algeria,DZA,Northern Africa,0.24027005915767902,0.19838894526857964,0.041881113889099375,140,502.80410892048315,0
Angola,AGO,Middle Africa,0.2003000150757142,0.15411387596756523,0.04618613910814898,143,617.5524176445745,0
Benin,BEN,Western Africa,0.20270211677173233,0.1874279699294984,0.015274146842233938,143,645.265464870903,0
Botswana,BWA,Southern Africa,0.15541865895509172,0.23711897360096007,-0.08170031464586835,142,617.3401076622447,0
Burkina Faso,BFA,Western Africa,0.2158731392585228,0.21407006548681562,0.0018030737717071865,140,544.1912089132867,0
Burundi,BDI,Eastern Africa,0.20888549627683978,0.1758845948360877,0.03300090144075207,144,652.8579050829767,0
Cameroon,CMR,Middle Africa,0.16636200134979467,0.20659232281289566,-0.04023032146310099,142,645.265464870903,0
Central African Republic,CAF,Middle Africa,0.18403786064638777,0.24289375188986126,-0.058855891243473485,141,668.5532199135129,0
Chad,TCD,Middle Africa,0.2035091414222523,0.24238281615050744,-0.03887367472825515,140,628.5950455799541,0
Congo,COG,Middle Africa,0.1704220858831212,0.17725436022095678,-0.006832274337835592,143,505.2073478639452,0
Congo (Democratic Republic Of The),COD,Middle Africa,0.19859794898946587,0.200419381482423,-0.0018214324929571313,133,610.5128671535235,0
Côte D'Ivoire,CIV,Western Africa,0.20772847580142792,0.18062480561479038,0.027103670186637535,141,513.4956418289805,0
Djibouti,DJI,Eastern Africa,0.20035987264449803,0.19503260138462084,0.005327271259877198,145,597.3982225286695,0
Egypt,EGY,Northern Africa,0.15478518959618381,0.24730058934584553,-0.09251539974966172,137,796.7350520612513,0
Equatorial Guinea,GNQ,Middle Africa,0.16354706521210607,0.19940923167242758,-0.035862166460321504,145,617.5524176445745,0
Eritrea,ERI,Eastern Africa,0.20315322405399622,0.21023218141900368,-0.0070789573650074655,143,914.0853458171574,0
Ethiopia,ETH,Eastern Africa,0.2076992707889047,0.20920127263702087,-0.0015020018481161634,141,633.7952924267872,0
Gabon,GAB,Middle Africa,0.16553931693258667,0.2023364760792,-0.03679715914661333,143,628.5950455799541,0
Ghana,GHA,Western Africa,0.1992545668996173,0.18066342604343913,0.018591140856178162,142,518.8803734064857,0
Guinea,GIN,Western Africa,0.22751348300753205,0.18102034907210549,0.04649313393542656,142,518.8803734064857,0
Guinea Bissau,GNB,Western Africa,0.23319971534367673,0.18892357167208704,0.04427614367158969,145,524.8811678267961,0
Kenya,KEN,Eastern Africa,0.21062387448612835,0.15445159844336037,0.05617227604276798,142,610.9220933565367,0
Lesotho,LSO,Southern Africa,0.16129029981211962,0.1844706132959012,-0.02318031348378158,146,679.8830982691288,0
Liberia,LBR,Western Africa,0.2160061033815747,0.1955992498718463,0.0204068535097284,143,524.8811678267961,0
Libya,LBY,Northern Africa,0.19059948923507644,0.250520582046177,-0.05992109281110056,142,509.873869437773,0
Madagascar,MDG,Eastern Africa,0.1813544794012833,0.18428197145889083,-0.0029274920576075336,149,714.622347526621,0
Malawi,MWI,Eastern Africa,0.18854099012577252,0.1887499716998876,-0.00020898157411508578,145,652.8579050829767,0
Mali,MLI,Western Africa,0.24782669503123966,0.2083060717968229,0.03952062323441677,135,784.4064914150321,0
Mauritania,MRT,Western Africa,0.2597916027159455,0.1902663729637712,0.06952522975217429,142,513.4643800186929,0
Morocco,MAR,Northern Africa,0.2418455862979349,0.1876873710263967,0.05415821527153819,145,809.6690483424891,0
Mozambique,MOZ,Eastern Africa,0.172823801894673,0.19953410778293595,-0.026710305888262953,140,587.3811357085859,0
Namibia,NAM,Southern Africa,0.17785319196923344,0.20449328123176502,-0.026640089262531585,145,587.3811357085859,0
Niger,NER,Western Africa,0.2385606960588716,0.23761367165536373,0.0009470244035078568,140,562.5858813422933,0
Nigeria,NGA,Western Africa,0.2030109401107239,0.20066537224654402,0.002345567864179887,139,505.2073478639452,0
Rwanda,RWA,Eastern Africa,0.20845952779692498,0.18465781439007306,0.023801713406851915,145,596.1094098552721,0
Senegal,SEN,Western Africa,0.24097868636270878,0.18728015982925933,0.05369852653344945,143,661.0012016224565,0
Sierra Leone,SLE,Western Africa,0.22372060994282955,0.18907899366962405,0.0346416162732055,144,513.4643800186929,0
Somalia,SOM,Eastern Africa,0.19588332023430152,0.19143515494218646,0.004448165292115058,143,518.7600014609704,0
South Africa,ZAF,Southern Africa,0.16028496312204338,0.20315723921143672,-0.04287227608939334,144,509.0405920948506,0
Sudan,SDN,Northern Africa,0.20487305719629992,0.2583186049306351,-0.05344554773433516,140,596.1389060766417,0
Swaziland,SWZ,Southern Africa,0.15934183499515397,0.2081157677474388,-0.04877393275228484,145,959.717008007507,0
Tanzania,TZA,Eastern Africa,0.20953051997740807,0.15454788374160439,0.054982636235803684,141,589.8828410805131,0
Togo,TGO,Western Africa,0.1941324419699687,0.20490523972116081,-0.01077279775119211,143,747.8828031769658,0
Tunisia,TUN,Northern Africa,0.23748975158588337,0.23743392134773636,5.5830238147008826e-05,145,648.7548166347074,0
Uganda,UGA,Eastern Africa,0.21147594840550732,0.21985657153647212,-0.008380623130964798,143,596.1389060766417,0
Zambia,ZMB,Eastern Africa,0.17691283567770744,0.18066339430408196,-0.0037505586263745228,141,509.0405920948506,0
Zimbabwe,ZWE,Eastern Africa,0.1535502891079796,0.1878164088912314,-0.03426611978325181,141,589.8828410805131,0
Afghanistan,AFG,Southern Asia,0.24733117695547363,0.18972498810374144,0.05760618885173219,142,530.0748621948782,0
Armenia,ARM,Western Asia,0.18833773750931812,0.1703595539642609,0.01797818354505723,143,502.3155465637135,0
Azerbaijan,AZE,Western Asia,0.19504824967387935,0.17325328111921431,0.021794968554665034,140,796.0593166359175,0
Bangladesh,BGD,Southern Asia,0.11108862004719486,0.16143666455239153,-0.05034804450519667,146,583.964746833446,0
Burma,MMR,South-eastern Asia,0.10898678984933867,0.176880552947151,-0.06789376309781232,141,592.4577340928826,0
Cambodia,KHM,South-eastern Asia,0.12397652977439673,0.15662636202022728,-0.032649832245830554,144,676.9381053939196,0
China,CHN,Eastern Asia,0.18801127254816274,0.1854172887700354,0.0025939837781273345,131,621.7810260710111,0
Georgia,GEO,Western Asia,0.17014653222140888,0.1695736270716563,0.0005729051497525839,140,767.6489375125233,0
India,IND,Southern Asia,0.12279874845556998,0.18257283634313554,-0.05977408788756555,140,579.308884690665,0
Indonesia,IDN,South-eastern Asia,0.1365994643114788,0.08472933213652054,0.051870132174958256,142,676.9381053939196,0
Iran,IRN,Southern Asia,0.25326598928356275,0.1573136754547918,0.09595231382877095,134,568.6539133064839,0
Iraq,IRQ,Western Asia,0.1763349119758569,0.16675258660663198,0.009582325369224931,136,595.6035032545958,0
Israel,ISR,Western Asia,0.1289730259690734,0.2004541377040231,-0.0714811117349497,142,676.993228000802,0
Japan,JPN,Eastern Asia,0.13484212055215955,0.12920758816507943,0.005634532387080116,145,1419.3714758707915,0
Jordan,JOR,Western Asia,0.1241622692023015,0.149739692855902,-0.025577423653600495,142,597.7999418076139,0
Kazakhstan,KAZ,Central Asia,0.2607179280248597,0.18355180880198452,0.0771661192228752,139,505.97001980195694,0
Laos,LAO,South-eastern Asia,0.11990552917453423,0.1669581438616473,-0.04705261468711308,145,704.866764093186,0
Lebanon,LBN,Western Asia,0.13240721718298015,0.162034273742765,-0.029627056559784842,142,667.260839566188,0
Malaysia,MYS,South-eastern Asia,0.14354714353630665,0.13984964940859992,0.0036974941277067297,144,598.4793279343521,0
Mongolia,MNG,Eastern Asia,0.273292065382825,0.23284593035888834,0.04044613502393668,147,1014.6317233049575,0
Nepal,NPL,Southern Asia,0.12394103933918027,0.15222704563909906,-0.028286006299918787,147,541.6957236344748,0
Oman,OMN,Western Asia,0.2034660332775613,0.14771171772118763,0.05575431555637367,144,518.7600014609704,0
Pakistan,PAK,Southern Asia,0.1799496198587603,0.1777117740461188,0.002237845812641498,141,510.6416259410729,0
Philippines,PHL,South-eastern Asia,0.16029540562197608,0.1204642783746543,0.03983112724732178,145,833.6550541710932,0
Qatar,QAT,Western Asia,0.2314787860422459,0.17311790332993837,0.05836088271230752,145,596.9267432386954,0
Saudi Arabia,SAU,Western Asia,0.1912885606557455,0.18214799729168024,0.009140563364065268,132,666.2405990245873,0
South Korea,KOR,Eastern Asia,0.14512934007189218,0.19991184837320175,-0.05478250830130957,147,877.0301146579199,0
Sri Lanka,LKA,Southern Asia,0.13450142935863102,0.1386036150221088,-0.004102185663477781,149,1398.3985671009978,0
Syria,SYR,Western Asia,0.14323534954112288,0.21430482271173365,-0.07106947317061077,138,584.2435976894245,0
Taiwan,TWN,Eastern Asia,0.13706412122195852,0.14514480116050624,-0.008080679938547719,147,845.9041034836367,0
Tajikistan,TJK,Central Asia,0.233975502099763,0.2037628237335043,0.03021267836625871,143,568.6539133064839,0
Thailand,THA,South-eastern Asia,0.11983102194091183,0.16213029411082344,-0.04229927216991161,142,583.964746833446,0
Turkey,TUR,Western Asia,0.1419623303023036,0.15622326028830275,-0.014260929985999149,129,506.9514190084059,0
Turkmenistan,TKM,Central Asia,0.2752870410187589,0.18726636851801248,0.08802067250074641,141,502.3155465637135,0
United Arab Emirates,ARE,Western Asia,0.2248308233871666,0.16362451433462596,0.061206309052540625,144,595.6035032545958,0
Uzbekistan,UZB,Central Asia,0.27739224194989204,0.20934363279781762,0.06804860915207442,142,519.6002071985519,0
Vietnam,VNM,South-eastern Asia,0.122632583177362,0.15883917590787833,-0.036206592730516324,143,743.2317243953779,0
Yemen,YEM,Western Asia,0.20150002766065422,0.15282299136987088,0.04867703629078335,142,596.9267432386954,0
Albania,ALB,Southern Europe,0.15748303087977816,0.1428072855973103,0.014675745282467872,138,532.1940953141744,0
Austria,AUT,Western Europe,0.21029967713303166,0.21833416369282216,-0.008034486559790499,133,532.1940953141744,0
Belarus,BLR,Eastern Europe,0.21395039394228654,0.21267798118871856,0.0012724127535679863,137,523.4292153680008,0
Belgium,BEL,Western Europe,0.1951636806716645,0.17209711009210377,0.02306657057956074,141,575.2113851156029,0
Bosnia And Herzegovina,BIH,Southern Europe,0.18440933101350881,0.18743815381748768,-0.00302882280397887,132,516.557346163752,0
Bulgaria,BGR,Eastern Europe,0.16411393376308978,0.21041847531214233,-0.04630454154905256,136,516.1513126517902,0
Croatia,HRV,Southern Europe,0.18952185187085302,0.20488854185422975,-0.01536668998337673,131,616.9791693143779,0
Cyprus,CYP,Western Asia,0.14075176149640625,0.16016635696938442,-0.019414595472978163,141,701.1073430807862,0
Czech Republic,CZE,Eastern Europe,0.19293606527047014,0.22136393373805863,-0.02842786846758849,130,554.6138800350556,0
Denmark,DNK,Northern Europe,0.1919403849228464,0.18091772743482848,0.011022657488017923,138,523.4292153680008,0
Estonia,EST,Northern Europe,0.25938076329685683,0.20236097974960515,0.05701978354725168,142,525.0751955757905,0
Finland,FIN,Northern Europe,0.2349856997144576,0.1979902137370014,0.036995485977456194,143,541.07029162924,0
France,FRA,Western Europe,0.1916777527720347,0.1751464266410786,0.016531326130956092,135,516.557346163752,0
Germany,DEU,Western Europe,0.19552600658812053,0.17670902700035399,0.01881697958776654,129,540.6326509284623,0
Greece,GRC,Southern Europe,0.14163851313814882,0.17131841978784826,-0.02967990664969944,135,544.4786407610321,0
Hungary,HUN,Eastern Europe,0.18683465599109378,0.23637762470465268,-0.0495429687135589,131,544.4786407610321,0
Iceland,ISL,Northern Europe,0.12736783367802937,0.21362715988201708,-0.08625932620398771,150,683.9995161569707,1
Ireland,IRL,Northern Europe,0.1678618971108085,0.18834391911475568,-0.020482022003947165,148,575.2113851156029,0
Italy,ITA,Southern Europe,0.1823289325414157,0.16715661544458824,0.015172317096827453,127,500.6829492326859,0
Latvia,LVA,Northern Europe,0.2466163184774826,0.19581490543103805,0.05080141304644456,140,561.438700953788,0
Lithuania,LTU,Northern Europe,0.22162226701877433,0.19585592058019052,0.025766346438583804,140,506.53074534544373,0
Macedonia,MKD,Southern Europe,0.16410994630244113,0.17575141532748256,-0.011641469025041429,139,550.1872309204372,0
Moldova,MDA,Eastern Europe,0.15544942684686172,0.19639061955912626,-0.04094119271226454,139,568.1431789453329,0
Montenegro,MNE,Southern Europe,0.1643666862725019,0.1726529355216761,-0.008286249249174205,137,506.9514190084059,0
Netherlands,NLD,Western Europe,0.18877545734026732,0.1513475866824214,0.03742787065784592,138,606.5995382433201,0
Norway,NOR,Northern Europe,0.20191951273050374,0.20726471017258855,-0.005345197442084809,143,525.0751955757905,0
Poland,POL,Eastern Europe,0.18403612522932167,0.2086479091710795,-0.024611783941757837,129,516.1513126517902,0
Portugal,PRT,Southern Europe,0.1846817946752158,0.16015597780110452,0.02452581687411129,147,502.80410892048315,0
Romania,ROU,Eastern Europe,0.1626491375716469,0.22645584055005152,-0.06380670297840463,132,500.6829492326859,0
Russia,RUS,Eastern Europe,0.262173281711931,0.23041417864895225,0.031759103062978744,124,510.89421444985624,0
Serbia,SRB,Southern Europe,0.1777828851474587,0.20442347620757745,-0.026640591060118735,131,620.6316199825837,0
Slovakia,SVK,Eastern Europe,0.17135924127324334,0.23757031566931686,-0.06621107439607352,133,506.53074534544373,0
Slovenia,SVN,Southern Europe,0.2104092831778439,0.1999938759251259,0.010415407252718,134,523.0003061461504,0
Spain,ESP,Southern Europe,0.19118695961871326,0.16249624369153431,0.02869071592717895,142,632.7715866249459,0
Sweden,SWE,Northern Europe,0.21924683880167534,0.19851480935480859,0.02073202944686675,138,629.3631220012767,0
Switzerland,CHE,Western Europe,0.20255138935875544,0.19973187051641156,0.002819518842343882,137,526.9858117933452,0
Ukraine,UKR,Eastern Europe,0.17767865721146503,0.21628757784750988,-0.03860892063604485,130,550.1872309204372,0
United Kingdom,GBR,Northern Europe,0.16309409461298247,0.1732447823950744,-0.010150687782091938,143,550.8784160473896,0
Bahamas,BHS,Caribbean,0.13991083211606994,0.13276138919579497,0.007149442920274973,145,649.753202684238,0
Canada,CAN,Northern America,0.2521930060529909,0.16584743754339282,0.08634556850959807,149,1211.70507087315,0
Costa Rica,CRI,Central America,0.10130466192673268,0.13183365111641202,-0.030528989189679334,145,522.0485865536078,0
Cuba,CUB,Caribbean,0.12305617676307766,0.1146108591640868,0.008445317598990865,142,626.2791298879949,0
Dominican Republic,DOM,Caribbean,0.15478420047944152,0.09319231787766848,0.06159188260177305,146,513.5751905242428,0
El Salvador,SLV,Central America,0.06948090854064985,0.12762706105664304,-0.058146152515993185,145,621.3832720483516,0
Guatemala,GTM,Central America,0.0508136158223582,0.10952093820024092,-0.05870732237788272,146,522.0485865536078,0
Haiti,HTI,Caribbean,0.14216341234840274,0.08283511795503326,0.05932829439336948,145,605.476460412235,0
Honduras,HND,Central America,0.08078933014247122,0.13953988892110641,-0.05875055877863519,142,543.6258175805675,0
Jamaica,JAM,Caribbean,0.12861876139008294,0.10361118635721905,0.025007575032863882,144,502.6764474773437,0
Mexico,MEX,Central America,0.04065719593311795,0.1400128360974294,-0.09935564016431145,144,649.753202684238,0
Nicaragua,NIC,Central America,0.09228609649696132,0.1351455431253805,-0.04285944662841917,143,502.6764474773437,0
Panama,PAN,Central America,0.12161241121300685,0.12156035602847737,5.205518452948421e-05,146,543.6258175805675,0
United States,USA,Northern America,0.1695001197237513,0.1432592585165764,0.02624086120717492,145,693.3867407223388,0
Australia,AUS,Australia and New Zealand,0.16302097420962694,0.09852332523473635,0.06449764897489059,148,573.2862742563728,0
New Zealand,NZL,Australia and New Zealand,0.10027093962176431,0.17262521739855252,-0.07235427777678821,150,573.2862742563728,0
Papua New Guinea,PNG,Melanesia,0.13861753573076713,0.05346630747966803,0.0851512282510991,148,1885.2356988228598,0
Argentina,ARG,South America,0.10866574248962382,0.17395208184274863,-0.0652863393531248,145,531.5088271370684,0
Bolivia,BOL,South America,0.10781469285053756,0.11771807123850933,-0.00990337838797177,145,726.5460124230909,0
Brazil,BRA,South America,0.16469595530453246,0.04996140426493649,0.11473455103959597,141,706.9167400925614,0
Chile,CHL,South America,0.0993071522959073,0.15904743551291864,-0.059740283217011345,146,706.9167400925614,0
Colombia,COL,South America,0.13225011394627992,0.11581594222742145,0.01643417171885847,139,513.5751905242428,0
Ecuador,ECU,South America,0.12529387656573873,0.08646846417555833,0.038825412390180405,147,591.9986379136827,0
Paraguay,PRY,South America,0.12268222549728672,0.1619821938841891,-0.03929996838690239,145,807.4705432316664,0
Peru,PER,South America,0.10234701745272959,0.10302024992884297,-0.0006732324761133807,145,531.5088271370684,0
Suriname,SUR,South America,0.14991778270906336,0.12046633096076613,0.029451451748297233,148,1011.1920654792765,0
Uruguay,URY,South America,0.1340604374132053,0.1311814031719027,0.0028790342413026193,147,1000.6055544230104,0
Venezuela,VEN,South America,0.14209795456206648,0.11841956725639252,0.023678387305673954,146,519.4213053467744,0
