iso3,Country,m49_subregion,observed,C0_cv_prediction,M1a_cv_prediction,C0_abs_error,M1a_abs_error,C0_unseen_levels,M1a_unseen_levels,abs_error_change,pair
DZA,Algeria,Northern Africa,0.24027005915767902,0.19838894526857184,0.2361739171235976,0.041881113889107174,0.004096142034081429,0,0,-0.037784971855025745,primary
AGO,Angola,Middle Africa,0.2003000150757142,0.15411387596755752,0.19349480203653524,0.04618613910815669,0.00680521303917897,0,0,-0.03938092606897772,primary
BEN,Benin,Western Africa,0.20270211677173233,0.18742796992949629,0.19083858706050003,0.015274146842236047,0.011863529711232307,0,0,-0.0034106171310037403,primary
BWA,Botswana,Southern Africa,0.15541865895509172,0.23711897360095857,0.2256153093616598,0.08170031464586686,0.07019665040656808,0,0,-0.011503664239298772,primary
BFA,Burkina Faso,Western Africa,0.2158731392585228,0.2140700654868207,0.21573687123867125,0.0018030737717021073,0.00013626801985155979,0,0,-0.0016668057518505475,primary
BDI,Burundi,Eastern Africa,0.20888549627683978,0.17588459483611085,0.17722173414913506,0.033000901440728925,0.03166376212770472,0,0,-0.0013371393130242049,primary
CMR,Cameroon,Middle Africa,0.16636200134979467,0.20659232281289897,0.20163121514041935,0.04023032146310429,0.03526921379062467,0,0,-0.00496110767247962,primary
CAF,Central African Republic,Middle Africa,0.18403786064638777,0.24289375188985074,0.2656558730993683,0.058855891243462966,0.0816180124529805,0,0,0.02276212120951754,primary
TCD,Chad,Middle Africa,0.2035091414222523,0.2423828161505019,0.2701240044859218,0.038873674728249596,0.06661486306366948,0,0,0.027741188335419886,primary
COG,Congo,Middle Africa,0.1704220858831212,0.17725436022096136,0.18502094997785504,0.006832274337840172,0.014598864094733849,0,0,0.007766589756893677,primary
COD,Congo (Democratic Republic Of The),Middle Africa,0.19859794898946587,0.20041938148240868,0.21425448731125527,0.0018214324929428094,0.0156565383217894,0,0,0.013835105828846589,primary
CIV,Côte D'Ivoire,Western Africa,0.20772847580142792,0.18062480561478783,0.1816796009973064,0.02710367018664009,0.02604887480412152,0,0,-0.0010547953825185696,primary
DJI,Djibouti,Eastern Africa,0.20035987264449803,0.19503260138461787,0.18632488063615868,0.0053272712598801675,0.014034992008339353,0,0,0.008707720748459186,primary
EGY,Egypt,Northern Africa,0.15478518959618381,0.24730058934584787,0.22775968392395685,0.09251539974966405,0.07297449432777303,0,0,-0.01954090542189102,primary
GNQ,Equatorial Guinea,Middle Africa,0.16354706521210607,0.19940923167241872,0.1976016253483175,0.03586216646031265,0.034054560136211415,0,0,-0.0018076063241012352,primary
ERI,Eritrea,Eastern Africa,0.20315322405399622,0.21023218141899722,0.19730200593092934,0.0070789573650009985,0.005851218123066881,0,0,-0.001227739241934117,primary
ETH,Ethiopia,Eastern Africa,0.2076992707889047,0.209201272637016,0.18955053834106142,0.0015020018481112785,0.01814873244784329,0,0,0.016646730599732013,primary
GAB,Gabon,Middle Africa,0.16553931693258667,0.20233647607918748,0.18044788689539804,0.03679715914660081,0.014908569962811369,0,0,-0.021888589183789442,primary
GHA,Ghana,Western Africa,0.1992545668996173,0.1806634260434492,0.18550683422946224,0.018591140856168087,0.013747732670155055,0,0,-0.004843408186013032,primary
GIN,Guinea,Western Africa,0.22751348300753205,0.18102034907210574,0.18006936556179853,0.04649313393542631,0.047444117445733514,0,0,0.0009509835103072017,primary
GNB,Guinea Bissau,Western Africa,0.23319971534367673,0.18892357167206492,0.19259522177921184,0.04427614367161181,0.04060449356446488,0,0,-0.0036716501071469287,primary
KEN,Kenya,Eastern Africa,0.21062387448612835,0.15445159844336917,0.17995878609006585,0.05617227604275918,0.030665088396062495,0,0,-0.025507187646696683,primary
LSO,Lesotho,Southern Africa,0.16129029981211962,0.1844706132959225,0.1734592443896877,0.023180313483802867,0.012168944577568092,0,0,-0.011011368906234775,primary
LBR,Liberia,Western Africa,0.2160061033815747,0.195599249871849,0.19904583589926042,0.02040685350972568,0.016960267482314273,0,0,-0.003446586027411408,primary
LBY,Libya,Northern Africa,0.19059948923507644,0.2505205820461809,0.24620577096203997,0.05992109281110444,0.055606281726963525,0,0,-0.004314811084140918,primary
MDG,Madagascar,Eastern Africa,0.1813544794012833,0.18428197145889202,0.17723280391909363,0.002927492057608727,0.004121675482189668,0,0,0.0011941834245809413,primary
MWI,Malawi,Eastern Africa,0.18854099012577252,0.18874997169988442,0.15804736950289774,0.00020898157411189389,0.03049362062287478,0,0,0.030284639048762885,primary
MLI,Mali,Western Africa,0.24782669503123966,0.2083060717968345,0.22470008247807555,0.03952062323440517,0.023126612553164116,0,0,-0.01639401068124105,primary
MRT,Mauritania,Western Africa,0.2597916027159455,0.19026637296375742,0.20493460536437108,0.06952522975218806,0.0548569973515744,0,0,-0.014668232400613657,primary
MAR,Morocco,Northern Africa,0.2418455862979349,0.18768737102639993,0.2082219253288906,0.05415821527153497,0.03362366096904429,0,0,-0.020534554302490682,primary
MOZ,Mozambique,Eastern Africa,0.172823801894673,0.19953410778294844,0.18648977000038036,0.026710305888275443,0.01366596810570736,0,0,-0.013044337782568083,primary
NAM,Namibia,Southern Africa,0.17785319196923344,0.20449328123176846,0.2015605672804648,0.026640089262535027,0.02370737531123135,0,0,-0.002932713951303678,primary
NER,Niger,Western Africa,0.2385606960588716,0.23761367165535188,0.2505394981291339,0.0009470244035197084,0.011978802070262307,0,0,0.011031777666742598,primary
NGA,Nigeria,Western Africa,0.2030109401107239,0.20066537224652975,0.20039557709111414,0.0023455678641941535,0.0026153630196097677,0,0,0.00026979515541561416,primary
RWA,Rwanda,Eastern Africa,0.20845952779692498,0.18465781439006268,0.18673774389557002,0.023801713406862296,0.021721783901354957,0,0,-0.0020799295055073386,primary
SEN,Senegal,Western Africa,0.24097868636270878,0.18728015982924984,0.18204413750233028,0.05369852653345894,0.058934548860378494,0,0,0.005236022326919554,primary
SLE,Sierra Leone,Western Africa,0.22372060994282955,0.1890789936696308,0.18798603105313322,0.034641616273198755,0.03573457888969633,0,0,0.001092962616497578,primary
SOM,Somalia,Eastern Africa,0.19588332023430152,0.19143515494218308,0.17564884430501054,0.0044481652921184445,0.02023447592929098,0,0,0.015786310637172535,primary
ZAF,South Africa,Southern Africa,0.16028496312204338,0.2031572392114474,0.21043052277650992,0.04287227608940403,0.05014555965446654,0,0,0.007273283565062516,primary
SDN,Sudan,Northern Africa,0.20487305719629992,0.2583186049306318,0.24945320419856776,0.05344554773433188,0.04458014700226784,0,0,-0.008865400732064044,primary
SWZ,Swaziland,Southern Africa,0.15934183499515397,0.2081157677474389,0.1739223370649416,0.04877393275228492,0.014580502069787615,0,0,-0.034193430682497306,primary
TZA,Tanzania,Eastern Africa,0.20953051997740807,0.15454788374160808,0.14926039586868062,0.05498263623579999,0.06027012410872745,0,0,0.00528748787292746,primary
TGO,Togo,Western Africa,0.1941324419699687,0.20490523972115782,0.21110968412960457,0.010772797751189112,0.016977242159635864,0,0,0.006204444408446752,primary
TUN,Tunisia,Northern Africa,0.23748975158588337,0.2374339213477368,0.22315560844305127,5.583023814656474e-05,0.014334143142832101,0,0,0.014278312904685536,primary
UGA,Uganda,Eastern Africa,0.21147594840550732,0.21985657153646632,0.22291930866845083,0.008380623130958997,0.011443360262943514,0,0,0.0030627371319845165,primary
ZMB,Zambia,Eastern Africa,0.17691283567770744,0.18066339430409573,0.17478985899837685,0.0037505586263882895,0.0021229766793305904,0,0,-0.001627581947057699,primary
ZWE,Zimbabwe,Eastern Africa,0.1535502891079796,0.1878164088912342,0.2113595885665086,0.034266119783254584,0.057809299458529,0,0,0.023543179675274417,primary
AFG,Afghanistan,Southern Asia,0.24733117695547363,0.1897249881037154,0.17832528326486174,0.05760618885175822,0.06900589369061189,0,0,0.011399704838853664,primary
ARM,Armenia,Western Asia,0.18833773750931812,0.17035955396425417,0.17138330208926922,0.017978183545063947,0.016954435420048902,0,0,-0.0010237481250150449,primary
AZE,Azerbaijan,Western Asia,0.19504824967387935,0.1732532811192064,0.1725616688921076,0.021794968554672944,0.022486580781771737,0,0,0.0006916122270987923,primary
BGD,Bangladesh,Southern Asia,0.11108862004719486,0.16143666455239303,0.15824882047068145,0.05034804450519817,0.04716020042348659,0,0,-0.003187844081711577,primary
MMR,Burma,South-eastern Asia,0.10898678984933867,0.1768805529471426,0.19206832999596624,0.06789376309780394,0.08308154014662757,0,0,0.015187777048823625,primary
KHM,Cambodia,South-eastern Asia,0.12397652977439673,0.15662636202022873,0.16665427150812828,0.032649832245832,0.04267774173373155,0,0,0.010027909487899556,primary
CHN,China,Eastern Asia,0.18801127254816274,0.1854172887700373,0.1903732300511921,0.002593983778125447,0.002361957503029366,0,0,-0.0002320262750960811,primary
GEO,Georgia,Western Asia,0.17014653222140888,0.16957362707163331,0.16756563594480972,0.0005729051497755655,0.0025808962765991594,0,0,0.002007991126823594,primary
IND,India,Southern Asia,0.12279874845556998,0.1825728363431402,0.17443586862117683,0.059774087887570215,0.05163712016560684,0,0,-0.008136967721963373,primary
IDN,Indonesia,South-eastern Asia,0.1365994643114788,0.08472933213652636,0.0727410648064449,0.05187013217495243,0.06385839950503389,0,0,0.011988267330081459,primary
IRN,Iran,Southern Asia,0.25326598928356275,0.15731367545479008,0.15090653169133222,0.09595231382877267,0.10235945759223053,0,0,0.0064071437634578565,primary
IRQ,Iraq,Western Asia,0.1763349119758569,0.1667525866066234,0.18243519812038858,0.009582325369233508,0.006100286144531675,0,0,-0.003482039224701833,primary
ISR,Israel,Western Asia,0.1289730259690734,0.20045413770401876,0.19293709384326158,0.07148111173494537,0.06396406787418818,0,0,-0.007517043860757189,primary
JPN,Japan,Eastern Asia,0.13484212055215955,0.12920758816507655,0.1364253471908981,0.005634532387083002,0.0015832266387385552,0,0,-0.004051305748344447,primary
JOR,Jordan,Western Asia,0.1241622692023015,0.14973969285589,0.1871379379315484,0.025577423653588505,0.0629756687292469,0,0,0.03739824507565839,primary
KAZ,Kazakhstan,Central Asia,0.2607179280248597,0.1835518088019747,0.1833329508837918,0.07716611922288502,0.0773849771410679,0,0,0.0002188579181828798,primary
LAO,Laos,South-eastern Asia,0.11990552917453423,0.1669581438616493,0.1765846691873256,0.04705261468711508,0.05667914001279137,0,0,0.009626525325676288,primary
LBN,Lebanon,Western Asia,0.13240721718298015,0.16203427374276763,0.17030008782004283,0.02962705655978748,0.037892870637062676,0,0,0.008265814077275196,primary
MYS,Malaysia,South-eastern Asia,0.14354714353630665,0.13984964940859626,0.14475204376650447,0.0036974941277103934,0.001204900230197814,0,0,-0.0024925938975125794,primary
MNG,Mongolia,Eastern Asia,0.273292065382825,0.23284593035884546,0.239329077136633,0.04044613502397956,0.03396298824619201,0,0,-0.006483146777787552,primary
NPL,Nepal,Southern Asia,0.12394103933918027,0.15222704563909764,0.15937435227323948,0.02828600629991737,0.03543331293405921,0,0,0.007147306634141842,primary
OMN,Oman,Western Asia,0.2034660332775613,0.14771171772120062,0.15988104958687455,0.05575431555636068,0.04358498369068675,0,0,-0.012169331865673927,primary
PAK,Pakistan,Southern Asia,0.1799496198587603,0.17771177404611999,0.15420079555917848,0.0022378458126403045,0.025748824299581807,0,0,0.023510978486941503,primary
PHL,Philippines,South-eastern Asia,0.16029540562197608,0.1204642783746577,0.11938528631067805,0.03983112724731838,0.04091011931129804,0,0,0.0010789920639796557,primary
QAT,Qatar,Western Asia,0.2314787860422459,0.17311790332993607,0.17483098751071113,0.058360882712309825,0.05664779853153476,0,0,-0.0017130841807750652,primary
SAU,Saudi Arabia,Western Asia,0.1912885606557455,0.18214799729167125,0.1860827147411205,0.009140563364074261,0.005205845914625001,0,0,-0.00393471744944926,primary
KOR,South Korea,Eastern Asia,0.14512934007189218,0.19991184837319725,0.19530334687861828,0.05478250830130507,0.050174006806726096,0,0,-0.004608501494578976,primary
LKA,Sri Lanka,Southern Asia,0.13450142935863102,0.13860361502211183,0.14309534662980658,0.004102185663480806,0.00859391727117556,0,0,0.0044917316076947544,primary
SYR,Syria,Western Asia,0.14323534954112288,0.21430482271172563,0.22179358739375932,0.07106947317060275,0.07855823785263644,0,0,0.007488764682033688,primary
TWN,Taiwan,Eastern Asia,0.13706412122195852,0.1451448011604917,0.14223287028878023,0.008080679938533175,0.005168749066821715,0,0,-0.00291193087171146,primary
TJK,Tajikistan,Central Asia,0.233975502099763,0.20376282373349153,0.10674244909573155,0.030212678366271478,0.12723305300403145,0,0,0.09702037463775998,primary
THA,Thailand,South-eastern Asia,0.11983102194091183,0.16213029411083202,0.16976871833762044,0.04229927216992019,0.049937696396708614,0,0,0.007638424226788426,primary
TUR,Turkey,Western Asia,0.1419623303023036,0.15622326028829803,0.16659011723578412,0.01426092998599443,0.024627786933480528,0,0,0.010366856947486097,primary
TKM,Turkmenistan,Central Asia,0.2752870410187589,0.1872663685180168,0.18179759516593394,0.08802067250074208,0.09348944585282495,0,0,0.005468773352082873,primary
ARE,United Arab Emirates,Western Asia,0.2248308233871666,0.1636245143346362,0.16336288451835884,0.06120630905253038,0.06146793886880775,0,0,0.0002616298162773645,primary
UZB,Uzbekistan,Central Asia,0.27739224194989204,0.20934363279782758,0.19075264289392588,0.06804860915206445,0.08663959905596616,0,0,0.018590989903901706,primary
VNM,Vietnam,South-eastern Asia,0.122632583177362,0.15883917590787675,0.16790912978028288,0.03620659273051474,0.04527654660292088,0,0,0.009069953872406139,primary
YEM,Yemen,Western Asia,0.20150002766065422,0.1528229913698501,0.15884747035986227,0.04867703629080414,0.042652557300791955,0,0,-0.006024478990012183,primary
ALB,Albania,Southern Europe,0.15748303087977816,0.14280728559731246,0.1434918975607217,0.014675745282465708,0.013991133319056465,0,0,-0.0006846119634092429,primary
AUT,Austria,Western Europe,0.21029967713303166,0.21833416369281403,0.20872139167999354,0.008034486559782367,0.0015782854530381196,0,0,-0.006456201106744247,primary
BLR,Belarus,Eastern Europe,0.21395039394228654,0.21267798118871614,0.20661977237292917,0.001272412753570401,0.007330621569357376,0,0,0.006058208815786975,primary
BEL,Belgium,Western Europe,0.1951636806716645,0.17209711009210016,0.1678802915162384,0.02306657057956435,0.027283389155426108,0,0,0.004216818575861758,primary
BIH,Bosnia And Herzegovina,Southern Europe,0.18440933101350881,0.18743815381749276,0.1824504551375064,0.0030288228039839493,0.0019588758760024083,0,0,-0.001069946927981541,primary
BGR,Bulgaria,Eastern Europe,0.16411393376308978,0.21041847531213914,0.2066197082847127,0.046304541549049366,0.042505774521622935,0,0,-0.0037987670274264307,primary
HRV,Croatia,Southern Europe,0.18952185187085302,0.20488854185423494,0.2000329713217931,0.01536668998338192,0.010511119450940076,0,0,-0.004855570532441844,primary
CYP,Cyprus,Western Asia,0.14075176149640625,0.1601663569693725,0.16647987681799403,0.019414595472966256,0.02572811532158778,0,0,0.006313519848621524,primary
CZE,Czech Republic,Eastern Europe,0.19293606527047014,0.22136393373804847,0.21430048411976968,0.028427868467578332,0.021364418849299543,0,0,-0.007063449618278789,primary
DNK,Denmark,Northern Europe,0.1919403849228464,0.18091772743483914,0.1959647364939831,0.011022657488007265,0.004024351571136703,0,0,-0.006998305916870562,primary
EST,Estonia,Northern Europe,0.25938076329685683,0.20236097974960449,0.2049773971897629,0.057019783547252345,0.054403366107093926,0,0,-0.0026164174401584195,primary
FIN,Finland,Northern Europe,0.2349856997144576,0.19799021373700276,0.2018796167142053,0.036995485977454834,0.03310608300025231,0,0,-0.0038894029772025274,primary
FRA,France,Western Europe,0.1916777527720347,0.17514642664108532,0.15898388895714302,0.016531326130949375,0.03269386381489167,0,0,0.016162537683942296,primary
DEU,Germany,Western Europe,0.19552600658812053,0.1767090270003484,0.1837213876121459,0.01881697958777212,0.011804618975974623,0,0,-0.007012360611797497,primary
GRC,Greece,Southern Europe,0.14163851313814882,0.17131841978785134,0.17130495039673743,0.02967990664970252,0.029666437258588613,0,0,-1.3469391113907214e-05,primary
HUN,Hungary,Eastern Europe,0.18683465599109378,0.23637762470464135,0.2263041614439335,0.049542968713547575,0.039469505452839726,0,0,-0.010073463260707849,primary
ISL,Iceland,Northern Europe,0.12736783367802937,0.2136271598820085,0.2449614429676491,0.08625932620397914,0.11759360928961973,1,0,0.031334283085640596,primary
IRL,Ireland,Northern Europe,0.1678618971108085,0.18834391911475276,0.1883708363351632,0.02048202200394425,0.020508939224354678,0,0,2.6917220410427323e-05,primary
ITA,Italy,Southern Europe,0.1823289325414157,0.1671566154445983,0.15321376423113597,0.015172317096817378,0.029115168310279715,0,0,0.013942851213462337,primary
LVA,Latvia,Northern Europe,0.2466163184774826,0.19581490543103588,0.19431874434033586,0.050801413046446725,0.05229757413714675,0,0,0.0014961610907000267,primary
LTU,Lithuania,Northern Europe,0.22162226701877433,0.19585592058018836,0.19524472209163632,0.02576634643858597,0.026377544927138008,0,0,0.0006111984885520394,primary
MKD,Macedonia,Southern Europe,0.16410994630244113,0.17575141532747215,0.17116225685750888,0.01164146902503102,0.007052310555067748,0,0,-0.004589158469963273,primary
MDA,Moldova,Eastern Europe,0.15544942684686172,0.19639061955913295,0.1972920048681156,0.04094119271227123,0.04184257802125388,0,0,0.0009013853089826496,primary
MNE,Montenegro,Southern Europe,0.1643666862725019,0.17265293552167568,0.17452619437808292,0.008286249249173788,0.010159508105581028,0,0,0.0018732588564072394,primary
NLD,Netherlands,Western Europe,0.18877545734026732,0.151347586682423,0.14004507451306483,0.03742787065784431,0.04873038282720249,0,0,0.011302512169358181,primary
NOR,Norway,Northern Europe,0.20191951273050374,0.20726471017258746,0.20835179642455817,0.005345197442083727,0.006432283694054436,0,0,0.0010870862519707092,primary
POL,Poland,Eastern Europe,0.18403612522932167,0.20864790917108444,0.196366439345521,0.024611783941762777,0.012330314116199337,0,0,-0.01228146982556344,primary
PRT,Portugal,Southern Europe,0.1846817946752158,0.16015597780110227,0.15951493412919032,0.024525816874113537,0.025166860546025488,0,0,0.0006410436719119506,primary
ROU,Romania,Eastern Europe,0.1626491375716469,0.22645584055005313,0.21641859842604813,0.06380670297840624,0.053769460854401235,0,0,-0.010037242124005002,primary
RUS,Russia,Eastern Europe,0.262173281711931,0.23041417864896926,0.22251420281202478,0.03175910306296173,0.03965907889990622,0,0,0.00789997583694449,primary
SRB,Serbia,Southern Europe,0.1777828851474587,0.20442347620757434,0.20461826036167016,0.026640591060115626,0.02683537521421145,0,0,0.00019478415409582284,primary
SVK,Slovakia,Eastern Europe,0.17135924127324334,0.2375703156693219,0.23466337067565063,0.06621107439607857,0.06330412940240729,0,0,-0.002906944993671279,primary
SVN,Slovenia,Southern Europe,0.2104092831778439,0.19999387592512324,0.19753147829736614,0.010415407252720665,0.012877804880477767,0,0,0.0024623976277571014,primary
ESP,Spain,Southern Europe,0.19118695961871326,0.1624962436915376,0.15440928896829853,0.028690715927175675,0.036777670650414734,0,0,0.00808695472323906,primary
SWE,Sweden,Northern Europe,0.21924683880167534,0.19851480935481314,0.19807374192106247,0.0207320294468622,0.021173096880612863,0,0,0.0004410674337506637,primary
CHE,Switzerland,Western Europe,0.20255138935875544,0.19973187051640945,0.1884641377217906,0.0028195188423459916,0.014087251636964837,0,0,0.011267732794618845,primary
UKR,Ukraine,Eastern Europe,0.17767865721146503,0.21628757784750396,0.2079844175375335,0.038608920636038935,0.030305760326068465,0,0,-0.00830316030997047,primary
GBR,United Kingdom,Northern Europe,0.16309409461298247,0.17324478239507207,0.1645756215795809,0.010150687782089607,0.0014815269665984232,0,0,-0.008669160815491184,primary
BHS,Bahamas,Caribbean,0.13991083211606994,0.13276138919579752,0.141617355585263,0.00714944292027242,0.0017065234691930609,0,0,-0.005442919451079359,primary
CAN,Canada,Northern America,0.2521930060529909,0.1658474375433967,0.15559188701204457,0.08634556850959418,0.09660111904094631,0,0,0.010255550531352131,primary
CRI,Costa Rica,Central America,0.10130466192673268,0.13183365111640802,0.12105377914717907,0.030528989189675337,0.019749117220446394,0,0,-0.010779871969228944,primary
CUB,Cuba,Caribbean,0.12305617676307766,0.11461085916408306,0.11552634762677687,0.008445317598994598,0.007529829136300792,0,0,-0.0009154884626938059,primary
DOM,Dominican Republic,Caribbean,0.15478420047944152,0.09319231787767449,0.0899348180924878,0.06159188260176704,0.06484938238695373,0,0,0.0032574997851866905,primary
SLV,El Salvador,Central America,0.06948090854064985,0.127627061056638,0.12421420937744704,0.05814615251598816,0.054733300836797186,0,0,-0.0034128516791909758,primary
GTM,Guatemala,Central America,0.0508136158223582,0.10952093820024997,0.11373854451906179,0.058707322377891766,0.06292492869670359,0,0,0.004217606318811823,primary
HTI,Haiti,Caribbean,0.14216341234840274,0.08283511795503251,0.07996817433914677,0.05932829439337023,0.06219523800925597,0,0,0.002866943615885742,primary
HND,Honduras,Central America,0.08078933014247122,0.1395398889211115,0.13947734329854308,0.05875055877864027,0.05868801315607186,0,0,-6.254562256841067e-05,primary
JAM,Jamaica,Caribbean,0.12861876139008294,0.10361118635722988,0.10541422543783863,0.025007575032853058,0.02320453595224431,0,0,-0.0018030390806087482,primary
MEX,Mexico,Central America,0.04065719593311795,0.14001283609742,0.14925270000565152,0.09935564016430204,0.10859550407253357,0,0,0.009239863908231533,primary
NIC,Nicaragua,Central America,0.09228609649696132,0.13514554312537988,0.13727723120631274,0.04285944662841856,0.04499113470935143,0,0,0.002131688080932864,primary
PAN,Panama,Central America,0.12161241121300685,0.12156035602848211,0.11521348149031013,5.205518452473801e-05,0.0063989297226967196,0,0,0.0063468745381719816,primary
USA,United States,Northern America,0.1695001197237513,0.1432592585165796,0.14884188130175457,0.0262408612071717,0.02065823842199674,0,0,-0.005582622785174962,primary
AUS,Australia,Australia and New Zealand,0.16302097420962694,0.09852332523473212,0.11295152507572764,0.06449764897489482,0.050069449133899296,0,0,-0.014428199840995526,primary
NZL,New Zealand,Australia and New Zealand,0.10027093962176431,0.1726252173985579,0.16473183904254113,0.0723542777767936,0.06446089942077682,0,0,-0.007893378356016778,primary
PNG,Papua New Guinea,Melanesia,0.13861753573076713,0.05346630747966491,0.05095680578347023,0.08515122825110222,0.0876607299472969,0,0,0.0025095016961946826,primary
ARG,Argentina,South America,0.10866574248962382,0.17395208184274652,0.15713489082789728,0.0652863393531227,0.048469148338273454,0,0,-0.016817191014849242,primary
BOL,Bolivia,South America,0.10781469285053756,0.11771807123849515,0.16157429274323695,0.009903378387957587,0.05375959989269939,0,0,0.043856221504741805,primary
BRA,Brazil,South America,0.16469595530453246,0.049961404264936435,0.049943110169015204,0.11473455103959602,0.11475284513551726,0,0,1.8294095921231324e-05,primary
CHL,Chile,South America,0.0993071522959073,0.15904743551291964,0.17714124432880302,0.059740283217012344,0.07783409203289572,0,0,0.018093808815883378,primary
COL,Colombia,South America,0.13225011394627992,0.1158159422274366,0.1074589373548559,0.016434171718843316,0.02479117659142402,0,0,0.008357004872580703,primary
ECU,Ecuador,South America,0.12529387656573873,0.08646846417557358,0.0782348473858514,0.038825412390165154,0.04705902917988733,0,0,0.008233616789722176,primary
PRY,Paraguay,South America,0.12268222549728672,0.1619821938841921,0.15089217524526283,0.03929996838690539,0.02820994974797611,0,0,-0.011090018638929278,primary
PER,Peru,South America,0.10234701745272959,0.10302024992885347,0.10482219529971792,0.0006732324761238861,0.0024751778469883357,0,0,0.0018019453708644495,primary
SUR,Suriname,South America,0.14991778270906336,0.1204663309607661,0.12912156921194945,0.02945145174829726,0.020796213497113913,0,0,-0.008655238251183348,primary
URY,Uruguay,South America,0.1340604374132053,0.1311814031719023,0.11729972711058076,0.002879034241303008,0.01676071030262455,0,0,0.01388167606132154,primary
VEN,Venezuela,South America,0.14209795456206648,0.11841956725638353,0.11808870753082969,0.023678387305682946,0.02400924703123679,0,0,0.000330859725553842,primary
DZA,Algeria,Northern Africa,0.24027005915767902,0.1983889452685773,0.2361739171236057,0.041881113889101707,0.0040961420340733246,0,0,-0.03778497185502838,percapita_sensitivity
AGO,Angola,Middle Africa,0.2003000150757142,0.1541138759675609,0.1934948020365285,0.04618613910815331,0.006805213039185715,0,0,-0.03938092606896759,percapita_sensitivity
BEN,Benin,Western Africa,0.20270211677173233,0.18742796992949823,0.19083858706050594,0.015274146842234104,0.011863529711226395,0,0,-0.0034106171310077094,percapita_sensitivity
BWA,Botswana,Southern Africa,0.15541865895509172,0.23711897360096426,0.2256153093616698,0.08170031464587255,0.07019665040657808,0,0,-0.01150366423929447,percapita_sensitivity
BFA,Burkina Faso,Western Africa,0.2158731392585228,0.2140700654868205,0.2157368712386672,0.0018030737717023015,0.0001362680198556121,0,0,-0.0016668057518466894,percapita_sensitivity
BDI,Burundi,Eastern Africa,0.20888549627683978,0.17588459483611665,0.1772217341491452,0.033000901440723124,0.03166376212769459,0,0,-0.0013371393130285347,percapita_sensitivity
CMR,Cameroon,Middle Africa,0.16636200134979467,0.20659232281290124,0.2016312151404277,0.040230321463106566,0.035269213790633025,0,0,-0.0049611076724735415,percapita_sensitivity
CAF,Central African Republic,Middle Africa,0.18403786064638777,0.24289375188984924,0.2656558730993722,0.05885589124346147,0.08161801245298445,0,0,0.02276212120952298,percapita_sensitivity
TCD,Chad,Middle Africa,0.2035091414222523,0.2423828161505016,0.27012400448591906,0.03887367472824932,0.06661486306366676,0,0,0.027741188335417444,percapita_sensitivity
COG,Congo,Middle Africa,0.1704220858831212,0.17725436022096425,0.18502094997785684,0.006832274337843058,0.014598864094735653,0,0,0.0077665897568925946,percapita_sensitivity
COD,Congo (Democratic Republic Of The),Middle Africa,0.19859794898946587,0.20041938148241517,0.2142544873112429,0.0018214324929493042,0.015656538321777047,0,0,0.013835105828827743,percapita_sensitivity
CIV,Côte D'Ivoire,Western Africa,0.20772847580142792,0.1806248056147861,0.18167960099730565,0.02710367018664181,0.02604887480412227,0,0,-0.001054795382519541,percapita_sensitivity
DJI,Djibouti,Eastern Africa,0.20035987264449803,0.19503260138462533,0.18632488063616157,0.005327271259872701,0.014034992008336467,0,0,0.008707720748463765,percapita_sensitivity
EGY,Egypt,Northern Africa,0.15478518959618381,0.2473005893458453,0.2277596839239578,0.0925153997496615,0.07297449432777398,0,0,-0.019540905421887522,percapita_sensitivity
GNQ,Equatorial Guinea,Middle Africa,0.16354706521210607,0.1994092316724186,0.19760162534832026,0.03586216646031254,0.03405456013621419,0,0,-0.0018076063240983486,percapita_sensitivity
ERI,Eritrea,Eastern Africa,0.20315322405399622,0.21023218141899402,0.19730200593092972,0.007078957364997807,0.005851218123066493,0,0,-0.0012277392419313138,percapita_sensitivity
ETH,Ethiopia,Eastern Africa,0.2076992707889047,0.20920127263702412,0.18955053834105892,0.0015020018481194108,0.01814873244784579,0,0,0.016646730599726378,percapita_sensitivity
GAB,Gabon,Middle Africa,0.16553931693258667,0.20233647607919833,0.1804478868953979,0.03679715914661166,0.01490856996281123,0,0,-0.021888589183800433,percapita_sensitivity
GHA,Ghana,Western Africa,0.1992545668996173,0.1806634260434534,0.18550683422945694,0.018591140856163896,0.013747732670160356,0,0,-0.004843408186003539,percapita_sensitivity
GIN,Guinea,Western Africa,0.22751348300753205,0.18102034907210485,0.18006936556178793,0.0464931339354272,0.047444117445744116,0,0,0.0009509835103169162,percapita_sensitivity
GNB,Guinea Bissau,Western Africa,0.23319971534367673,0.18892357167206342,0.19259522177921393,0.04427614367161331,0.0406044935644628,0,0,-0.003671650107150509,percapita_sensitivity
KEN,Kenya,Eastern Africa,0.21062387448612835,0.15445159844336837,0.17995878609007282,0.05617227604275998,0.03066508839605553,0,0,-0.025507187646704454,percapita_sensitivity
LSO,Lesotho,Southern Africa,0.16129029981211962,0.184470613295936,0.1734592443896979,0.023180313483816384,0.012168944577578278,0,0,-0.011011368906238106,percapita_sensitivity
LBR,Liberia,Western Africa,0.2160061033815747,0.19559924987185023,0.19904583589926148,0.02040685350972446,0.016960267482313218,0,0,-0.0034465860274112414,percapita_sensitivity
LBY,Libya,Northern Africa,0.19059948923507644,0.250520582046177,0.24620577096202886,0.05992109281110056,0.05560628172695242,0,0,-0.004314811084148135,percapita_sensitivity
MDG,Madagascar,Eastern Africa,0.1813544794012833,0.18428197145888442,0.17723280391909546,0.002927492057601122,0.0041216754821878365,0,0,0.0011941834245867144,percapita_sensitivity
MWI,Malawi,Eastern Africa,0.18854099012577252,0.18874997169988178,0.15804736950289772,0.0002089815741092571,0.030493620622874806,0,0,0.03028463904876555,percapita_sensitivity
MLI,Mali,Western Africa,0.24782669503123966,0.20830607179683858,0.22470008247806028,0.03952062323440109,0.023126612553179382,0,0,-0.016394010681221705,percapita_sensitivity
MRT,Mauritania,Western Africa,0.2597916027159455,0.19026637296376664,0.20493460536438218,0.06952522975217884,0.0548569973515633,0,0,-0.014668232400615544,percapita_sensitivity
MAR,Morocco,Northern Africa,0.2418455862979349,0.18768737102639846,0.20822192532889802,0.05415821527153644,0.03362366096903688,0,0,-0.020534554302499564,percapita_sensitivity
MOZ,Mozambique,Eastern Africa,0.172823801894673,0.19953410778295214,0.18648977000037936,0.026710305888279134,0.013665968105706361,0,0,-0.013044337782572774,percapita_sensitivity
NAM,Namibia,Southern Africa,0.17785319196923344,0.20449328123176996,0.20156056728046998,0.026640089262536526,0.02370737531123654,0,0,-0.0029327139512999867,percapita_sensitivity
NER,Niger,Western Africa,0.2385606960588716,0.2376136716553566,0.2505394981291235,0.00094702440351499,0.011978802070251926,0,0,0.011031777666736936,percapita_sensitivity
NGA,Nigeria,Western Africa,0.2030109401107239,0.20066537224653602,0.20039557709109984,0.0023455678641878808,0.002615363019624062,0,0,0.00026979515543618104,percapita_sensitivity
RWA,Rwanda,Eastern Africa,0.20845952779692498,0.18465781439006512,0.18673774389557268,0.023801713406859853,0.021721783901352293,0,0,-0.0020799295055075606,percapita_sensitivity
SEN,Senegal,Western Africa,0.24097868636270878,0.18728015982925184,0.18204413750233212,0.05369852653345694,0.05893454886037666,0,0,0.00523602232691972,percapita_sensitivity
SLE,Sierra Leone,Western Africa,0.22372060994282955,0.18907899366962785,0.1879860310531418,0.0346416162732017,0.03573457888968776,0,0,0.0010929626164860595,percapita_sensitivity
SOM,Somalia,Eastern Africa,0.19588332023430152,0.19143515494218247,0.17564884430501082,0.004448165292119055,0.0202344759292907,0,0,0.015786310637171647,percapita_sensitivity
ZAF,South Africa,Southern Africa,0.16028496312204338,0.20315723921144557,0.21043052277649985,0.042872276089402195,0.05014555965445647,0,0,0.007273283565054273,percapita_sensitivity
SDN,Sudan,Northern Africa,0.20487305719629992,0.2583186049306361,0.24945320419856154,0.05344554773433616,0.04458014700226162,0,0,-0.008865400732074535,percapita_sensitivity
SWZ,Swaziland,Southern Africa,0.15934183499515397,0.20811576774743648,0.17392233706494503,0.048773932752282506,0.014580502069791057,0,0,-0.03419343068249145,percapita_sensitivity
TZA,Tanzania,Eastern Africa,0.20953051997740807,0.15454788374161305,0.1492603958686693,0.054982636235795024,0.060270124108738776,0,0,0.0052874878729437524,percapita_sensitivity
TGO,Togo,Western Africa,0.1941324419699687,0.2049052397211613,0.2111096841296104,0.010772797751192581,0.016977242159641692,0,0,0.006204444408449111,percapita_sensitivity
TUN,Tunisia,Northern Africa,0.23748975158588337,0.23743392134773886,0.22315560844304266,5.5830238144510824e-05,0.014334143142840705,0,0,0.014278312904696194,percapita_sensitivity
UGA,Uganda,Eastern Africa,0.21147594840550732,0.21985657153646987,0.2229193086684429,0.00838062313096255,0.011443360262935576,0,0,0.0030627371319730257,percapita_sensitivity
ZMB,Zambia,Eastern Africa,0.17691283567770744,0.18066339430410439,0.17478985899838742,0.0037505586263969493,0.0021229766793200155,0,0,-0.0016275819470769337,percapita_sensitivity
ZWE,Zimbabwe,Eastern Africa,0.1535502891079796,0.18781640889122558,0.21135958856651493,0.03426611978324598,0.05780929945853533,0,0,0.02354317967528935,percapita_sensitivity
AFG,Afghanistan,Southern Asia,0.24733117695547363,0.1897249881037236,0.17832528326486471,0.057606188851750034,0.06900589369060892,0,0,0.011399704838858882,percapita_sensitivity
ARM,Armenia,Western Asia,0.18833773750931812,0.17035955396426147,0.17138330208929836,0.017978183545056647,0.01695443542001976,0,0,-0.0010237481250368885,percapita_sensitivity
AZE,Azerbaijan,Western Asia,0.19504824967387935,0.17325328111920496,0.17256166889210334,0.021794968554674388,0.02248658078177601,0,0,0.0006916122271016234,percapita_sensitivity
BGD,Bangladesh,Southern Asia,0.11108862004719486,0.1614366645523932,0.15824882047068264,0.050348044505198336,0.047160200423487786,0,0,-0.0031878440817105502,percapita_sensitivity
MMR,Burma,South-eastern Asia,0.10898678984933867,0.17688055294714294,0.19206832999597268,0.06789376309780427,0.083081540146634,0,0,0.015187777048829731,percapita_sensitivity
KHM,Cambodia,South-eastern Asia,0.12397652977439673,0.15662636202023167,0.16665427150812875,0.03264983224583494,0.042677741733732025,0,0,0.010027909487897085,percapita_sensitivity
CHN,China,Eastern Asia,0.18801127254816274,0.18541728877003533,0.19037323005119114,0.0025939837781274178,0.0023619575030283946,0,0,-0.00023202627509902318,percapita_sensitivity
GEO,Georgia,Western Asia,0.17014653222140888,0.16957362707163348,0.167565635944814,0.000572905149775399,0.002580896276594885,0,0,0.002007991126819486,percapita_sensitivity
IND,India,Southern Asia,0.12279874845556998,0.18257283634314045,0.1744358686211763,0.059774087887570465,0.051637120165606315,0,0,-0.00813696772196415,percapita_sensitivity
IDN,Indonesia,South-eastern Asia,0.1365994643114788,0.08472933213652951,0.07274106480644651,0.05187013217494928,0.06385839950503228,0,0,0.011988267330083,percapita_sensitivity
IRN,Iran,Southern Asia,0.25326598928356275,0.15731367545478686,0.15090653169133358,0.09595231382877589,0.10235945759222917,0,0,0.006407143763453277,percapita_sensitivity
IRQ,Iraq,Western Asia,0.1763349119758569,0.1667525866066258,0.18243519812039855,0.009582325369231093,0.006100286144541639,0,0,-0.003482039224689454,percapita_sensitivity
ISR,Israel,Western Asia,0.1289730259690734,0.20045413770401843,0.19293709384326402,0.07148111173494504,0.06396406787419062,0,0,-0.007517043860754413,percapita_sensitivity
JPN,Japan,Eastern Asia,0.13484212055215955,0.1292075881650737,0.13642534719089433,0.005634532387085861,0.0015832266387347804,0,0,-0.004051305748351081,percapita_sensitivity
JOR,Jordan,Western Asia,0.1241622692023015,0.1497396928558919,0.18713793793155328,0.025577423653590392,0.06297566872925178,0,0,0.03739824507566139,percapita_sensitivity
KAZ,Kazakhstan,Central Asia,0.2607179280248597,0.1835518088019733,0.1833329508837968,0.07716611922288641,0.0773849771410629,0,0,0.00021885791817649602,percapita_sensitivity
LAO,Laos,South-eastern Asia,0.11990552917453423,0.16695814386165247,0.17658466918732488,0.047052614687118244,0.056679140012790646,0,0,0.009626525325672403,percapita_sensitivity
LBN,Lebanon,Western Asia,0.13240721718298015,0.16203427374276175,0.17030008782004824,0.029627056559781595,0.03789287063706809,0,0,0.008265814077286493,percapita_sensitivity
MYS,Malaysia,South-eastern Asia,0.14354714353630665,0.13984964940859548,0.1447520437665057,0.0036974941277111706,0.0012049002301990352,0,0,-0.0024925938975121353,percapita_sensitivity
MNG,Mongolia,Eastern Asia,0.273292065382825,0.23284593035885565,0.2393290771366326,0.040446135023969376,0.03396298824619243,0,0,-0.006483146777776949,percapita_sensitivity
NPL,Nepal,Southern Asia,0.12394103933918027,0.1522270456390989,0.15937435227324284,0.02828600629991862,0.03543331293406257,0,0,0.007147306634143952,percapita_sensitivity
OMN,Oman,Western Asia,0.2034660332775613,0.14771171772120217,0.1598810495868766,0.055754315556359124,0.0435849836906847,0,0,-0.012169331865674426,percapita_sensitivity
PAK,Pakistan,Southern Asia,0.1799496198587603,0.1777117740461206,0.15420079555918006,0.002237845812639694,0.025748824299580225,0,0,0.02351097848694053,percapita_sensitivity
PHL,Philippines,South-eastern Asia,0.16029540562197608,0.12046427837465637,0.11938528631067535,0.039831127247319714,0.04091011931130073,0,0,0.0010789920639810158,percapita_sensitivity
QAT,Qatar,Western Asia,0.2314787860422459,0.1731179033299401,0.17483098751071507,0.0583608827123058,0.05664779853153082,0,0,-0.001713084180774982,percapita_sensitivity
SAU,Saudi Arabia,Western Asia,0.1912885606557455,0.1821479972916817,0.18608271474110893,0.009140563364063797,0.005205845914636575,0,0,-0.003934717449427222,percapita_sensitivity
KOR,South Korea,Eastern Asia,0.14512934007189218,0.19991184837319467,0.1953033468786179,0.05478250830130249,0.05017400680672571,0,0,-0.004608501494576783,percapita_sensitivity
LKA,Sri Lanka,Southern Asia,0.13450142935863102,0.1386036150221068,0.1430953466298133,0.0041021856634757825,0.008593917271182278,0,0,0.004491731607706495,percapita_sensitivity
SYR,Syria,Western Asia,0.14323534954112288,0.2143048227117261,0.22179358739376845,0.07106947317060322,0.07855823785264557,0,0,0.007488764682042348,percapita_sensitivity
TWN,Taiwan,Eastern Asia,0.13706412122195852,0.145144801160498,0.14223287028878293,0.008080679938539476,0.005168749066824407,0,0,-0.0029119308717150683,percapita_sensitivity
TJK,Tajikistan,Central Asia,0.233975502099763,0.20376282373350335,0.10674244909573571,0.030212678366259654,0.1272330530040273,0,0,0.09702037463776764,percapita_sensitivity
THA,Thailand,South-eastern Asia,0.11983102194091183,0.16213029411083235,0.16976871833761936,0.04229927216992052,0.04993769639670753,0,0,0.007638424226787011,percapita_sensitivity
TUR,Turkey,Western Asia,0.1419623303023036,0.1562232602882922,0.16659011723577696,0.014260929985988602,0.024627786933473367,0,0,0.010366856947484765,percapita_sensitivity
TKM,Turkmenistan,Central Asia,0.2752870410187589,0.1872663685180213,0.18179759516593633,0.08802067250073758,0.09348944585282257,0,0,0.005468773352084982,percapita_sensitivity
ARE,United Arab Emirates,Western Asia,0.2248308233871666,0.16362451433463748,0.16336288451836045,0.061206309052529106,0.06146793886880614,0,0,0.0002616298162770314,percapita_sensitivity
UZB,Uzbekistan,Central Asia,0.27739224194989204,0.20934363279782756,0.1907526428939272,0.06804860915206448,0.08663959905596483,0,0,0.018590989903900346,percapita_sensitivity
VNM,Vietnam,South-eastern Asia,0.122632583177362,0.1588391759078767,0.16790912978028083,0.036206592730514686,0.04527654660291883,0,0,0.00906995387240414,percapita_sensitivity
YEM,Yemen,Western Asia,0.20150002766065422,0.15282299136985333,0.1588474703598699,0.04867703629080089,0.04265255730078432,0,0,-0.0060244789900165685,percapita_sensitivity
ALB,Albania,Southern Europe,0.15748303087977816,0.14280728559731534,0.14349189756072384,0.014675745282462821,0.013991133319054327,0,0,-0.0006846119634084935,percapita_sensitivity
AUT,Austria,Western Europe,0.21029967713303166,0.21833416369282302,0.20872139167999168,0.00803448655979136,0.0015782854530399792,0,0,-0.00645620110675138,percapita_sensitivity
BLR,Belarus,Eastern Europe,0.21395039394228654,0.21267798118871498,0.2066197723729199,0.0012724127535715668,0.0073306215693666466,0,0,0.00605820881579508,percapita_sensitivity
BEL,Belgium,Western Europe,0.1951636806716645,0.17209711009210182,0.16788029151623335,0.023066570579562684,0.02728338915543116,0,0,0.004216818575868475,percapita_sensitivity
BIH,Bosnia And Herzegovina,Southern Europe,0.18440933101350881,0.18743815381749895,0.18245045513750754,0.003028822803990139,0.0019588758760012703,0,0,-0.0010699469279888685,percapita_sensitivity
BGR,Bulgaria,Eastern Europe,0.16411393376308978,0.21041847531213967,0.20661970828470835,0.046304541549049894,0.04250577452161858,0,0,-0.0037987670274313157,percapita_sensitivity
HRV,Croatia,Southern Europe,0.18952185187085302,0.20488854185423283,0.2000329713217924,0.015366689983379811,0.010511119450939382,0,0,-0.004855570532440429,percapita_sensitivity
CYP,Cyprus,Western Asia,0.14075176149640625,0.16016635696936932,0.16647987681800225,0.019414595472963064,0.025728115321595996,0,0,0.006313519848632931,percapita_sensitivity
CZE,Czech Republic,Eastern Europe,0.19293606527047014,0.2213639337380484,0.2143004841197631,0.028427868467578277,0.021364418849292965,0,0,-0.007063449618285311,percapita_sensitivity
DNK,Denmark,Northern Europe,0.1919403849228464,0.18091772743483747,0.19596473649399376,0.01102265748800893,0.004024351571147361,0,0,-0.006998305916861569,percapita_sensitivity
EST,Estonia,Northern Europe,0.25938076329685683,0.2023609797496072,0.20497739718976887,0.057019783547249625,0.05440336610708796,0,0,-0.002616417440161667,percapita_sensitivity
FIN,Finland,Northern Europe,0.2349856997144576,0.19799021373700137,0.20187961671420082,0.03699548597745622,0.033106083000256775,0,0,-0.0038894029771994465,percapita_sensitivity
FRA,France,Western Europe,0.1916777527720347,0.17514642664108662,0.15898388895714552,0.01653132613094807,0.032693863814889174,0,0,0.016162537683941103,percapita_sensitivity
DEU,Germany,Western Europe,0.19552600658812053,0.17670902700034358,0.18372138761215073,0.01881697958777695,0.011804618975969794,0,0,-0.007012360611807156,percapita_sensitivity
GRC,Greece,Southern Europe,0.14163851313814882,0.1713184197878586,0.17130495039673427,0.029679906649709792,0.02966643725858545,0,0,-1.346939112434331e-05,percapita_sensitivity
HUN,Hungary,Eastern Europe,0.18683465599109378,0.23637762470464174,0.22630416144392707,0.049542968713547963,0.03946950545283329,0,0,-0.010073463260714677,percapita_sensitivity
ISL,Iceland,Northern Europe,0.12736783367802937,0.21362715988201392,0.2449614429676403,0.08625932620398455,0.11759360928961093,1,0,0.031334283085626385,percapita_sensitivity
IRL,Ireland,Northern Europe,0.1678618971108085,0.18834391911474774,0.188370836335167,0.020482022003939226,0.02050893922435848,0,0,2.6917220419253596e-05,percapita_sensitivity
ITA,Italy,Southern Europe,0.1823289325414157,0.1671566154445953,0.15321376423113794,0.015172317096820376,0.029115168310277745,0,0,0.013942851213457369,percapita_sensitivity
LVA,Latvia,Northern Europe,0.2466163184774826,0.19581490543104124,0.19431874434033194,0.05080141304644137,0.052297574137150665,0,0,0.001496161090709297,percapita_sensitivity
LTU,Lithuania,Northern Europe,0.22162226701877433,0.19585592058019385,0.19524472209163274,0.025766346438580473,0.02637754492714159,0,0,0.0006111984885611155,percapita_sensitivity
MKD,Macedonia,Southern Europe,0.16410994630244113,0.17575141532746288,0.17116225685750402,0.01164146902502175,0.007052310555062891,0,0,-0.0045891584699588595,percapita_sensitivity
MDA,Moldova,Eastern Europe,0.15544942684686172,0.19639061955912643,0.19729200486810952,0.04094119271226471,0.0418425780212478,0,0,0.0009013853089830937,percapita_sensitivity
MNE,Montenegro,Southern Europe,0.1643666862725019,0.17265293552167799,0.17452619437808886,0.008286249249176092,0.010159508105586967,0,0,0.0018732588564108754,percapita_sensitivity
NLD,Netherlands,Western Europe,0.18877545734026732,0.15134758668241838,0.1400450745130648,0.037427870657848944,0.04873038282720252,0,0,0.011302512169353574,percapita_sensitivity
NOR,Norway,Northern Europe,0.20191951273050374,0.20726471017259168,0.2083517964245593,0.0053451974420879456,0.006432283694055574,0,0,0.0010870862519676283,percapita_sensitivity
POL,Poland,Eastern Europe,0.18403612522932167,0.20864790917108786,0.19636643934552261,0.02461178394176619,0.012330314116200947,0,0,-0.012281469825565244,percapita_sensitivity
PRT,Portugal,Southern Europe,0.1846817946752158,0.16015597780110163,0.15951493412919338,0.024525816874114176,0.025166860546022435,0,0,0.0006410436719082591,percapita_sensitivity
ROU,Romania,Eastern Europe,0.1626491375716469,0.2264558405500502,0.21641859842605177,0.0638067029784033,0.05376946085440487,0,0,-0.010037242123998424,percapita_sensitivity
RUS,Russia,Eastern Europe,0.262173281711931,0.23041417864896624,0.2225142028120268,0.031759103062964755,0.03965907889990419,0,0,0.007899975836939438,percapita_sensitivity
SRB,Serbia,Southern Europe,0.1777828851474587,0.20442347620757328,0.20461826036166594,0.02664059106011457,0.02683537521420723,0,0,0.0001947841540926587,percapita_sensitivity
SVK,Slovakia,Eastern Europe,0.17135924127324334,0.23757031566932382,0.23466337067564466,0.06621107439608048,0.06330412940240132,0,0,-0.0029069449936791614,percapita_sensitivity
SVN,Slovenia,Southern Europe,0.2104092831778439,0.1999938759251284,0.1975314782973788,0.010415407252715503,0.01287780488046511,0,0,0.0024623976277496074,percapita_sensitivity
ESP,Spain,Southern Europe,0.19118695961871326,0.16249624369154506,0.15440928896830441,0.02869071592716821,0.03677767065040885,0,0,0.008086954723240641,percapita_sensitivity
SWE,Sweden,Northern Europe,0.21924683880167534,0.19851480935481797,0.19807374192106966,0.02073202944685737,0.021173096880605674,0,0,0.0004410674337483045,percapita_sensitivity
CHE,Switzerland,Western Europe,0.20255138935875544,0.1997318705164117,0.18846413772178602,0.0028195188423437434,0.014087251636969417,0,0,0.011267732794625673,percapita_sensitivity
UKR,Ukraine,Eastern Europe,0.17767865721146503,0.2162875778475026,0.2079844175375297,0.038608920636037575,0.030305760326064662,0,0,-0.008303160309972912,percapita_sensitivity
GBR,United Kingdom,Northern Europe,0.16309409461298247,0.17324478239507343,0.16457562157957822,0.010150687782090967,0.0014815269665957587,0,0,-0.008669160815495208,percapita_sensitivity
BHS,Bahamas,Caribbean,0.13991083211606994,0.13276138919580519,0.1416173555852674,0.007149442920264759,0.0017065234691974462,0,0,-0.005442919451067313,percapita_sensitivity
CAN,Canada,Northern America,0.2521930060529909,0.16584743754339748,0.15559188701204543,0.0863455685095934,0.09660111904094545,0,0,0.010255550531352048,percapita_sensitivity
CRI,Costa Rica,Central America,0.10130466192673268,0.1318336511164087,0.12105377914718302,0.03052898918967603,0.019749117220450335,0,0,-0.010779871969225696,percapita_sensitivity
CUB,Cuba,Caribbean,0.12305617676307766,0.11461085916409194,0.1155263476267733,0.008445317598985716,0.0075298291363043585,0,0,-0.0009154884626813575,percapita_sensitivity
DOM,Dominican Republic,Caribbean,0.15478420047944152,0.0931923178776777,0.08993481809248843,0.06159188260176382,0.06484938238695309,0,0,0.0032574997851892717,percapita_sensitivity
SLV,El Salvador,Central America,0.06948090854064985,0.1276270610566397,0.12421420937745219,0.058146152515989855,0.054733300836802334,0,0,-0.00341285167918752,percapita_sensitivity
GTM,Guatemala,Central America,0.0508136158223582,0.10952093820024975,0.11373854451905444,0.058707322377891544,0.06292492869669623,0,0,0.00421760631880469,percapita_sensitivity
HTI,Haiti,Caribbean,0.14216341234840274,0.08283511795503609,0.07996817433913986,0.05932829439336665,0.06219523800926288,0,0,0.0028669436158962336,percapita_sensitivity
HND,Honduras,Central America,0.08078933014247122,0.1395398889211104,0.13947734329854466,0.05875055877863919,0.05868801315607344,0,0,-6.254562256574614e-05,percapita_sensitivity
JAM,Jamaica,Caribbean,0.12861876139008294,0.10361118635723378,0.10541422543783865,0.025007575032849158,0.023204535952244282,0,0,-0.0018030390806048763,percapita_sensitivity
MEX,Mexico,Central America,0.04065719593311795,0.14001283609741783,0.14925270000565605,0.09935564016429987,0.1085955040725381,0,0,0.009239863908238222,percapita_sensitivity
NIC,Nicaragua,Central America,0.09228609649696132,0.1351455431253817,0.1372772312063123,0.042859446628420395,0.04499113470935098,0,0,0.0021316880809305883,percapita_sensitivity
PAN,Panama,Central America,0.12161241121300685,0.12156035602848386,0.11521348149031217,5.2055184522989406e-05,0.0063989297226946795,0,0,0.00634687453817169,percapita_sensitivity
USA,United States,Northern America,0.1695001197237513,0.14325925851657656,0.14884188130176246,0.026240861207174754,0.020658238421988856,0,0,-0.005582622785185898,percapita_sensitivity
AUS,Australia,Australia and New Zealand,0.16302097420962694,0.0985233252347356,0.11295152507572048,0.06449764897489134,0.05006944913390646,0,0,-0.014428199840984882,percapita_sensitivity
NZL,New Zealand,Australia and New Zealand,0.10027093962176431,0.17262521739856276,0.16473183904254324,0.07235427777679845,0.06446089942077893,0,0,-0.007893378356019526,percapita_sensitivity
PNG,Papua New Guinea,Melanesia,0.13861753573076713,0.05346630747966649,0.050956805783464704,0.08515122825110064,0.08766072994730242,0,0,0.002509501696201788,percapita_sensitivity
ARG,Argentina,South America,0.10866574248962382,0.1739520818427475,0.15713489082789633,0.06528633935312367,0.04846914833827251,0,0,-0.016817191014851157,percapita_sensitivity
BOL,Bolivia,South America,0.10781469285053756,0.11771807123850177,0.16157429274324328,0.009903378387964207,0.05375959989270572,0,0,0.04385622150474151,percapita_sensitivity
BRA,Brazil,South America,0.16469595530453246,0.0499614042649348,0.049943110169013843,0.11473455103959766,0.11475284513551862,0,0,1.8294095920953768e-05,percapita_sensitivity
CHL,Chile,South America,0.0993071522959073,0.15904743551292094,0.17714124432879177,0.05974028321701365,0.07783409203288448,0,0,0.018093808815870832,percapita_sensitivity
COL,Colombia,South America,0.13225011394627992,0.11581594222744228,0.10745893735485802,0.01643417171883764,0.024791176591421896,0,0,0.008357004872584256,percapita_sensitivity
ECU,Ecuador,South America,0.12529387656573873,0.08646846417557034,0.07823484738585224,0.03882541239016839,0.0470590291798865,0,0,0.00823361678971811,percapita_sensitivity
PRY,Paraguay,South America,0.12268222549728672,0.1619821938841932,0.1508921752452584,0.03929996838690647,0.02820994974797167,0,0,-0.011090018638934801,percapita_sensitivity
PER,Peru,South America,0.10234701745272959,0.10302024992885199,0.1048221952997026,0.0006732324761224012,0.0024751778469730146,0,0,0.0018019453708506133,percapita_sensitivity
SUR,Suriname,South America,0.14991778270906336,0.12046633096076508,0.12912156921194962,0.029451451748298288,0.020796213497113747,0,0,-0.008655238251184541,percapita_sensitivity
URY,Uruguay,South America,0.1340604374132053,0.13118140317190416,0.11729972711058707,0.0028790342413011483,0.016760710302618234,0,0,0.013881676061317086,percapita_sensitivity
VEN,Venezuela,South America,0.14209795456206648,0.11841956725638354,0.11808870753083106,0.023678387305682932,0.024009247031235414,0,0,0.000330859725552482,percapita_sensitivity
