Country,iso3,berkeley,era5,b_residual,e_residual,m49_subregion,m49_region,b_minus_e,b_sign,e_sign,sign_agreement,squared_gap_share,station_knn8_b_minus_e_local_i,station_knn8_b_minus_e_p_value,station_knn8_b_minus_e_q_value,station_knn8_b_minus_e_quadrant,station_knn8_b_minus_e_label,station_knn8_b_minus_e_fdr_label,station_knn8_b_residual_local_i,station_knn8_b_residual_p_value,station_knn8_b_residual_q_value,station_knn8_b_residual_quadrant,station_knn8_b_residual_label,station_knn8_b_residual_fdr_label,station_knn8_e_residual_local_i,station_knn8_e_residual_p_value,station_knn8_e_residual_q_value,station_knn8_e_residual_quadrant,station_knn8_e_residual_label,station_knn8_e_residual_fdr_label,area_knn8_b_minus_e_local_i,area_knn8_b_minus_e_p_value,area_knn8_b_minus_e_q_value,area_knn8_b_minus_e_quadrant,area_knn8_b_minus_e_label,area_knn8_b_minus_e_fdr_label,area_knn8_b_residual_local_i,area_knn8_b_residual_p_value,area_knn8_b_residual_q_value,area_knn8_b_residual_quadrant,area_knn8_b_residual_label,area_knn8_b_residual_fdr_label,area_knn8_e_residual_local_i,area_knn8_e_residual_p_value,area_knn8_e_residual_q_value,area_knn8_e_residual_quadrant,area_knn8_e_residual_label,area_knn8_e_residual_fdr_label
Algeria,DZA,0.24027005915767902,0.333675469057358,0.030671151846222572,0.07901403740901347,Northern Africa,Africa,-0.09340540989967899,1,1,True,0.015516726725152584,0.45696393376808037,0.3139,0.7181651515151516,LL,ns,ns,0.27736210709659753,0.4743,0.6953330097087378,HH,ns,ns,0.6701346995117897,0.2167,0.7359113207547169,HH,ns,ns,0.9416682967045572,0.0381,0.5009260869565219,LL,LL,ns,0.5588526942717583,0.1468,0.42166037735849055,HH,ns,ns,1.349725487621148,0.0127,0.2850125,HH,HH,ns
Angola,AGO,0.2003000150757142,0.1704696560830365,0.0476945686353156,0.005052706036425214,Middle Africa,Africa,0.02983035899267772,1,1,True,0.0015826067368080571,0.20521362498124388,0.4384,0.764161797752809,HH,ns,ns,-1.0432887412766119,0.0736,0.31500277777777774,HL,ns,ns,-0.026357016767371212,0.4511,0.8614456790123457,HL,ns,ns,0.185216763919336,0.4833,0.8485848837209303,HH,ns,ns,-0.8546960126507414,0.1468,0.42166037735849055,HL,ns,ns,-0.014817141643080425,0.6735,0.9967,HL,ns,ns
Benin,BEN,0.20270211677173233,0.2582009830664766,0.010790496931509796,0.04479573776280202,Western Africa,Africa,-0.055498866294744265,1,1,True,0.0054780283259279845,0.27303832071539824,0.2305,0.6511874999999999,LL,ns,ns,0.039319485519983544,0.7772,0.882384962406015,HH,ns,ns,0.3629913792298159,0.2355,0.7359113207547169,HH,ns,ns,0.27303832071539824,0.2305,0.6630272727272727,LL,ns,ns,0.039319485519983544,0.7772,0.9097457364341086,HH,ns,ns,0.3629913792298159,0.2355,0.8287441860465116,HH,ns,ns
Botswana,BWA,0.15541865895509172,0.1534354921941105,-0.056179577372255846,-0.05734712813496065,Southern Africa,Africa,0.001983166760981203,-1,-1,True,6.994787413326006e-06,0.2253971011298806,0.0329,0.39881764705882355,HH,HH,ns,1.0465536874306942,0.1238,0.42509782608695657,LL,ns,ns,0.8807749895614316,0.0231,0.30577499999999996,LL,LL,ns,0.20944501835362928,0.0476,0.5009260869565219,HH,HH,ns,0.6228375686523216,0.3618,0.6387299999999999,LL,ns,ns,0.7569980317329117,0.0545,0.411475,LL,ns,ns
Burkina Faso,BFA,0.2158731392585228,0.2720756471793005,-0.004032485709982464,0.04062163170389482,Western Africa,Africa,-0.05620250792077769,-1,1,False,0.005617815102366312,0.07146965053631817,0.7617,0.8752323308270676,LL,ns,ns,-0.06561005533250934,0.2006,0.5012704918032787,LH,ns,ns,0.20739610618560336,0.4514,0.8614456790123457,HH,ns,ns,-0.074624513660803,0.7522,0.922063829787234,LH,ns,ns,-0.06872866785549617,0.1766,0.46159137931034483,LH,ns,ns,0.03262064862967361,0.9058,0.9967,HH,ns,ns
Burundi,BDI,0.20888549627683978,0.205794030734597,0.019362205718186393,0.020389672885963217,Eastern Africa,Africa,0.003091465542242766,1,1,True,1.6997492986388135e-05,0.10736662997828064,0.3464,0.7579774647887324,HH,ns,ns,0.10974194093002326,0.6577,0.8080341463414634,HH,ns,ns,0.0028158508620749196,0.9841,0.9938000000000001,HH,ns,ns,0.10736662997828064,0.3464,0.7272486486486487,HH,ns,ns,0.10974194093002326,0.6577,0.8213900826446281,HH,ns,ns,0.0028158508620749196,0.9841,0.9967,HH,ns,ns
Cameroon,CMR,0.16636200134979467,0.149605522049956,-0.0317048923543064,-0.07552041560898304,Middle Africa,Africa,0.016756479299838672,-1,-1,True,0.0004993690235093439,-0.14954205748316823,0.4304,0.764161797752809,HL,ns,ns,0.521017261080129,0.1753,0.48676909090909093,LL,ns,ns,-0.14496459152547944,0.7762,0.9938000000000001,LH,ns,ns,-0.029938485614713076,0.8786,0.92959375,HL,ns,ns,0.5566738244551118,0.148,0.42166037735849055,LL,ns,ns,-0.037347688502118274,0.9429,0.9967,LH,ns,ns
Central African Republic,CAF,0.18403786064638777,0.1230525615295119,-0.038286475943231785,-0.09577072666799895,Middle Africa,Africa,0.06098529911687588,-1,-1,True,0.006614642345601445,0.11958126241378118,0.7949,0.8891103703703704,HH,ns,ns,0.577346395622627,0.2188,0.5120477611940298,LL,ns,ns,0.039174117449632506,0.9531,0.9938000000000001,LL,ns,ns,0.11958126241378118,0.7949,0.922063829787234,HH,ns,ns,0.577346395622627,0.2188,0.5244253968253969,LL,ns,ns,0.039174117449632506,0.9531,0.9967,LL,ns,ns
Chad,TCD,0.2035091414222523,0.2661726338219336,-0.02663633044034444,0.0327501472949315,Middle Africa,Africa,-0.06266349239968133,-1,1,False,0.0069836946359063045,-0.09355524738084667,0.7361,0.8616364341085271,LH,ns,ns,0.4863230736522116,0.1358,0.4362936170212766,LL,ns,ns,-0.15004260808603706,0.5126,0.9214595238095237,HL,ns,ns,0.3729570224383871,0.17,0.64175,LL,ns,ns,1.0067929172582994,0.0019,0.050333333333333334,LL,LL,ns,-0.21401888602223648,0.3511,0.9243716666666667,HL,ns,ns
Congo,COG,0.1704220858831212,0.1647162873228972,-0.004141486026586455,0.024783547425125202,Middle Africa,Africa,0.00570579856022399,-1,1,False,5.7901380773646825e-05,0.08644080538343797,0.4898,0.7785242105263158,HH,ns,ns,0.05346067000013119,0.3001,0.6091560975609757,LL,ns,ns,-0.0971566722248221,0.5665,0.9706468749999999,HL,ns,ns,0.14948509574369523,0.2325,0.6630272727272727,HH,ns,ns,0.03608552313000387,0.4792,0.7094039215686274,LL,ns,ns,-0.1900691417182061,0.2711,0.8528354166666667,HL,ns,ns
Congo (Democratic Republic Of The),COD,0.19859794898946587,0.1962951097284228,-0.0034979198702884684,0.012556327276948775,Middle Africa,Africa,0.002302839261043077,-1,1,False,9.431554975323624e-06,0.12410110706516142,0.2415,0.6511874999999999,HH,ns,ns,-0.034149497709291654,0.4345,0.6627222222222222,LH,ns,ns,0.003870653548443936,0.9621,0.9938000000000001,HH,ns,ns,0.12410110706516142,0.2415,0.6630272727272727,HH,ns,ns,-0.034149497709291654,0.4345,0.6839041666666668,LH,ns,ns,0.003870653548443936,0.9621,0.9967,HH,ns,ns
Côte D'Ivoire,CIV,0.20772847580142792,0.2058693143279862,0.01687231014410856,-0.013729552063841854,Western Africa,Africa,0.0018591614734417283,1,-1,False,6.147383010492319e-06,0.053857665833698096,0.6142,0.8135456140350876,HH,ns,ns,0.27687965363360134,0.1773,0.48676909090909093,HH,ns,ns,-0.014652921406367122,0.8825,0.9938000000000001,LH,ns,ns,0.053857665833698096,0.6142,0.8667682242990653,HH,ns,ns,0.27687965363360134,0.1773,0.46159137931034483,HH,ns,ns,-0.014652921406367122,0.8825,0.9967,LH,ns,ns
Djibouti,DJI,0.20035987264449803,0.2554672355674419,0.0035013912647491596,0.0018651505722159234,Eastern Africa,Africa,-0.05510736292294385,1,1,True,0.005401014066484279,0.6812276405982589,0.0048,0.14495999999999998,LL,LL,ns,0.002067431330688732,0.959,0.967004,HH,ns,ns,0.017514372933653564,0.1637,0.6504921052631579,HH,ns,ns,0.7472230292553171,0.0018,0.10947499999999999,LL,LL,ns,0.010706044701589895,0.7992,0.9194984848484847,HH,ns,ns,0.024681863053610077,0.0486,0.3862421052631579,HH,HH,ns
Egypt,EGY,0.15478518959618381,0.2599890546854204,-0.07206207616360652,-0.02571256742236827,Northern Africa,Africa,-0.10520386508923657,-1,-1,True,0.019684275811644877,0.7743173180342763,0.1343,0.5384342105263158,LL,ns,ns,2.431708307388417,0.0041,0.08305,LL,LL,ns,-0.016244065229763373,0.9275,0.9938000000000001,LH,ns,ns,0.7353134402915049,0.1552,0.6094205128205129,LL,ns,ns,3.1035273851349037,0.0004,0.050333333333333334,LL,LL,ns,0.045443992530142224,0.8003,0.9967,LL,ns,ns
Equatorial Guinea,GNQ,0.16354706521210607,0.2073609196834921,-0.02349015823247133,0.012176048954987861,Middle Africa,Africa,-0.04381385447138603,-1,1,False,0.0034141215045788375,-0.03530945675229733,0.828,0.8937042857142857,LH,ns,ns,0.4430102809531607,0.1269,0.42509782608695657,LL,ns,ns,-0.04627019862557235,0.5813,0.9706468749999999,HL,ns,ns,-0.07636470196408326,0.6393,0.8712160714285714,LH,ns,ns,0.29255517432599837,0.314,0.6321866666666667,LL,ns,ns,-0.06318518409975764,0.4567,0.9290473684210527,HL,ns,ns
Eritrea,ERI,0.20315322405399622,0.2605094991600996,-0.0029237634167966486,-0.015643764660329573,Eastern Africa,Africa,-0.05735627510610336,-1,-1,True,0.005850836049343452,0.7170700802875044,0.0033,0.12835,LL,LL,ns,-0.004702482796191845,0.9009,0.94469375,LH,ns,ns,-0.16031364508083862,0.1296,0.6137705882352941,LH,ns,ns,0.8251996156030033,0.0007,0.1057,LL,LL,ns,0.017256828512019144,0.6454,0.8213900826446281,LL,ns,ns,-0.17195180694363243,0.103,0.5184333333333333,LH,ns,ns
Ethiopia,ETH,0.2076992707889047,0.2851909282257945,-0.001814051624761781,0.009958483248900085,Eastern Africa,Africa,-0.0774916574368898,-1,1,False,0.010679869603148406,1.1255197369847185,0.0027,0.12835,LL,LL,ns,-0.007074356165212348,0.7545,0.8737251908396947,LH,ns,ns,0.1278353663452663,0.0606,0.42279999999999995,HH,ns,ns,0.6505626267152135,0.069,0.5009260869565219,LL,ns,ns,-0.012410904875454392,0.5818,0.7986527272727273,LH,ns,ns,0.062016894751695265,0.3673,0.9243716666666667,HH,ns,ns
Gabon,GAB,0.16553931693258667,0.1898257029221271,-0.024921542856858603,0.008315608456786444,Middle Africa,Africa,-0.024286385989540443,-1,1,False,0.0010490153337982839,-0.016893114127537905,0.7278,0.8616364341085271,LH,ns,ns,0.3047307778014901,0.3173,0.6091560975609757,LL,ns,ns,-0.0415801136580237,0.4621,0.8614456790123457,HL,ns,ns,-0.04463634725756133,0.3495,0.7272486486486487,LH,ns,ns,0.13738499392797784,0.6542,0.8213900826446281,LL,ns,ns,-0.04312638831566329,0.4446,0.9290473684210527,HL,ns,ns
Ghana,GHA,0.1992545668996173,0.2209490627163284,0.013793015989287366,0.004382661639022928,Western Africa,Africa,-0.021694495816711096,1,1,True,0.0008370572712347314,0.021083873104388227,0.5106,0.7787939393939395,LL,ns,ns,0.12708532048894716,0.46,0.6809803921568628,HH,ns,ns,0.02626398896393331,0.3776,0.8614456790123457,HH,ns,ns,-0.0034786093207525614,0.9135,0.9457905405405406,LH,ns,ns,0.19613308319148037,0.2496,0.5519159420289855,HH,ns,ns,0.011297262174593509,0.6981,0.9967,HH,ns,ns
Guinea,GIN,0.22751348300753205,0.2029766053230684,0.03455585260319305,-0.015851863510204373,Western Africa,Africa,0.024536877684463637,1,-1,False,0.0010707661815683618,0.18645923528884753,0.4328,0.764161797752809,HH,ns,ns,1.088374849301031,0.009,0.08588125,HH,HH,ns,-0.034128417925845506,0.7529,0.9938000000000001,LH,ns,ns,0.18645923528884753,0.4328,0.81691,HH,ns,ns,1.088374849301031,0.009,0.104945,HH,HH,ns,-0.034128417925845506,0.7529,0.9967,LH,ns,ns
Guinea Bissau,GNB,0.23319971534367673,0.2122086209021162,0.03515067931034169,0.017755917949093397,Western Africa,Africa,0.020991094441560526,1,1,True,0.0007836573576083299,0.17488873460458626,0.4194,0.764161797752809,HH,ns,ns,1.1037971319377398,0.0091,0.08588125,HH,HH,ns,0.009004596448077854,0.9394,0.9938000000000001,HH,ns,ns,0.17488873460458626,0.4194,0.8150128205128205,HH,ns,ns,1.1037971319377398,0.0091,0.104945,HH,HH,ns,0.009004596448077854,0.9394,0.9967,HH,ns,ns
Kenya,KEN,0.21062387448612835,0.2607461765932409,0.04047789739491467,0.07321632703772726,Eastern Africa,Africa,-0.05012230210711255,1,1,True,0.004468050468069926,-0.1158946256680961,0.5663,0.7913772727272728,LH,ns,ns,0.37933003477382615,0.4427,0.668477,HH,ns,ns,-0.0770926923766858,0.8777,0.9938000000000001,HL,ns,ns,-0.04530588580233505,0.8205,0.922063829787234,LH,ns,ns,0.4242146508080757,0.3909,0.6486362637362638,HH,ns,ns,-0.11542613692845281,0.8212,0.9967,HL,ns,ns
Lesotho,LSO,0.16129029981211962,0.1472159500694615,-0.01060638396751401,-0.031047150209142865,Southern Africa,Africa,0.014074349742658115,-1,-1,True,0.0003523000688661242,0.36366355848053955,0.0402,0.39881764705882355,HH,HH,ns,0.27416085158316444,0.0358,0.20357037037037037,LL,LL,ns,0.516829844049528,0.014,0.23556,LL,LL,ns,0.36366355848053955,0.0402,0.5009260869565219,HH,HH,ns,0.27416085158316444,0.0358,0.18640689655172415,LL,LL,ns,0.516829844049528,0.014,0.2850125,LL,LL,ns
Liberia,LBR,0.2160061033815747,0.1372370978996987,0.01466992832401634,-0.07133453060700862,Western Africa,Africa,0.07876900548187599,1,-1,False,0.011034858655883368,0.2875553844355326,0.5923,0.7921486725663717,HH,ns,ns,0.4206296030167574,0.0199,0.13658636363636364,HH,HH,ns,-0.21565193276861272,0.6646,0.9822330097087378,LH,ns,ns,0.3950277820976557,0.4652,0.8463277108433734,HH,ns,ns,0.34387644591339356,0.0571,0.2330297297297297,HH,ns,ns,0.022120645324113262,0.9639,0.9967,LL,ns,ns
Libya,LBY,0.19059948923507644,0.2877246864240973,-0.04607576366590263,0.02436529776313784,Northern Africa,Africa,-0.09712519718902088,-1,1,False,0.016777215282825404,-0.06592399567052332,0.8905,0.9273482758620689,LH,ns,ns,-0.2399813260401421,0.6756,0.8161248,LH,ns,ns,-0.07148959552201159,0.67,0.9822330097087378,HL,ns,ns,0.7130538154462158,0.1312,0.6094205128205129,LL,ns,ns,0.5931754083912008,0.3005,0.6131824324324324,LL,ns,ns,0.06716772466207256,0.6898,0.9967,HH,ns,ns
Madagascar,MDG,0.1813544794012833,0.1927833990615929,-8.905938348996445e-05,0.047785257418197086,Eastern Africa,Africa,-0.011428919660309594,-1,1,False,0.00023230920040145036,0.05831079053120163,0.0309,0.39881764705882355,HH,HH,ns,0.0015097404577385225,0.1688,0.48676909090909093,LL,ns,ns,-0.6658964434999747,0.0429,0.3810529411764706,HL,HL,ns,0.04640065900229592,0.0816,0.5134,HH,ns,ns,5.69279176523458e-07,0.9998,0.9997999999999999,LL,ns,ns,-0.28347457587329256,0.3883,0.9290473684210527,HL,ns,ns
Malawi,MWI,0.18854099012577252,0.1341335717784611,8.741154819832953e-05,-0.039021422192781985,Eastern Africa,Africa,0.054407418347311415,1,-1,False,0.0052646837500900465,0.6491308418444179,0.109,0.49875757575757573,HH,ns,ns,-0.0009265230469527439,0.3841,0.626731182795699,HL,ns,ns,0.21680910087628247,0.4246,0.8614456790123457,LL,ns,ns,0.5373229844734914,0.1906,0.6630272727272727,HH,ns,ns,-0.0003611611464938615,0.738,0.88087265625,HL,ns,ns,0.06982817890468478,0.7988,0.9967,LL,ns,ns
Mali,MLI,0.24782669503123966,0.318525828845405,0.021043389925692796,0.08508745245603419,Western Africa,Africa,-0.07069913381416532,1,1,True,0.0088896412764409,-0.45855682213003357,0.1486,0.575348717948718,LH,ns,ns,0.4126348167473017,0.112,0.41525,HH,ns,ns,-0.4336190518487266,0.4507,0.8614456790123457,HL,ns,ns,0.1752396571714337,0.5823,0.8667682242990653,LL,ns,ns,0.5012563604155402,0.0488,0.22329696969696972,HH,HH,ns,0.6072619039051437,0.2991,0.9080326923076922,HH,ns,ns
Mauritania,MRT,0.2597916027159455,0.2923419403468353,0.05149929222154939,0.042096915567514104,Western Africa,Africa,-0.032550337630889825,1,1,True,0.0018843737496673306,-0.11002657005375678,0.2528,0.6651677966101696,LH,ns,ns,1.4837893512047877,0.0181,0.13658636363636364,HH,HH,ns,-0.028831578126251544,0.9188,0.9938000000000001,HL,ns,ns,-0.03259773657804786,0.7278,0.922063829787234,LH,ns,ns,1.6951034318541471,0.0072,0.104945,HH,HH,ns,0.21106111668646813,0.4626,0.9290473684210527,HH,ns,ns
Morocco,MAR,0.2418455862979349,0.2929886475334236,0.0405701157262153,0.0450304622154388,Northern Africa,Africa,-0.051143061235488674,1,1,True,0.004651890568244453,0.17914967091861173,0.3779,0.764161797752809,LL,ns,ns,0.9304024370813695,0.0654,0.29045294117647064,HH,ns,ns,0.4959559222516353,0.1023,0.5326655172413793,HH,ns,ns,0.2078006708044523,0.3046,0.7272486486486487,LL,ns,ns,1.0420515947572282,0.0383,0.19277666666666668,HH,HH,ns,0.570502553368686,0.0605,0.43502380952380953,HH,ns,ns
Mozambique,MOZ,0.172823801894673,0.1108354161002468,-0.012962522057942794,-0.04471781709206288,Eastern Africa,Africa,0.0619883857944262,-1,-1,True,0.00683402722906525,0.7987808301650937,0.0839,0.46921851851851853,HH,ns,ns,0.2989578445625755,0.0601,0.27637575757575755,LL,ns,ns,0.5440706073752725,0.078,0.453,LL,ns,ns,0.7285732888089834,0.1124,0.6061571428571428,HH,ns,ns,0.17214088234753885,0.2844,0.5970791666666666,LL,ns,ns,0.34862628615191443,0.2599,0.8349978723404256,LL,ns,ns
Namibia,NAM,0.17785319196923344,0.1860337789309331,-0.015314826586640184,-0.03002276764205475,Southern Africa,Africa,-0.008180586961699654,-1,-1,True,0.00011902138005676855,0.09407024671643317,0.042,0.39881764705882355,HH,HH,ns,0.26893684203176194,0.1522,0.4785775510204081,LL,ns,ns,0.436482883252966,0.0322,0.30577499999999996,LL,LL,ns,0.09407024671643317,0.042,0.5009260869565219,HH,HH,ns,0.26893684203176194,0.1522,0.42559629629629625,LL,ns,ns,0.436482883252966,0.0322,0.320875,LL,LL,ns
Niger,NER,0.2385606960588716,0.3340678680482721,0.002957379184760106,0.053882122248679165,Western Africa,Africa,-0.09550717198940051,1,1,True,0.01622288245622463,0.36935285323372513,0.4268,0.764161797752809,LL,ns,ns,-0.03065222908046113,0.3999,0.6356305263157894,HL,ns,ns,0.1114951392485392,0.7629,0.9938000000000001,HH,ns,ns,0.6519157265970933,0.1574,0.6094205128205129,LL,ns,ns,-0.001879418388431813,0.9615,0.9876632653061224,HL,ns,ns,0.5008154421586998,0.1811,0.7011820512820514,HH,ns,ns
Nigeria,NGA,0.2030109401107239,0.1976777415209111,0.00783900302879681,-0.0339753459073909,Western Africa,Africa,0.005333198589812793,1,-1,False,5.0586142315512836e-05,-0.14730511348201403,0.2344,0.6511874999999999,HL,ns,ns,-0.08518147952336216,0.3807,0.626731182795699,HL,ns,ns,-0.1758280168438013,0.4489,0.8614456790123457,LH,ns,ns,-0.14730511348201403,0.2344,0.6630272727272727,HL,ns,ns,-0.08518147952336216,0.3807,0.6387299999999999,HL,ns,ns,-0.1758280168438013,0.4489,0.9290473684210527,LH,ns,ns
Rwanda,RWA,0.20845952779692498,0.1928771974182167,0.011368703516902084,0.01056147528290044,Eastern Africa,Africa,0.015582330378708265,1,1,True,0.0004318380105563625,0.16330996662504826,0.3674,0.764161797752809,HH,ns,ns,0.07883303603911089,0.5692,0.753940350877193,HH,ns,ns,0.006541825272856208,0.929,0.9938000000000001,HH,ns,ns,0.16330996662504826,0.3674,0.7396986666666667,HH,ns,ns,0.07883303603911089,0.5692,0.7885247706422018,HH,ns,ns,0.006541825272856208,0.929,0.9967,HH,ns,ns
Senegal,SEN,0.24097868636270878,0.2792214257610943,0.03885892550881537,0.026396786039129427,Western Africa,Africa,-0.038242739398385545,1,1,True,0.0026010819681079487,-0.1524749217634279,0.2345,0.6511874999999999,LH,ns,ns,1.1974141762635302,0.0112,0.09948235294117647,HH,HH,ns,0.0022166671632528846,0.9896,0.9938000000000001,HH,ns,ns,-0.1524749217634279,0.2345,0.6630272727272727,LH,ns,ns,1.1974141762635302,0.0112,0.104945,HH,HH,ns,0.0022166671632528846,0.9896,0.9967,HH,ns,ns
Sierra Leone,SLE,0.22372060994282955,0.1282817622163181,0.02474539184123309,-0.08293120481584271,Western Africa,Africa,0.09543884772651146,1,-1,False,0.016199679591116196,0.22751341084142018,0.7286,0.8616364341085271,HH,ns,ns,0.8178434098031911,0.0069,0.08305,HH,HH,ns,-0.45097515096341323,0.4327,0.8614456790123457,LH,ns,ns,0.42443962084888825,0.5118,0.8586866666666667,HH,ns,ns,0.7894198145097319,0.0083,0.104945,HH,HH,ns,-0.12321081918490433,0.8282,0.9967,LH,ns,ns
Somalia,SOM,0.19588332023430152,0.1571613725894879,0.0018855441208645296,-0.09885710163062242,Eastern Africa,Africa,0.038721947644813626,1,-1,False,0.002666677134950812,-0.8217448231396002,0.0132,0.3322,HL,HL,ns,0.020598975101196945,0.3797,0.626731182795699,HH,ns,ns,-1.2140016407973284,0.0644,0.42279999999999995,LH,ns,ns,-0.6479479805427301,0.0435,0.5009260869565219,HL,HL,ns,0.03931834811941652,0.0931,0.3150866666666666,HH,ns,ns,-1.154127685385657,0.0787,0.4576461538461538,LH,ns,ns
South Africa,ZAF,0.16028496312204338,0.12635310153464,-0.020912148906582106,-0.06390338737671264,Southern Africa,Africa,0.033931861587403384,-1,-1,True,0.0020477240163929706,0.5678669320948951,0.0544,0.4228,HH,ns,ns,0.5064079861112342,0.0555,0.27033870967741935,LL,ns,ns,0.9609528421405054,0.0278,0.30577499999999996,LL,LL,ns,0.5678669320948951,0.0544,0.5009260869565219,HH,ns,ns,0.5064079861112342,0.0555,0.23279166666666665,LL,ns,ns,0.9609528421405054,0.0278,0.320875,LL,LL,ns
Sudan,SDN,0.20487305719629992,0.2962250233316799,-0.037761110524674985,0.007113003001999019,Northern Africa,Africa,-0.09135196613537996,-1,1,False,0.014841980210829022,1.3416480989346504,0.0034,0.12835,LL,LL,ns,-0.36230557065989094,0.4334,0.6627222222222222,LH,ns,ns,0.09229959833740871,0.0592,0.42279999999999995,HH,ns,ns,0.9378195726081741,0.0313,0.5009260869565219,LL,LL,ns,1.1568464720175546,0.0149,0.10713809523809523,LL,LL,ns,-0.010666389736960396,0.8292,0.9967,HL,ns,ns
Swaziland,SWZ,0.15934183499515397,0.0997263042839373,-0.0294569791919366,-0.06635395496523322,Southern Africa,Africa,0.05961553071121667,-1,-1,True,0.0063208411957355595,0.7898120243900225,0.0714,0.44922500000000004,HH,ns,ns,0.6734529485708406,0.0604,0.27637575757575755,LL,ns,ns,0.9898404474024284,0.0257,0.30577499999999996,LL,LL,ns,0.7898120243900225,0.0714,0.5009260869565219,HH,ns,ns,0.6734529485708406,0.0604,0.2350179487179487,LL,ns,ns,0.9898404474024284,0.0257,0.320875,LL,LL,ns
Tanzania,TZA,0.20953051997740807,0.2005613709860363,0.04084163412122149,0.025344523991147977,Eastern Africa,Africa,0.008969148991371773,1,1,True,0.00014307327783791177,0.11503479672163616,0.4222,0.764161797752809,HH,ns,ns,0.35243146842300505,0.4807,0.6979394230769231,HH,ns,ns,-0.006480340992921075,0.9703,0.9938000000000001,HL,ns,ns,0.13599639276534858,0.3427,0.7272486486486487,HH,ns,ns,0.25635937042752327,0.6146,0.8075217391304348,HH,ns,ns,0.06071529221360027,0.7293,0.9967,HH,ns,ns
Togo,TGO,0.1941324419699687,0.2333839668205056,-0.01198169831242235,0.017023438200616636,Western Africa,Africa,-0.0392515248505369,-1,1,False,0.0027401170574200585,0.1742815570335146,0.2035,0.6511874999999999,LL,ns,ns,-0.08688635234285735,0.5588,0.7533821428571429,LH,ns,ns,0.16109809609014905,0.173,0.653075,HH,ns,ns,0.028305277357253418,0.8338,0.922063829787234,LL,ns,ns,-0.10911914798515912,0.4597,0.694147,LH,ns,ns,0.05670932889380837,0.6279,0.9967,HH,ns,ns
Tunisia,TUN,0.23748975158588337,0.3633603979742043,0.0031171366549856694,0.09041024868447473,Northern Africa,Africa,-0.1258706463883209,1,1,True,0.028177663289390406,0.10046124939556728,0.8753,0.9242678321678321,LL,ns,ns,0.019465708844488755,0.6169,0.7906108333333334,HH,ns,ns,0.15992491231943298,0.7893,0.9938000000000001,HH,ns,ns,-0.0581433216964634,0.927,0.9457905405405406,LH,ns,ns,0.005602289523841682,0.8818,0.9480035211267606,HH,ns,ns,-0.27378695173989187,0.6596,0.9967,HL,ns,ns
Uganda,UGA,0.21147594840550732,0.2909564909106967,-0.009080767167602644,0.037566931428255346,Eastern Africa,Africa,-0.07948054250518938,-1,1,False,0.011235119494775844,0.050664913362537936,0.8874,0.9273482758620689,LL,ns,ns,-0.10194495752169239,0.372,0.626731182795699,LH,ns,ns,0.11090289866215129,0.6689,0.9822330097087378,HH,ns,ns,-0.29788801929093994,0.4269,0.815973417721519,LH,ns,ns,-0.10118915507609229,0.3761,0.6387299999999999,LH,ns,ns,-0.07837365573174185,0.7664,0.9967,HL,ns,ns
Zambia,ZMB,0.17691283567770744,0.1618872634036279,-0.006134339011809931,-0.021633397957010858,Eastern Africa,Africa,0.015025572274079524,-1,-1,True,0.000401530087960623,0.2963079154897359,0.1022,0.49875757575757573,HH,ns,ns,0.022611786774276266,0.767,0.8774015151515152,LL,ns,ns,0.0944561804265834,0.5243,0.9314035294117646,LL,ns,ns,0.31225567368866847,0.0853,0.515212,HH,ns,ns,-0.01269092031417346,0.867,0.9418489208633094,LH,ns,ns,0.10029229379955105,0.4975,0.9509177215189873,LL,ns,ns
Zimbabwe,ZWE,0.1535502891079796,0.1653027245865726,-0.02228706677304762,-0.016923821486809237,Eastern Africa,Africa,-0.011752435478593004,-1,-1,True,0.0002456471905106933,0.05553614110317117,0.0274,0.39881764705882355,HH,HH,ns,0.5348483514856197,0.0515,0.25921666666666665,LL,ns,ns,0.293429508073376,0.0123,0.23556,LL,LL,ns,0.05553614110317117,0.0274,0.5009260869565219,HH,HH,ns,0.5348483514856197,0.0515,0.2287205882352941,LL,ns,ns,0.293429508073376,0.0123,0.2850125,LL,LL,ns
Afghanistan,AFG,0.24733117695547363,0.2611979594079489,0.03322181281142397,-0.0037945265405169293,Southern Asia,Asia,-0.013866782452475246,1,-1,False,0.0003419853127012565,0.01277618141500533,0.3011,0.7181651515151516,HH,ns,ns,0.800005020927807,0.0486,0.2530551724137931,HH,HH,ns,0.013353909052550227,0.6027,0.9706468749999999,LL,ns,ns,0.017655181094989585,0.1547,0.6094205128205129,HH,ns,ns,1.2313808207353583,0.002,0.050333333333333334,HH,HH,ns,0.0035808904460278026,0.8886,0.9967,LL,ns,ns
Armenia,ARM,0.18833773750931812,0.1710895972486749,0.011278843771112268,-0.043049607207964635,Western Asia,Asia,0.017248140260643224,1,-1,False,0.000529103458888235,-0.2633190992010832,0.1679,0.5896023255813954,HL,ns,ns,-0.04308188967300877,0.758,0.8737251908396947,HL,ns,ns,-0.1565704878317495,0.5934,0.9706468749999999,LH,ns,ns,-0.06888142221514833,0.7175,0.922063829787234,HL,ns,ns,-0.04860960928362546,0.7276,0.8789408000000001,HL,ns,ns,-0.03406931954657106,0.9046,0.9967,LH,ns,ns
Azerbaijan,AZE,0.19504824967387935,0.1820687603191374,0.01617843422450918,-0.028232197515773244,Western Asia,Asia,0.012979489354741941,1,-1,False,0.00029962031995678585,-0.11041587892394834,0.5031,0.7787939393939395,HL,ns,ns,0.12296688375447228,0.5341,0.746750925925926,HH,ns,ns,-0.07119468532134306,0.707,0.9938000000000001,LH,ns,ns,-0.11041587892394834,0.5031,0.8586866666666667,HL,ns,ns,0.12296688375447228,0.5341,0.7673037037037036,HH,ns,ns,-0.07119468532134306,0.707,0.9967,LH,ns,ns
Bangladesh,BGD,0.11108862004719486,0.1069891339751973,-0.03371586272853852,-0.0599695047415075,Southern Asia,Asia,0.00409948607199756,-1,-1,True,2.988924058372717e-05,-0.11331281490130449,0.3291,0.7417029850746268,HL,ns,ns,1.1387376308469903,0.0062,0.08305,LL,LL,ns,0.38490768342679194,0.3491,0.8502274193548387,LL,ns,ns,-0.17651499800423168,0.133,0.6094205128205129,HL,ns,ns,1.0620812721182005,0.0104,0.104945,LL,LL,ns,0.15253244942143965,0.7157,0.9967,LL,ns,ns
Burma,MMR,0.10898678984933867,0.1889376303511698,-0.04218543039288224,0.015422724880657074,South-eastern Asia,Asia,-0.07995084050183114,-1,1,False,0.011368472556858147,0.4578422663955076,0.2208,0.6511874999999999,LL,ns,ns,1.3753873022141456,0.0077,0.08305,LL,LL,ns,-0.04738177887326908,0.6563,0.9822330097087378,HL,ns,ns,0.3671754249328714,0.3249,0.7272486486486487,LL,ns,ns,1.272276476739323,0.0119,0.104945,LL,LL,ns,-0.09616962324491336,0.3668,0.9243716666666667,HL,ns,ns
Cambodia,KHM,0.12397652977439673,0.1978620037857725,-0.01814444450035395,0.04161952009903422,South-eastern Asia,Asia,-0.07388547401137578,-1,1,False,0.00970899277821592,0.24647797263756968,0.4642,0.7741591397849462,LL,ns,ns,0.2688854967398921,0.2272,0.5120477611940298,LL,ns,ns,0.046767001711387,0.8694,0.9938000000000001,HH,ns,ns,0.17810993611184303,0.5978,0.8667682242990653,LL,ns,ns,0.42200453623412487,0.0607,0.2350179487179487,LL,ns,ns,-0.14077602698379837,0.6233,0.9967,HL,ns,ns
China,CHN,0.18801127254816274,0.1871389998209552,0.01917038165003429,-0.04153831996764665,Eastern Asia,Asia,0.0008722727272075514,1,-1,False,1.3531957902912857e-06,0.08291645623060925,0.3982,0.764161797752809,HH,ns,ns,-0.2990572828986542,0.207,0.5016555555555556,HL,ns,ns,0.4281108772638519,0.1337,0.6137705882352941,LL,ns,ns,0.032865442522898636,0.7368,0.922063829787234,HH,ns,ns,-0.5585984930593695,0.0185,0.12539565217391302,HL,HL,ns,0.5214778766327682,0.0671,0.4576461538461538,LL,ns,ns
Georgia,GEO,0.17014653222140888,0.1441618613099879,-0.008758479623806631,-0.07295149611318538,Western Asia,Asia,0.02598467091142098,-1,-1,True,0.001200854783114377,-0.3457013030934641,0.1627,0.5896023255813954,HL,ns,ns,0.005651767913325758,0.957,0.967004,LL,ns,ns,-0.3721490731097122,0.4513,0.8614456790123457,LH,ns,ns,-0.1762024517334643,0.4712,0.8470211764705882,HL,ns,ns,0.12361230905586776,0.2522,0.5519159420289855,LL,ns,ns,0.015387991294889592,0.9768,0.9967,LL,ns,ns
India,IND,0.12279874845556998,0.1317749947616396,-0.04470802857778905,-0.06762205489997594,Southern Asia,Asia,-0.008976246306069607,-1,-1,True,0.0001432997960588627,0.015330803773020322,0.7096,0.8571968000000001,HH,ns,ns,0.21311632349074452,0.6949,0.82621968503937,LL,ns,ns,0.5862520909840976,0.2031,0.7359113207547169,LL,ns,ns,-0.01362132386009676,0.7436,0.922063829787234,HL,ns,ns,0.6825778286855099,0.2102,0.5119387096774193,LL,ns,ns,0.47490199753635287,0.3025,0.9080326923076922,LL,ns,ns
Indonesia,IDN,0.1365994643114788,0.1660035368654567,0.04325584082133199,0.07928913072324653,South-eastern Asia,Asia,-0.029404072553977922,1,1,True,0.0015376979014822695,0.08622939544872779,0.2736,0.6885600000000001,LL,ns,ns,-0.8404540773873759,0.1155,0.41525,HL,ns,ns,0.1846404254199098,0.7319,0.9938000000000001,HH,ns,ns,-0.016371959082940528,0.8334,0.922063829787234,LH,ns,ns,-0.5012804875371808,0.3448,0.6387299999999999,HL,ns,ns,-0.18313062993791188,0.7337,0.9967,HL,ns,ns
Iran,IRN,0.25326598928356275,0.3048813957824146,0.06267217915998582,0.04135471557416526,Southern Asia,Asia,-0.051615406498851824,1,1,True,0.00473821490189859,-0.08827880676981227,0.6705,0.8298811475409835,LH,ns,ns,1.0874645618321397,0.1553,0.4785775510204081,HH,ns,ns,0.006518240122925455,0.9807,0.9938000000000001,HH,ns,ns,-0.0999642297255591,0.6311,0.8712160714285714,LH,ns,ns,2.343796944263494,0.0017,0.050333333333333334,HH,HH,ns,0.24099916537431462,0.395,0.9290473684210527,HH,ns,ns
Iraq,IRQ,0.1763349119758569,0.3359945380451038,0.007098220466297739,0.14292045236108789,Western Asia,Asia,-0.1596596260692469,1,1,True,0.045336320087344,0.47853105486917247,0.5702,0.7913772727272728,LL,ns,ns,-0.07103657510486579,0.428,0.6627222222222222,HL,ns,ns,-0.5235880822151278,0.5857,0.9706468749999999,HL,ns,ns,1.3706002233955903,0.0964,0.5598615384615384,LL,ns,ns,-0.1593371653730307,0.0744,0.27000238095238094,HL,ns,ns,0.6545139129252515,0.4956,0.9509177215189873,HH,ns,ns
Israel,ISR,0.1289730259690734,0.1806356469314177,-0.0610298330990566,-0.028159855675475354,Western Asia,Asia,-0.05166262096234431,-1,-1,True,0.00474688729677087,0.3280750273204358,0.1136,0.5045176470588235,LL,ns,ns,2.0278496176445597,0.005,0.08305,LL,LL,ns,-0.017575951665538218,0.9287,0.9938000000000001,LH,ns,ns,0.6553600096231086,0.0029,0.10947499999999999,LL,LL,ns,1.845484140181052,0.0117,0.104945,LL,LL,ns,-0.3380148445361425,0.0788,0.4576461538461538,LH,ns,ns
Japan,JPN,0.13484212055215955,0.1555420269002871,0.0034085557537410216,0.020963609940703593,Eastern Asia,Asia,-0.020699906348127545,1,1,True,0.0007620663960768457,-0.027639545472061877,0.3139,0.7181651515151516,LH,ns,ns,-0.031679786969987904,0.4578,0.6809803921568628,HL,ns,ns,-0.2533311609334575,0.077,0.453,HL,ns,ns,-0.027639545472061877,0.3139,0.7272486486486487,LH,ns,ns,-0.031679786969987904,0.4578,0.694147,HL,ns,ns,-0.2533311609334575,0.077,0.4576461538461538,HL,ns,ns
Jordan,JOR,0.1241622692023015,0.2239820524366589,-0.014718705896192286,0.05528721825900437,Western Asia,Asia,-0.09981978323435739,-1,1,False,0.01772104364315731,0.6258334092625181,0.1928,0.6328869565217391,LL,ns,ns,0.5970501116567235,0.0013,0.03926,LL,LL,LL,-0.19142582953571388,0.6101,0.9706468749999999,HL,ns,ns,1.39530885483036,0.0056,0.16912,LL,LL,ns,0.5530686079870772,0.0028,0.0604,LL,LL,ns,0.43770292783356096,0.2481,0.8349978723404256,HH,ns,ns
Kazakhstan,KAZ,0.2607179280248597,0.2795092704768256,0.0014961793189569028,0.028654663715847906,Central Asia,Asia,-0.018791342451965898,1,1,True,0.000628017382740741,-0.027079019841583014,0.0926,0.49875757575757573,LH,ns,ns,0.04324848596284617,0.0177,0.13658636363636364,HH,HH,ns,-0.2276888902456715,0.2467,0.7359113207547169,HL,ns,ns,-0.02095458917071451,0.1894,0.6630272727272727,LH,ns,ns,0.05302150042493313,0.0039,0.0736125,HH,HH,ns,-0.17418308588575027,0.3785,0.9290473684210527,HL,ns,ns
Laos,LAO,0.11990552917453423,0.1610200363660805,-0.03286146912383614,-0.0007449012040629255,South-eastern Asia,Asia,-0.04111450719154627,-1,-1,True,0.0030063963011168356,0.2036893661628938,0.1651,0.5896023255813954,LL,ns,ns,0.9393031290379874,0.019,0.13658636363636364,LL,LL,ns,-0.00030384178811561406,0.9542,0.9938000000000001,LH,ns,ns,0.13673905783513343,0.3459,0.7272486486486487,LL,ns,ns,0.730629031507405,0.0725,0.27000238095238094,LL,ns,ns,0.0017636928866764932,0.7262,0.9967,LL,ns,ns
Lebanon,LBN,0.13240721718298015,0.1874405073389675,-0.01764902831620252,0.05326787631105684,Western Asia,Asia,-0.05503329015598735,-1,1,False,0.005386504238447282,0.35435879944132015,0.1222,0.5272057142857143,LL,ns,ns,0.707722484383834,0.0006,0.03926,LL,LL,LL,-0.17916639995668376,0.6171,0.9706468749999999,HL,ns,ns,0.40881520297365226,0.0743,0.5009260869565219,LL,ns,ns,0.6033163938975209,0.0046,0.07717777777777778,LL,LL,ns,-0.06492957895162121,0.8518,0.9967,HL,ns,ns
Malaysia,MYS,0.14354714353630665,0.1820098839420608,0.0037421017396968848,0.023057753327138525,South-eastern Asia,Asia,-0.03846274040575415,1,1,True,0.002631094809323284,0.13725865708267254,0.297,0.7181651515151516,LL,ns,ns,-0.0492829865447647,0.2919,0.6037931506849316,HL,ns,ns,0.11718962496649382,0.4612,0.8614456790123457,HH,ns,ns,0.12485347373026029,0.3446,0.7272486486486487,LL,ns,ns,-0.05437715571907865,0.2472,0.5519159420289855,HL,ns,ns,0.10021516501398292,0.536,0.9916280487804877,HH,ns,ns
Mongolia,MNG,0.273292065382825,0.1751735264112841,0.029581527054748813,-0.08015233987021914,Eastern Asia,Asia,0.09811853897154094,1,-1,False,0.017122145993627113,0.4137471224360229,0.527,0.7878910891089109,HH,ns,ns,-0.34980947711489,0.3424,0.6155047619047619,HL,ns,ns,0.7840475833319542,0.1476,0.6191,LL,ns,ns,0.43926251562961277,0.5013,0.8586866666666667,HH,ns,ns,-0.18765285669447895,0.6075,0.8075217391304348,HL,ns,ns,0.6884678180482473,0.2057,0.7765175,LL,ns,ns
Nepal,NPL,0.12394103933918027,0.1970647707408148,-0.0209123488529937,0.01513905478792213,Southern Asia,Asia,-0.07312373140163453,-1,1,False,0.009509829700000985,-0.19635499283007224,0.5517,0.7913772727272728,LH,ns,ns,0.282693151575672,0.2738,0.5859225352112677,LL,ns,ns,-0.19486870562290942,0.0614,0.42279999999999995,HL,ns,ns,-0.1357286427543132,0.6809,0.8940513043478261,LH,ns,ns,0.32987017868490903,0.203,0.5025081967213115,LL,ns,ns,-0.22143797898941084,0.0329,0.320875,HL,HL,ns
Oman,OMN,0.2034660332775613,0.206759255403669,0.02490465213042231,-0.0052546040027266205,Western Asia,Asia,-0.003293222126107692,1,-1,False,1.928848419716844e-05,-0.1429216706464087,0.0588,0.4228,HL,ns,ns,0.4015346487540083,0.1922,0.5012704918032787,HH,ns,ns,-0.0421281996964998,0.2462,0.7359113207547169,LH,ns,ns,-0.11689373562373459,0.1168,0.6081655172413793,HL,ns,ns,0.7441628379710249,0.0139,0.104945,HH,HH,ns,-0.057761287542626466,0.1118,0.52755625,LH,ns,ns
Pakistan,PAK,0.1799496198587603,0.1538664946691516,-0.011906557523474054,-0.08135060054190921,Southern Asia,Asia,0.026083125189608702,-1,-1,True,0.0012099719486112525,0.1913481272088156,0.4391,0.764161797752809,HH,ns,ns,-0.14775818824463335,0.323,0.6091560975609757,LH,ns,ns,0.4348271980413032,0.4247,0.8614456790123457,LL,ns,ns,0.10677483724817578,0.6683,0.8930380530973452,HH,ns,ns,-0.32957483427230816,0.0251,0.157644,LH,LH,ns,0.0311646720552284,0.9517,0.9967,LL,ns,ns
Philippines,PHL,0.16029540562197608,0.1264357478319583,0.027420951615844458,-0.0198953927057835,South-eastern Asia,Asia,0.03385965779001779,1,-1,False,0.002039018561756437,-0.262191657181405,0.3695,0.764161797752809,HL,ns,ns,-0.23478367533414102,0.4938,0.7099849056603773,HL,ns,ns,-0.07282267145750404,0.5951,0.9706468749999999,LH,ns,ns,-0.2169277307682533,0.4591,0.8454158536585366,HL,ns,ns,-0.5243937425536378,0.1174,0.3693208333333333,HL,ns,ns,-0.024450053003165804,0.855,0.9967,LH,ns,ns
Qatar,QAT,0.2314787860422459,0.1775883774276259,0.037253147356408584,-0.015029201836533446,Western Asia,Asia,0.053890408614619995,1,-1,False,0.005165103202190064,-1.3640648377539135,0.0024,0.12835,HL,HL,ns,0.939100727101394,0.0388,0.20924285714285715,HH,HH,ns,-0.32874615482867875,0.0011,0.08305,LH,LH,ns,-1.3791722237020392,0.0022,0.10947499999999999,HL,HL,ns,0.5469864073253741,0.2353,0.5447439393939394,HH,ns,ns,-0.34106736228981915,0.0008,0.1208,LH,LH,ns
Saudi Arabia,SAU,0.1912885606557455,0.3900054156362518,-0.007200213091737212,0.1455230684313917,Western Asia,Asia,-0.19871685498050629,-1,1,False,0.0702304515193732,2.17826596352615,0.0404,0.39881764705882355,LL,LL,ns,0.04438701216291023,0.6251,0.7906108333333334,LL,ns,ns,0.7732633561319097,0.4295,0.8614456790123457,HH,ns,ns,2.195666287440139,0.0391,0.5009260869565219,LL,LL,ns,-0.07032535660793537,0.4348,0.6839041666666668,LH,ns,ns,1.9242875179129966,0.0484,0.3862421052631579,HH,HH,ns
South Korea,KOR,0.14512934007189218,0.1190872471197929,-0.04749599660523143,-0.09118642547907163,Eastern Asia,Asia,0.026042092952099277,-1,-1,True,0.0012061680482226306,0.17749675310037383,0.4768,0.7741591397849462,HH,ns,ns,0.058402621422932705,0.9225,0.949656462585034,LL,ns,ns,0.6011156022187921,0.3321,0.8458516666666667,LL,ns,ns,0.17749675310037383,0.4768,0.8470211764705882,HH,ns,ns,0.058402621422932705,0.9225,0.96734375,LL,ns,ns,0.6011156022187921,0.3321,0.9243716666666667,LL,ns,ns
Sri Lanka,LKA,0.13450142935863102,0.1464663007367901,-0.0014187523231621313,0.002306571989045908,Southern Asia,Asia,-0.011964871378159075,-1,1,False,0.0002546080430985509,-0.029588283390062167,0.2155,0.6511874999999999,HL,ns,ns,0.05333815822821153,0.0013,0.03926,LL,LL,LL,-0.012378007411553104,0.4364,0.8614456790123457,HL,ns,ns,-0.029588283390062167,0.2155,0.6630272727272727,HL,ns,ns,0.05333815822821153,0.0013,0.050333333333333334,LL,LL,ns,-0.012378007411553104,0.4364,0.9290473684210527,HL,ns,ns
Syria,SYR,0.14323534954112288,0.1618729347932805,-0.05114302966828749,-0.05232515779420985,Western Asia,Asia,-0.018637585252157612,-1,-1,True,0.0006177821223302998,0.030871411284169776,0.0449,0.39881764705882355,LL,LL,ns,1.476899202451125,0.0165,0.13658636363636364,LL,LL,ns,-0.2067961124577487,0.5629,0.9706468749999999,LH,ns,ns,0.0184874538801604,0.2297,0.6630272727272727,LL,ns,ns,0.9639916354491158,0.1236,0.3808897959183673,LL,ns,ns,-0.08574884605235253,0.8059,0.9967,LH,ns,ns
Taiwan,TWN,0.13706412122195852,0.1336983512592847,-0.010011528565287697,-0.01272604448583678,Eastern Asia,Asia,0.0033657699626738202,-1,-1,True,2.0147673804456104e-05,-0.029419668322053262,0.7925,0.8891103703703704,HL,ns,ns,0.17081842399358196,0.1628,0.4858647058823529,LL,ns,ns,0.065435192223944,0.4564,0.8614456790123457,LL,ns,ns,-0.029419668322053262,0.7925,0.922063829787234,HL,ns,ns,0.17081842399358196,0.1628,0.4389785714285714,LL,ns,ns,0.065435192223944,0.4564,0.9290473684210527,LL,ns,ns
Tajikistan,TJK,0.233975502099763,0.1833521503414373,0.013418028027385731,-0.0590847468247421,Central Asia,Asia,0.05062335175832572,1,-1,False,0.004557827064032244,0.31877115264954387,0.4161,0.764161797752809,HH,ns,ns,0.4717675225069161,0.0041,0.08305,HH,HH,ns,-0.028608442710037988,0.9419,0.9938000000000001,LH,ns,ns,0.06733487483070195,0.8597,0.922063829787234,HH,ns,ns,0.24561202625469303,0.1334,0.402868,HH,ns,ns,0.07519532014706808,0.8501,0.9967,LL,ns,ns
Thailand,THA,0.11983102194091183,0.2035270564869306,-0.03287100636415982,0.027923735757988566,South-eastern Asia,Asia,-0.08369603454601876,-1,1,False,0.012458501653543064,0.4828172467360057,0.2244,0.6511874999999999,LL,ns,ns,0.894778367079741,0.0261,0.17135217391304347,LL,LL,ns,-0.007256889866629736,0.9688,0.9938000000000001,HL,ns,ns,0.4828172467360057,0.2244,0.6630272727272727,LL,ns,ns,0.894778367079741,0.0261,0.157644,LL,LL,ns,-0.007256889866629736,0.9688,0.9967,HL,ns,ns
Turkey,TUR,0.1419623303023036,0.143852727449704,-0.017790072386036165,-0.06505433741750846,Western Asia,Asia,-0.0018903971474004133,-1,-1,True,6.355681959672439e-06,0.0030430712203993932,0.9703,0.9767686666666666,HH,ns,ns,0.5870491508171122,0.0066,0.08305,LL,LL,ns,0.552317214406495,0.2163,0.7359113207547169,LL,ns,ns,-0.012227942157175641,0.8865,0.92959375,HL,ns,ns,0.5382817964230315,0.0139,0.104945,LL,LL,ns,0.5080653826081796,0.2568,0.8349978723404256,LL,ns,ns
Turkmenistan,TKM,0.2752870410187589,0.2654462752071881,0.06226773931519905,0.04733177514489936,Central Asia,Asia,0.009840765811570784,1,1,True,0.00017223199956747164,0.16888288989122074,0.256,0.6651677966101696,HH,ns,ns,1.576086775662558,0.0364,0.20357037037037037,HH,HH,ns,-0.35047595267102744,0.2861,0.7937109090909092,HL,ns,ns,0.16879109482590013,0.2563,0.6910946428571428,HH,ns,ns,1.6071418690038206,0.0332,0.17904285714285714,HH,HH,ns,-0.331007556586505,0.3127,0.9080326923076922,HL,ns,ns
United Arab Emirates,ARE,0.2248308233871666,0.2258458383203418,0.035350826686784215,0.02455398783119858,Western Asia,Asia,-0.0010150149331752123,1,1,True,1.8323182777611135e-06,-0.2043982080032806,0.0213,0.39881764705882355,HL,HL,ns,1.4333503199386277,0.0012,0.03926,HH,HH,HH,0.5584122957028161,0.0008,0.08305,HH,HH,ns,-0.19561162319264405,0.0265,0.5009260869565219,HL,HL,ns,1.0179399992957963,0.0191,0.12539565217391302,HH,HH,ns,0.4036783835278753,0.0176,0.2952888888888889,HH,HH,ns
Uzbekistan,UZB,0.27739224194989204,0.2470732014395148,0.033410168388268796,-0.005700918092131052,Central Asia,Asia,0.030319040510377232,1,-1,False,0.00163488405017494,0.25557196553316175,0.3521,0.7579774647887324,HH,ns,ns,1.0688571147546873,0.0074,0.08305,HH,HH,ns,0.012143518648732156,0.756,0.9938000000000001,LL,ns,ns,0.26840617615850515,0.3276,0.7272486486486487,HH,ns,ns,0.9984032983525936,0.0132,0.104945,HH,HH,ns,0.027407556053571196,0.4841,0.949338961038961,LL,ns,ns
Vietnam,VNM,0.122632583177362,0.1342589557162296,-0.026325570471357668,-0.042138017822536816,South-eastern Asia,Asia,-0.011626372538867585,-1,-1,True,0.00024040556673890528,-0.023382305389292445,0.3564,0.7579774647887324,HL,ns,ns,0.5781611550351196,0.0751,0.31500277777777774,LL,ns,ns,-0.03030944199543289,0.9142,0.9938000000000001,LH,ns,ns,-0.023382305389292445,0.3564,0.7272486486486487,HL,ns,ns,0.5781611550351196,0.0751,0.27000238095238094,LL,ns,ns,-0.03030944199543289,0.9142,0.9967,LH,ns,ns
Yemen,YEM,0.20150002766065422,0.3440724832605489,0.03571676781823635,0.11134439160495851,Western Asia,Asia,-0.14257245559989468,1,1,True,0.036151582244361734,1.197952291228342,0.1028,0.49875757575757573,LL,ns,ns,0.1009781669253598,0.8197,0.9034649635036496,HH,ns,ns,0.1618094786832839,0.8322,0.9938000000000001,HH,ns,ns,0.7857669121922903,0.2907,0.7272486486486487,LL,ns,ns,0.5146773962056554,0.2381,0.5447439393939394,HH,ns,ns,0.25691018678076266,0.7341,0.9967,HH,ns,ns
Albania,ALB,0.15748303087977816,0.0935947592166157,0.014723387481809791,-0.06208030135347237,Southern Europe,Europe,0.06388827166316247,1,-1,False,0.007259359921125461,0.7034349207530313,0.1315,0.5384342105263158,HH,ns,ns,-0.11384169040436666,0.5488,0.7533527272727272,HL,ns,ns,0.9106061117781705,0.032,0.30577499999999996,LL,LL,ns,0.7034349207530313,0.1315,0.6094205128205129,HH,ns,ns,-0.11384169040436666,0.5488,0.7673037037037036,HL,ns,ns,0.9106061117781705,0.032,0.320875,LL,LL,ns
Austria,AUT,0.21029967713303166,0.2544663127065049,0.0016261829290491747,0.03182650435724482,Western Europe,Europe,-0.04416663557347322,1,1,True,0.0034693226055317675,-0.11903599033169894,0.4693,0.7741591397849462,LH,ns,ns,-0.019333072623258434,0.3371,0.6132783132530121,HL,ns,ns,-0.06527365032207852,0.7642,0.9938000000000001,HL,ns,ns,-0.0880776914040516,0.5952,0.8667682242990653,LH,ns,ns,-0.01041387439499368,0.6067,0.8075217391304348,HL,ns,ns,0.014263253151953145,0.9476,0.9967,HH,ns,ns
Belarus,BLR,0.21395039394228654,0.2490309228301303,0.006873538929274947,0.03910572698887216,Eastern Europe,Europe,-0.03508052888784377,1,1,True,0.0021887104676779337,0.042518698446264123,0.7031,0.8561943548387096,LL,ns,ns,-0.057411022303287124,0.4984,0.7099849056603773,HL,ns,ns,0.32163476901823085,0.236,0.7359113207547169,HH,ns,ns,0.042518698446264123,0.7031,0.9152422413793103,LL,ns,ns,-0.057411022303287124,0.4984,0.7236384615384615,HL,ns,ns,0.32163476901823085,0.236,0.8287441860465116,HH,ns,ns
Belgium,BEL,0.1951636806716645,0.1954991651274833,0.015066010838116484,0.026654693313356376,Western Europe,Europe,-0.0003354844558187964,1,1,True,2.00170860178504e-07,0.06873528308613465,0.4504,0.764161797752809,HH,ns,ns,0.038392909653997505,0.839,0.9180362318840579,HH,ns,ns,0.028672031369366583,0.8798,0.9938000000000001,HH,ns,ns,0.015293562698150947,0.8605,0.922063829787234,HH,ns,ns,0.03294675174670335,0.8616,0.9418489208633094,HH,ns,ns,0.15548989050866355,0.3949,0.9290473684210527,HH,ns,ns
Bosnia And Herzegovina,BIH,0.18440933101350881,0.2263213876108357,0.012507135862776741,0.03691362352650926,Southern Europe,Europe,-0.041912056597326885,1,1,True,0.00312416522597425,-0.2805586048935505,0.0674,0.44922500000000004,LH,ns,ns,0.0140060611102699,0.9245,0.949656462585034,HH,ns,ns,-0.5007949809982893,0.0457,0.3833722222222222,HL,HL,ns,-0.22335330387683888,0.1419,0.6094205128205129,LH,ns,ns,-0.0010355278184326535,0.9956,0.9997999999999999,HL,ns,ns,-0.38402707141674436,0.1282,0.5530914285714286,HL,ns,ns
Bulgaria,BGR,0.16411393376308978,0.1351852044957171,-0.03156066659927845,-0.0627497062968779,Eastern Europe,Europe,0.028928729267372666,-1,-1,True,0.0014883832178044963,0.4679134783802254,0.0784,0.45532307692307694,HH,ns,ns,0.5883292596477746,0.1263,0.42509782608695657,LL,ns,ns,1.1805479787797395,0.0056,0.14596666666666666,LL,LL,ns,0.2627195593775766,0.3092,0.7272486486486487,HH,ns,ns,0.4054592291883948,0.2979,0.6131824324324324,LL,ns,ns,0.7569546037959459,0.0729,0.4576461538461538,LL,ns,ns
Croatia,HRV,0.18952185187085302,0.1701683926616854,0.0015995654731064124,-0.022720356086477378,Southern Europe,Europe,0.019353459209167617,1,-1,False,0.0006661518728215705,0.1345430741804051,0.509,0.7787939393939395,HH,ns,ns,-0.007959497290646322,0.688,0.8245079365079364,HL,ns,ns,0.10382820325204922,0.5079,0.9214595238095237,LL,ns,ns,0.26055303524138407,0.204,0.6630272727272727,HH,ns,ns,0.006987334548987939,0.7244,0.8789408000000001,HH,ns,ns,0.17851467665077406,0.2508,0.8349978723404256,LL,ns,ns
Cyprus,CYP,0.14075176149640625,0.1399191020020898,-0.017407816158051592,-0.008796598306796799,Western Asia,Asia,0.0008326594943164622,-1,-1,True,1.2330790726176213e-06,-0.18700790339146375,0.0567,0.4228,HL,ns,ns,0.6987151491401093,0.0011,0.03926,LL,LL,LL,0.002850983815318452,0.9608,0.9938000000000001,LL,ns,ns,-0.18700790339146375,0.0567,0.5009260869565219,HL,ns,ns,0.6987151491401093,0.0011,0.050333333333333334,LL,LL,ns,0.002850983815318452,0.9608,0.9967,LL,ns,ns
Czech Republic,CZE,0.19293606527047014,0.1862923549407039,-0.020067476066219725,-0.01587850868643037,Eastern Europe,Europe,0.006643710329766239,-1,-1,True,7.850140462003638e-05,0.05936121016417707,0.6473,0.8213638655462185,HH,ns,ns,0.14151888380457567,0.5685,0.753940350877193,LL,ns,ns,0.006643705381746441,0.9503,0.9938000000000001,LL,ns,ns,0.054326052178631755,0.6766,0.8940513043478261,HH,ns,ns,0.1696062691819845,0.4962,0.7236384615384615,LL,ns,ns,-0.004529666246818647,0.964,0.9967,LH,ns,ns
Denmark,DNK,0.1919403849228464,0.225767666645236,0.0019242868284619352,0.04942637229626892,Northern Europe,Europe,-0.03382728172238961,1,1,True,0.002035121071603449,-0.02019893496415509,0.8452,0.9051432624113475,LH,ns,ns,0.00798158578912418,0.7344,0.8663625,HH,ns,ns,0.4085911631992552,0.2182,0.7359113207547169,HH,ns,ns,-0.09553305537799926,0.3534,0.7272486486486487,LH,ns,ns,0.005810703982331403,0.8038,0.9194984848484847,HH,ns,ns,0.10431241870361599,0.7543,0.9967,HH,ns,ns
Estonia,EST,0.25938076329685683,0.2857741516954837,0.045394609463763724,0.09938855185048684,Northern Europe,Europe,-0.02639338839862687,1,1,True,0.0012389287977949523,0.01782679058731231,0.7705,0.8752323308270676,LL,ns,ns,0.47518184563085586,0.3978,0.6356305263157894,HH,ns,ns,1.4464781363963783,0.0324,0.30577499999999996,HH,HH,ns,0.01782679058731231,0.7705,0.922063829787234,LL,ns,ns,0.47518184563085586,0.3978,0.6529108695652174,HH,ns,ns,1.4464781363963783,0.0324,0.320875,HH,HH,ns
Finland,FIN,0.2349856997144576,0.2066535314328203,0.023948814690549214,0.006945017180132185,Northern Europe,Europe,0.028332168281637288,1,1,True,0.0014276300330398038,-0.1637228543595594,0.5183,0.782633,HL,ns,ns,0.3320588830132737,0.2646,0.5790521739130434,HH,ns,ns,0.13251703268383314,0.0058,0.14596666666666666,HH,HH,ns,-0.1637228543595594,0.5183,0.8600362637362637,HL,ns,ns,0.3320588830132737,0.2646,0.57078,HH,ns,ns,0.13251703268383314,0.0058,0.2850125,HH,HH,ns
France,FRA,0.1916777527720347,0.1857474114221658,0.004679473700103631,-0.013078771498200137,Western Europe,Europe,0.0059303413498688895,1,-1,False,6.254828903332887e-05,0.012525870773466466,0.9262,0.9514027210884354,HH,ns,ns,0.05311972858223518,0.3574,0.6259636363636364,HH,ns,ns,-0.1059147329514452,0.2409,0.7359113207547169,LH,ns,ns,-0.019508187929001598,0.883,0.92959375,HL,ns,ns,0.08116146663955395,0.1585,0.4351545454545454,HH,ns,ns,-0.1464294919486854,0.1021,0.5184333333333333,LH,ns,ns
Germany,DEU,0.19552600658812053,0.1734432802046985,0.010089836262206914,-0.01738617648698898,Western Europe,Europe,0.022082726383422013,1,-1,False,0.0008672841968276439,0.01696403722363116,0.9382,0.9572175675675677,HH,ns,ns,0.02035009131690255,0.8724,0.9342723404255318,HH,ns,ns,-0.12568592250641253,0.2891,0.7937109090909092,LH,ns,ns,-0.058835018191798615,0.7886,0.922063829787234,HL,ns,ns,0.04500335783700679,0.7147,0.8773959349593496,HH,ns,ns,-0.19882914385424402,0.0975,0.5184333333333333,LH,ns,ns
Greece,GRC,0.14163851313814882,0.0856757734346075,-0.026061710831566942,-0.08684176316120287,Southern Europe,Europe,0.05596273970354132,-1,-1,True,0.005569984485285308,0.5430298143673012,0.1889,0.6328869565217391,HH,ns,ns,0.31810508620118955,0.3219,0.6091560975609757,LL,ns,ns,1.4005766340077643,0.0156,0.23556,LL,LL,ns,0.598162877292401,0.149,0.6094205128205129,HH,ns,ns,0.23804853270265658,0.459,0.694147,LL,ns,ns,1.220539477110528,0.034,0.320875,LL,LL,ns
Hungary,HUN,0.18683465599109378,0.1021276637954927,-0.02406683376586699,-0.1009320253269731,Eastern Europe,Europe,0.08470699219560107,-1,-1,True,0.012761289825484181,-0.009571036508629706,0.9891,0.9890999999999999,HL,ns,ns,0.27496913071562784,0.3551,0.6259636363636364,LL,ns,ns,-0.08014358930388892,0.9028,0.9938000000000001,LH,ns,ns,-0.009571036508629706,0.9891,0.9927000000000001,HL,ns,ns,0.27496913071562784,0.3551,0.6387299999999999,LL,ns,ns,-0.08014358930388892,0.9028,0.9967,LH,ns,ns
Iceland,ISL,0.12736783367802937,0.38676677518856,5.551115123125783e-17,3.497202527569243e-15,Northern Europe,Europe,-0.25939894151053067,0,0,True,0.11967197252948344,-0.7578427060018302,0.5765,0.7913772727272728,LH,ns,ns,1.647345475784763e-16,0.6582,0.8080341463414634,HH,ns,ns,1.6948608881164186e-14,0.3361,0.8458516666666667,HH,ns,ns,-0.7578427060018302,0.5765,0.8667682242990653,LH,ns,ns,1.647345475784763e-16,0.6582,0.8213900826446281,HH,ns,ns,1.6948608881164186e-14,0.3361,0.9243716666666667,HH,ns,ns
Ireland,IRL,0.1678618971108085,0.0667092059634587,-0.017785728038261367,-0.11303287597434586,Northern Europe,Europe,0.10115269114734982,-1,-1,True,0.018197466705252126,-0.305128476279314,0.6633,0.8297512396694215,HL,ns,ns,-0.10810815208610612,0.6248,0.7906108333333334,LH,ns,ns,-1.4223864019917205,0.0631,0.42279999999999995,LH,ns,ns,-0.824482812395437,0.2244,0.6630272727272727,HL,ns,ns,-0.13330808509200096,0.5464,0.7673037037037036,LH,ns,ns,-0.718642044052338,0.3507,0.9243716666666667,LH,ns,ns
Italy,ITA,0.1823289325414157,0.1652175890701477,0.009217402936985253,-0.03276753251304146,Southern Europe,Europe,0.017111343471267998,1,-1,False,0.0005207439919473807,0.08810921408126159,0.6428,0.8213638655462185,HH,ns,ns,0.0696467369724251,0.5472,0.7533527272727272,HH,ns,ns,-0.0029226029895427314,0.9894,0.9938000000000001,LH,ns,ns,0.08810921408126159,0.6428,0.8712160714285714,HH,ns,ns,0.0696467369724251,0.5472,0.7673037037037036,HH,ns,ns,-0.0029226029895427314,0.9894,0.9967,LH,ns,ns
Latvia,LVA,0.2466163184774826,0.2473419685858676,0.04017757259055396,0.057797675454363456,Northern Europe,Europe,-0.0007256501083849898,1,1,True,9.365060324930073e-07,0.03847408629358492,0.6649,0.8297512396694215,HH,ns,ns,0.3829719043801979,0.4315,0.6627222222222222,HH,ns,ns,0.5541023509992835,0.1573,0.641954054054054,HH,ns,ns,0.015557393534565119,0.861,0.922063829787234,HH,ns,ns,0.22898902588071723,0.6375,0.8213900826446281,HH,ns,ns,0.6133235236132326,0.1175,0.5376515151515151,HH,ns,ns
Lithuania,LTU,0.22162226701877433,0.2173177100722546,0.015482999283515736,0.025834686630281767,Northern Europe,Europe,0.004304556946519739,1,1,True,3.295436636163518e-05,0.04744255867884016,0.6814,0.8365154471544716,HH,ns,ns,0.20815692461428137,0.2755,0.5859225352112677,HH,ns,ns,0.2881138637429558,0.108,0.5436,HH,ns,ns,0.0010959767541411682,0.9927,0.9927000000000001,HH,ns,ns,0.040849991016016406,0.8298,0.9242088235294118,HH,ns,ns,0.28570927745945074,0.1106,0.52755625,HH,ns,ns
Macedonia,MKD,0.16410994630244113,0.1733112315265448,-0.007970716790605792,-0.025130204350373053,Southern Europe,Europe,-0.009201285224103656,-1,-1,True,0.0001505750572227903,0.08874098796611092,0.0291,0.39881764705882355,HH,HH,ns,0.12805998378048405,0.2006,0.5012704918032787,LL,ns,ns,0.5253976448939629,0.0027,0.1359,LL,LL,ns,0.07267585549190711,0.072,0.5009260869565219,HH,ns,ns,0.09564941940201574,0.3383,0.6385412500000001,LL,ns,ns,0.429145154561325,0.0137,0.2850125,LL,LL,ns
Moldova,MDA,0.15544942684686172,0.231497524204905,-0.02733597728629164,0.0420416779263843,Eastern Europe,Europe,-0.07604809735804327,-1,1,False,0.010285674017768618,-0.29369872809540076,0.4009,0.764161797752809,LH,ns,ns,0.7113679889244867,0.0311,0.19567083333333332,LL,LL,ns,-0.49309145986700553,0.089,0.49774074074074076,HL,ns,ns,-0.29369872809540076,0.4009,0.7965249999999999,LH,ns,ns,0.7113679889244867,0.0311,0.1739296296296296,LL,LL,ns,-0.49309145986700553,0.089,0.49774074074074076,HL,ns,ns
Montenegro,MNE,0.1643666862725019,0.1365501028544737,-0.00332766111267474,-0.05943188778100708,Southern Europe,Europe,0.0278165834180282,-1,-1,True,0.0013761431839268655,0.38345443824680137,0.1355,0.5384342105263158,HH,ns,ns,0.009423262064287258,0.8186,0.9034649635036496,LL,ns,ns,0.6131440028823655,0.1343,0.6137705882352941,LL,ns,ns,0.38345443824680137,0.1355,0.6094205128205129,HH,ns,ns,0.009423262064287258,0.8186,0.9224522388059702,LL,ns,ns,0.6131440028823655,0.1343,0.5546189189189189,LL,ns,ns
Netherlands,NLD,0.18877545734026732,0.1793457243959793,0.027943272704141126,0.03150209702214901,Western Europe,Europe,0.009429732944288033,1,1,True,0.0001581447711659079,0.015855761988309267,0.9155,0.9468527397260273,HH,ns,ns,0.004100498834633991,0.9913,0.9913,HH,ns,ns,0.1762890414596551,0.4221,0.8614456790123457,HH,ns,ns,0.015855761988309267,0.9155,0.9457905405405406,HH,ns,ns,0.004100498834633991,0.9913,0.9997999999999999,HH,ns,ns,0.1762890414596551,0.4221,0.9290473684210527,HH,ns,ns
Norway,NOR,0.20191951273050374,0.3383806520496527,-0.008943416758587869,0.1271351818448374,Northern Europe,Europe,-0.13646113931914894,-1,1,False,0.03311875756749024,-0.5297895933909748,0.4462,0.764161797752809,LH,ns,ns,-0.16640054227078124,0.1295,0.42509782608695657,LH,ns,ns,1.2588807414821797,0.1382,0.6137705882352941,HH,ns,ns,-0.43074610718171935,0.5336,0.8667682242990653,LH,ns,ns,-0.20903073082096488,0.0537,0.23167714285714283,LH,ns,ns,1.7269765158822392,0.0402,0.3570705882352941,HH,HH,ns
Poland,POL,0.18403612522932167,0.1954421173863426,-0.022113269497950422,-0.014117524498178241,Eastern Europe,Europe,-0.011405992157020928,-1,-1,True,0.00023137806646902616,0.02178971358158306,0.421,0.764161797752809,HH,ns,ns,0.04954803287720781,0.8584,0.9258457142857144,LL,ns,ns,-0.017568989064046515,0.859,0.9938000000000001,LH,ns,ns,0.02178971358158306,0.421,0.8150128205128205,HH,ns,ns,0.04954803287720781,0.8584,0.9418489208633094,LL,ns,ns,-0.017568989064046515,0.859,0.9967,LH,ns,ns
Portugal,PRT,0.1846817946752158,0.1178404161961576,0.0201394316619381,-0.05673777736716479,Southern Europe,Europe,0.06684137847905822,1,-1,False,0.007945968626087136,-0.10890430853735572,0.8229,0.8937042857142857,HL,ns,ns,0.2634471470939472,0.2847,0.5970791666666666,HH,ns,ns,-0.39449010396862233,0.3105,0.8241421052631578,LH,ns,ns,-0.10890430853735572,0.8229,0.922063829787234,HL,ns,ns,0.2634471470939472,0.2847,0.5970791666666666,HH,ns,ns,-0.39449010396862233,0.3105,0.9080326923076922,LH,ns,ns
Romania,ROU,0.1626491375716469,0.1671432459760315,-0.04041731068411075,-0.045002451919469666,Eastern Europe,Europe,-0.004494108404384606,-1,-1,True,3.5920563279587526e-05,0.05279156896351557,0.4426,0.764161797752809,HH,ns,ns,1.0333435300078522,0.0346,0.20357037037037037,LL,LL,ns,0.5531471267114907,0.0745,0.453,LL,ns,ns,0.05214010335733151,0.4475,0.8342283950617284,HH,ns,ns,0.8274285374946857,0.0939,0.3150866666666666,LL,ns,ns,0.4651006695725175,0.1359,0.5546189189189189,LL,ns,ns
Russia,RUS,0.262173281711931,0.2526071345859108,0.024589565030806726,0.011624313752060744,Eastern Europe,Europe,0.009566147126020219,1,1,True,0.00016275343458290194,0.19926511854055903,0.1833,0.6290522727272727,HH,ns,ns,0.4271124298813719,0.1641,0.4858647058823529,HH,ns,ns,-0.07745953268485702,0.333,0.8458516666666667,HL,ns,ns,0.14277327259481423,0.3395,0.7272486486486487,HH,ns,ns,0.6134657148730296,0.0411,0.20019677419354837,HH,HH,ns,0.0430629669426237,0.5902,0.9967,HH,ns,ns
Serbia,SRB,0.1777828851474587,0.1598332990334004,-0.0032089116307773002,-0.046796668429648275,Southern Europe,Europe,0.017949586114058308,-1,-1,True,0.0005730135980327384,0.36403695527433705,0.0694,0.44922500000000004,HH,ns,ns,0.0399138989313403,0.3204,0.6091560975609757,LL,ns,ns,0.7817780328622594,0.0151,0.23556,LL,LL,ns,0.36403695527433705,0.0694,0.5009260869565219,HH,ns,ns,0.0399138989313403,0.3204,0.6322886075949368,LL,ns,ns,0.7817780328622594,0.0151,0.2850125,LL,LL,ns
Slovakia,SVK,0.17135924127324334,0.2062764498047878,-0.044259069195859285,0.005044408240176962,Eastern Europe,Europe,-0.03491720853154445,-1,1,False,0.0021683784550263585,-0.05970838648386362,0.5928,0.7921486725663717,LH,ns,ns,0.49663980308117445,0.3617,0.6259636363636364,LL,ns,ns,-0.014101396783352052,0.6837,0.9832257142857143,HL,ns,ns,-0.05875186471806983,0.5988,0.8667682242990653,LH,ns,ns,0.530355651948371,0.3291,0.6322886075949368,LL,ns,ns,-0.02004903570652969,0.5655,0.9967,HL,ns,ns
Slovenia,SVN,0.2104092831778439,0.2596562938546911,0.02010237510875451,0.07282764434775912,Southern Europe,Europe,-0.04924701067684717,1,1,True,0.004313360904891949,-0.19502237081734325,0.3137,0.7181651515151516,LH,ns,ns,-0.21264634190032808,0.386,0.626731182795699,HL,ns,ns,-0.5633115727205246,0.2545,0.7359113207547169,HL,ns,ns,-0.10410562767797872,0.5916,0.8667682242990653,LH,ns,ns,-0.1903531340346777,0.4426,0.6889958762886598,HL,ns,ns,-0.16844926853018227,0.7346,0.9967,HL,ns,ns
Spain,ESP,0.19118695961871326,0.2507930674554182,0.02176097523393522,0.06468159815073374,Southern Europe,Europe,-0.05960610783670492,1,1,True,0.0063188432000589965,0.15839120361432932,0.5349,0.7913772727272728,LL,ns,ns,0.4382897268240419,0.1052,0.40731282051282053,HH,ns,ns,0.6012289567291985,0.1718,0.653075,HH,ns,ns,0.15839120361432932,0.5349,0.8667682242990653,LL,ns,ns,0.4382897268240419,0.1052,0.3453304347826087,HH,ns,ns,0.6012289567291985,0.1718,0.682678947368421,HH,ns,ns
Sweden,SWE,0.21924683880167534,0.2101995880148652,0.008723578456761916,0.005060755947708745,Northern Europe,Europe,0.009047250786810124,1,1,True,0.00014557584117714498,-0.03487783267778651,0.8082,0.8932145985401461,HL,ns,ns,0.17111644330005496,0.1129,0.41525,HH,ns,ns,0.09514622157956296,0.0057,0.14596666666666666,HH,HH,ns,-0.07510411236817408,0.6081,0.8667682242990653,HL,ns,ns,0.14199734052113983,0.1904,0.4791733333333334,HH,ns,ns,0.0970306548682845,0.0047,0.2850125,HH,HH,ns
Switzerland,CHE,0.20255138935875544,0.2506257096372252,0.003672385355588559,0.05128274224901397,Western Europe,Europe,-0.04807432027846975,1,1,True,0.00411038361049144,-0.1251789567974718,0.5021,0.7787939393939395,LH,ns,ns,0.052550427765375836,0.252,0.5595882352941176,HH,ns,ns,0.1930213273905632,0.5718,0.9706468749999999,HH,ns,ns,-0.11049014289408982,0.5544,0.8667682242990653,LH,ns,ns,0.03994457783402864,0.3805,0.6387299999999999,HH,ns,ns,0.21020393305950125,0.5385,0.9916280487804877,HH,ns,ns
Ukraine,UKR,0.17767865721146503,0.2180229261260908,-0.019651401345018082,-0.003037712659094527,Eastern Europe,Europe,-0.04034426891462578,-1,-1,True,0.002894807906908469,-0.0831666224309984,0.5669,0.7913772727272728,LH,ns,ns,0.3272233280221085,0.1762,0.48676909090909093,LL,ns,ns,0.005780880338494926,0.7837,0.9938000000000001,LL,ns,ns,-0.07379982867328164,0.6126,0.8667682242990653,LH,ns,ns,0.5211519883287278,0.029,0.16842307692307695,LL,LL,ns,0.016479106705312656,0.4372,0.9290473684210527,LL,ns,ns
United Kingdom,GBR,0.16309409461298247,0.1822212483752856,-0.016064435061085625,0.0014255716174858546,Northern Europe,Europe,-0.019127153762303145,-1,1,False,0.0006506639548898829,-0.005384188014576718,0.7709,0.8752323308270676,LH,ns,ns,-0.09326479438757562,0.6348,0.7921884297520662,LH,ns,ns,0.009948514744701245,0.3111,0.8241421052631578,HH,ns,ns,-0.021418958537933852,0.2411,0.6630272727272727,LH,ns,ns,-0.06495393695342622,0.7423,0.88087265625,LH,ns,ns,-3.563425881959551e-05,0.9967,0.9967,HL,ns,ns
Bahamas,BHS,0.13991083211606994,0.0617634609467889,-0.0057427483065260465,-0.046172813112084765,Caribbean,Americas,0.07814737116928104,-1,-1,True,0.010861374706653895,0.08681365652160172,0.8731,0.9242678321678321,HH,ns,ns,-0.013411620799610063,0.8507,0.9241417266187051,LH,ns,ns,0.0036294727213682784,0.9907,0.9938000000000001,LL,ns,ns,-0.1502737292269032,0.7846,0.922063829787234,HL,ns,ns,-0.003962092936481161,0.9557,0.9876632653061224,LH,ns,ns,-0.09810568995589666,0.7646,0.9967,LH,ns,ns
Canada,CAN,0.2521930060529909,0.2778513463526882,0.06360355776476895,0.0774730088794903,Northern America,Americas,-0.025658340299697324,1,1,True,0.0011708821137700108,0.026067122299963098,0.6437,0.8213638655462185,LL,ns,ns,-0.4917492822343179,0.5317,0.746750925925926,HL,ns,ns,-0.07899943490200058,0.8789,0.9938000000000001,HL,ns,ns,0.05926181263952443,0.2891,0.7272486486486487,LL,ns,ns,-0.7013375388567283,0.3707,0.6387299999999999,HL,ns,ns,-0.2694173601426563,0.6028,0.9967,HL,ns,ns
Costa Rica,CRI,0.10130466192673268,0.0960161062785417,-0.018826410041164338,-0.032809373739656686,Central America,Americas,0.005288555648190987,-1,-1,True,4.974279764949883e-05,-0.08869154837004764,0.4857,0.7785242105263158,HL,ns,ns,0.23011151503969757,0.3136,0.6091560975609757,LL,ns,ns,0.04323624987485655,0.8465,0.9938000000000001,LL,ns,ns,-0.1324255086548212,0.2943,0.7272486486486487,HL,ns,ns,0.1620612689363796,0.4767,0.7094039215686274,LL,ns,ns,-0.07265419390475271,0.7486,0.9967,LH,ns,ns
Cuba,CUB,0.12305617676307766,0.074692068977314,0.0015622731308035376,-0.04816293703078449,Caribbean,Americas,0.048364107785763666,1,-1,False,0.004160086980077782,0.5906013167236892,0.1088,0.49875757575757573,HH,ns,ns,0.008295518430762077,0.6755,0.8161248,HH,ns,ns,0.225652632906115,0.4866,0.8960560975609755,LL,ns,ns,-0.033609347420972165,0.9255,0.9457905405405406,HL,ns,ns,-0.0007301591899298113,0.9726,0.992314864864865,HL,ns,ns,-0.10702814541786278,0.7449,0.9967,LH,ns,ns
Dominican Republic,DOM,0.15478420047944152,0.1077743280940379,0.043474369351398756,0.003562478768559682,Caribbean,Americas,0.04700987238540362,1,1,True,0.003930376864848591,0.7530134718453244,0.0442,0.39881764705882355,HH,HH,ns,0.2568335853901857,0.6283,0.7906108333333334,HH,ns,ns,-0.040799352357461585,0.0957,0.5160964285714286,HL,ns,ns,0.7012757866709729,0.0593,0.5009260869565219,HH,ns,ns,0.28848455712759274,0.5873,0.7989396396396398,HH,ns,ns,-0.03761659496157728,0.1247,0.5530914285714286,HL,ns,ns
El Salvador,SLV,0.06948090854064985,0.1340247066452582,-0.029212834281271458,0.01218314944497384,Central America,Americas,-0.06454379810460835,-1,1,False,0.007409093686510975,0.3200712273466361,0.2599,0.6651677966101696,LL,ns,ns,0.5946702980030917,0.0975,0.38743421052631577,LL,ns,ns,-0.007064070791872412,0.9325,0.9938000000000001,HL,ns,ns,-0.05353546146368792,0.8481,0.922063829787234,LH,ns,ns,0.33682127309595383,0.3574,0.6387299999999999,LL,ns,ns,-0.030582427651027724,0.7151,0.9967,HL,ns,ns
Guatemala,GTM,0.0508136158223582,0.2266102960285705,-0.02208614288477416,0.0710355731374212,Central America,Americas,-0.1757966802062123,-1,1,False,0.05496388081972031,0.41301829846355154,0.6462,0.8213638655462185,LL,ns,ns,0.4745322956991452,0.0785,0.3203648648648649,LL,ns,ns,-0.24591954951349507,0.6114,0.9706468749999999,HL,ns,ns,0.41301829846355154,0.6462,0.8712160714285714,LL,ns,ns,0.4745322956991452,0.0785,0.2756627906976744,LL,ns,ns,-0.24591954951349507,0.6114,0.9967,HL,ns,ns
Haiti,HTI,0.14216341234840274,0.092777694142794,0.04229678159109136,-0.025102696898083338,Caribbean,Americas,0.049385718205608733,1,-1,False,0.004337692867118681,0.7757953026095764,0.0417,0.39881764705882355,HH,HH,ns,0.2577676184914026,0.6253,0.7906108333333334,HH,ns,ns,0.2522504286983127,0.1434,0.6186685714285715,LL,ns,ns,0.5459319594638748,0.1488,0.6094205128205129,HH,ns,ns,0.11159173498419875,0.8324,0.9242088235294118,HH,ns,ns,0.12511606785082172,0.4676,0.9290473684210527,LL,ns,ns
Honduras,HND,0.08078933014247122,0.1535683361301789,-0.02613988259153116,0.018358945427032175,Central America,Americas,-0.07277900598770767,-1,1,False,0.00942037713625581,-0.07947376920455694,0.8104,0.8932145985401461,LH,ns,ns,0.3141161820464955,0.3308,0.6091560975609757,LL,ns,ns,-0.051637510961650264,0.6811,0.9832257142857143,HL,ns,ns,-0.07947376920455694,0.8104,0.922063829787234,LH,ns,ns,0.3141161820464955,0.3308,0.6322886075949368,LL,ns,ns,-0.051637510961650264,0.6811,0.9967,HL,ns,ns
Jamaica,JAM,0.12861876139008294,0.1151970724646609,0.008691304721649154,0.026078799508289632,Caribbean,Americas,0.013421688925422032,1,1,True,0.00032038368200102264,0.3071583587164419,0.0763,0.45532307692307694,HH,ns,ns,0.03633386470133318,0.7467,0.8737251908396947,HH,ns,ns,-0.21699986639484045,0.2226,0.7359113207547169,HL,ns,ns,0.3071583587164419,0.0763,0.5009260869565219,HH,ns,ns,0.03633386470133318,0.7467,0.88087265625,HH,ns,ns,-0.21699986639484045,0.2226,0.819819512195122,HL,ns,ns
Mexico,MEX,0.04065719593311795,0.1760598728896652,-0.061457157366937354,-0.006754048920226546,Central America,Americas,-0.13540267695654726,-1,-1,True,0.03260697807530693,0.340667105806048,0.625,0.8206521739130435,LL,ns,ns,0.9795089096028061,0.1829,0.49317678571428575,LL,ns,ns,0.016616066656948467,0.7301,0.9938000000000001,LL,ns,ns,0.340667105806048,0.625,0.8712160714285714,LL,ns,ns,0.9795089096028061,0.1829,0.4681,LL,ns,ns,0.016616066656948467,0.7301,0.9967,LL,ns,ns
Nicaragua,NIC,0.09228609649696132,0.1097647991001446,-0.014230944779446447,-0.01456592874562597,Central America,Americas,-0.01747870260318328,-1,-1,True,0.0005433434503262243,0.0048764757811173955,0.5629,0.7913772727272728,LL,ns,ns,0.1843027067005747,0.3063,0.6091560975609757,LL,ns,ns,0.032208365922895096,0.7443,0.9938000000000001,LL,ns,ns,0.0023796191803722635,0.7788,0.922063829787234,LL,ns,ns,0.08955169241257246,0.615,0.8075217391304348,LL,ns,ns,0.00245349137163681,0.9801,0.9967,LL,ns,ns
Panama,PAN,0.12161241121300685,0.0983341555547145,0.003994310863230474,-0.025021012439960397,Central America,Americas,0.02327825565829235,1,-1,False,0.0009637334154672504,-0.269717375518398,0.2409,0.6511874999999999,HL,ns,ns,-0.04882471804108935,0.3272,0.6091560975609757,HL,ns,ns,-0.04586415204698325,0.7908,0.9938000000000001,LH,ns,ns,-0.269717375518398,0.2409,0.6630272727272727,HL,ns,ns,-0.04882471804108935,0.3272,0.6322886075949368,HL,ns,ns,-0.04586415204698325,0.7908,0.9967,LH,ns,ns
United States,USA,0.1695001197237513,0.1780033244949183,0.01407352282870264,-0.010103144279325765,Northern America,Americas,-0.008503204771166978,1,-1,False,0.00012859418364270916,-0.05584851331298854,0.2071,0.6511874999999999,HL,ns,ns,-0.15781477128102114,0.3648,0.6259636363636364,HL,ns,ns,-0.05147542622533415,0.4574,0.8614456790123457,LH,ns,ns,-0.05584851331298854,0.2071,0.6630272727272727,HL,ns,ns,-0.15781477128102114,0.3648,0.6387299999999999,HL,ns,ns,-0.05147542622533415,0.4574,0.9290473684210527,LH,ns,ns
Australia,AUS,0.16302097420962694,0.0456897199413929,0.015901396655627398,-0.06425981701893674,Australia and New Zealand,Oceania,0.11733125426823404,1,-1,False,0.02448406235551738,-0.028096102698252204,0.9689,0.9767686666666666,HL,ns,ns,0.010167302545470965,0.9606,0.967004,HH,ns,ns,-0.42000747724367893,0.3422,0.8470852459016394,LH,ns,ns,-0.028096102698252204,0.9689,0.9819053691275168,HL,ns,ns,0.010167302545470965,0.9606,0.9876632653061224,HH,ns,ns,-0.42000747724367893,0.3422,0.9243716666666667,LH,ns,ns
New Zealand,NZL,0.10027093962176431,0.1131069709307259,-0.046405360922854355,0.00874311887743466,Australia and New Zealand,Oceania,-0.01283603130896159,-1,1,False,0.00029303371147052946,0.013227405571520358,0.4731,0.7741591397849462,HH,ns,ns,-0.7063356480172653,0.2093,0.5016555555555556,LH,ns,ns,0.05290635800733867,0.3759,0.8614456790123457,HH,ns,ns,0.01216142542442035,0.5069,0.8586866666666667,HH,ns,ns,-0.44736288621549186,0.4229,0.6793393617021277,LH,ns,ns,0.04570505051330962,0.4423,0.9290473684210527,HH,ns,ns
Papua New Guinea,PNG,0.13861753573076713,0.1436268646690579,0.030503964267224917,0.05551669814150795,Melanesia,Oceania,-0.005009328938290786,1,1,True,4.462879404770831e-05,0.06735641643976772,0.2914,0.7181651515151516,HH,ns,ns,0.05309277580489484,0.8881,0.9413741258741258,HH,ns,ns,-0.018937831516895202,0.9612,0.9938000000000001,HL,ns,ns,0.06735641643976772,0.2914,0.7272486486486487,HH,ns,ns,0.05309277580489484,0.8881,0.9480035211267606,HH,ns,ns,-0.018937831516895202,0.9612,0.9967,HL,ns,ns
Argentina,ARG,0.10866574248962382,0.1045233789009963,-0.0516264518220399,-0.07636579407709213,South America,Americas,0.004142363588627518,-1,-1,True,3.051774793631979e-05,-0.06679144421335842,0.5724,0.7913772727272728,HL,ns,ns,-0.37878104556355024,0.5554,0.7533821428571429,LH,ns,ns,-0.5947562323923736,0.2549,0.7359113207547169,LH,ns,ns,-0.06603150504631723,0.576,0.8667682242990653,HL,ns,ns,-0.24856201071745393,0.7013,0.8680024590163935,LH,ns,ns,-0.30494561854305885,0.564,0.9967,LH,ns,ns
Bolivia,BOL,0.10781469285053756,0.246655545173534,-0.0008364579612583911,0.06665192238312972,South America,Americas,-0.13884085232299642,-1,1,False,0.034283929427191266,-0.23090846737800966,0.7506,0.8718507692307693,LH,ns,ns,0.0027032564275551734,0.8012,0.902844776119403,LL,ns,ns,-0.2006613088223824,0.6509,0.9822330097087378,HL,ns,ns,-0.23090846737800966,0.7506,0.922063829787234,LH,ns,ns,0.0027032564275551734,0.8012,0.9194984848484847,LL,ns,ns,-0.2006613088223824,0.6509,0.9967,HL,ns,ns
Brazil,BRA,0.16469595530453246,0.138158767357874,0.07416292598993829,0.01281914968421391,South America,Americas,0.026537187946658464,1,1,True,0.0012524657281406406,-0.1876827717065794,0.4499,0.764161797752809,HL,ns,ns,-1.1609594268716596,0.1987,0.5012704918032787,HL,ns,ns,0.018853100494887868,0.84,0.9938000000000001,HH,ns,ns,-0.13870843248930936,0.5796,0.8667682242990653,HL,ns,ns,-0.7839564542507407,0.3751,0.6387299999999999,HL,ns,ns,-0.02569420375774084,0.7797,0.9967,HL,ns,ns
Chile,CHL,0.0993071522959073,0.1292949072259109,-0.03181730902731249,0.004144594374997729,South America,Americas,-0.029987754930003593,-1,1,False,0.001599351626234328,0.028559314010020175,0.7325,0.8616364341085271,LL,ns,ns,-0.05333718932932942,0.8915,0.9413741258741258,LH,ns,ns,0.00020929847800752605,0.9938,0.9938000000000001,HH,ns,ns,0.028559314010020175,0.7325,0.922063829787234,LL,ns,ns,-0.05333718932932942,0.8915,0.9480035211267606,LH,ns,ns,0.00020929847800752605,0.9938,0.9967,HH,ns,ns
Colombia,COL,0.13225011394627992,0.1303189630535117,0.00027002599777126157,-0.06681609236142458,South America,Americas,0.001931150892768213,1,-1,False,6.6326712013691895e-06,0.144898925007403,0.1644,0.5896023255813954,HH,ns,ns,0.004056392640612364,0.2262,0.5120477611940298,HH,ns,ns,0.1954965436123082,0.6698,0.9822330097087378,LL,ns,ns,0.06371653492856157,0.5516,0.8667682242990653,HH,ns,ns,0.0015543023479968666,0.6509,0.8213900826446281,HH,ns,ns,0.21638663115093537,0.6359,0.9967,LL,ns,ns
Ecuador,ECU,0.12529387656573873,0.1338574869232761,0.024378189530833372,0.02396529473188,South America,Americas,-0.00856361035753736,1,1,True,0.00013042770358915822,-0.024511188146453037,0.5693,0.7913772727272728,HL,ns,ns,-0.3634857000740292,0.2258,0.5120477611940298,HL,ns,ns,-0.14945613863510399,0.3605,0.8614456790123457,HL,ns,ns,-0.024511188146453037,0.5693,0.8667682242990653,HL,ns,ns,-0.3634857000740292,0.2258,0.532746875,HL,ns,ns,-0.14945613863510399,0.3605,0.9243716666666667,HL,ns,ns
Paraguay,PRY,0.12268222549728672,0.1753122488402913,-0.023401186176351035,0.07269339757258905,South America,Americas,-0.052630023343004595,-1,1,False,0.004926326313624851,0.04634585318266166,0.8286,0.8937042857142857,LL,ns,ns,-0.06705290150301772,0.8115,0.9034649635036496,LH,ns,ns,0.035516941046328465,0.9423,0.9938000000000001,HH,ns,ns,0.04634585318266166,0.8286,0.922063829787234,LL,ns,ns,-0.06705290150301772,0.8115,0.9213270676691729,LH,ns,ns,0.035516941046328465,0.9423,0.9967,HH,ns,ns
Peru,PER,0.10234701745272959,0.1807756905214797,-0.015014486869746324,-0.002821843293213999,South America,Americas,-0.07842867306875012,-1,-1,True,0.01093970937910235,0.19795625492392047,0.5835,0.7921486725663717,LL,ns,ns,0.09798756978892512,0.6015,0.7897956521739131,LL,ns,ns,-0.0037248498395458314,0.8453,0.9938000000000001,LH,ns,ns,0.07076889223870915,0.8443,0.922063829787234,LL,ns,ns,-0.15410476617847657,0.4093,0.6645623655913978,LH,ns,ns,-0.004923588501021067,0.7967,0.9967,LH,ns,ns
Suriname,SUR,0.14991778270906336,0.1490320670347011,0.01619130395222873,0.010678431640229191,South America,Americas,0.0008857156743622696,1,1,True,1.3952264829484028e-06,0.1612412244806426,0.1076,0.49875757575757573,HH,ns,ns,0.5189540172500016,0.0077,0.08305,HH,HH,ns,-0.0347066380849548,0.6466,0.9822330097087378,HL,ns,ns,0.025855260602701238,0.8058,0.922063829787234,HH,ns,ns,0.39346768034500296,0.0444,0.20951250000000002,HH,HH,ns,-0.027497395019420265,0.7159,0.9967,HL,ns,ns
Uruguay,URY,0.1340604374132053,0.073071038816268,0.0026488237279629068,-0.029094842397430626,South America,Americas,0.060989398596937305,1,-1,False,0.00661553165847525,-0.4129481370948951,0.356,0.7579774647887324,HL,ns,ns,-0.003341795010976166,0.9172,0.949656462585034,HL,ns,ns,-0.15924537422178547,0.419,0.8614456790123457,LH,ns,ns,-0.4129481370948951,0.356,0.7272486486486487,HL,ns,ns,-0.003341795010976166,0.9172,0.96734375,HL,ns,ns,-0.15924537422178547,0.419,0.9290473684210527,LH,ns,ns
Venezuela,VEN,0.14209795456206648,0.1587046890680464,0.0050446226579653475,-0.015854218257880942,South America,Americas,-0.016606734505979937,1,-1,False,0.0004904836505623094,-0.006728583806183947,0.0482,0.40434444444444445,LH,LH,ns,0.07804459177976307,0.2025,0.5012704918032787,HH,ns,ns,0.12235578533468168,0.2583,0.7359113207547169,LL,ns,ns,-0.0055229841657943425,0.1041,0.5821888888888889,LH,ns,ns,0.09627896639618266,0.1154,0.3693208333333333,HH,ns,ns,0.06635494837070594,0.5347,0.9916280487804877,LL,ns,ns
