iso3,Country,primary_fold,primary_n_train,primary_training_iso3,m49_subregion,m49_fold,random10_fold
DZA,Algeria,0,140,AGO|BEN|BWA|BFA|BDI|CMR|CAF|COG|COD|CIV|DJI|EGY|GNQ|ERI|ETH|GAB|GHA|GIN|GNB|KEN|LSO|LBR|MDG|MWI|MOZ|NAM|NGA|RWA|SEN|SLE|SOM|ZAF|SDN|SWZ|TZA|TGO|UGA|ZMB|ZWE|AFG|ARM|AZE|BGD|MMR|KHM|CHN|GEO|IND|IDN|IRN|IRQ|ISR|JPN|JOR|KAZ|LAO|LBN|MYS|MNG|NPL|OMN|PAK|PHL|QAT|SAU|KOR|LKA|SYR|TWN|TJK|THA|TUR|TKM|ARE|UZB|VNM|YEM|ALB|AUT|BLR|BEL|BIH|BGR|HRV|CYP|CZE|DNK|EST|FIN|DEU|GRC|HUN|ISL|IRL|LVA|LTU|MKD|MDA|MNE|NLD|NOR|POL|PRT|ROU|RUS|SRB|SVK|SVN|SWE|CHE|UKR|GBR|BHS|CAN|CRI|CUB|DOM|SLV|GTM|HTI|HND|JAM|MEX|NIC|PAN|USA|AUS|NZL|PNG|ARG|BOL|BRA|CHL|COL|ECU|PRY|PER|SUR|URY|VEN,Northern Africa,9,2
AGO,Angola,1,143,DZA|BEN|BFA|BDI|CMR|CAF|TCD|CIV|DJI|EGY|GNQ|ERI|ETH|GHA|GIN|GNB|KEN|LSO|LBR|LBY|MDG|MWI|MLI|MRT|MAR|MOZ|NER|NGA|RWA|SEN|SLE|SOM|ZAF|SDN|SWZ|TZA|TGO|TUN|UGA|AFG|ARM|AZE|BGD|MMR|KHM|CHN|GEO|IND|IDN|IRN|IRQ|ISR|JPN|JOR|KAZ|LAO|LBN|MYS|MNG|NPL|OMN|PAK|PHL|QAT|SAU|KOR|LKA|SYR|TWN|TJK|THA|TUR|TKM|ARE|UZB|VNM|YEM|ALB|AUT|BLR|BEL|BIH|BGR|HRV|CYP|CZE|DNK|EST|FIN|FRA|DEU|GRC|HUN|ISL|IRL|ITA|LVA|LTU|MKD|MDA|MNE|NLD|NOR|POL|PRT|ROU|RUS|SRB|SVK|SVN|ESP|SWE|CHE|UKR|GBR|BHS|CAN|CRI|CUB|DOM|SLV|GTM|HTI|HND|JAM|MEX|NIC|PAN|USA|AUS|NZL|PNG|ARG|BOL|BRA|CHL|COL|ECU|PRY|PER|SUR|URY|VEN,Middle Africa,8,7
BEN,Benin,2,143,DZA|AGO|BWA|BDI|CMR|CAF|TCD|COG|COD|DJI|EGY|GNQ|ERI|ETH|GAB|GIN|GNB|KEN|LSO|LBR|LBY|MDG|MWI|MRT|MAR|MOZ|NAM|RWA|SEN|SLE|SOM|ZAF|SDN|SWZ|TZA|TUN|UGA|ZMB|ZWE|AFG|ARM|AZE|BGD|MMR|KHM|CHN|GEO|IND|IDN|IRN|IRQ|ISR|JPN|JOR|KAZ|LAO|LBN|MYS|MNG|NPL|OMN|PAK|PHL|QAT|SAU|KOR|LKA|SYR|TWN|TJK|THA|TUR|TKM|ARE|UZB|VNM|YEM|ALB|AUT|BLR|BEL|BIH|BGR|HRV|CYP|CZE|DNK|EST|FIN|FRA|DEU|GRC|HUN|ISL|IRL|ITA|LVA|LTU|MKD|MDA|MNE|NLD|NOR|POL|PRT|ROU|RUS|SRB|SVK|SVN|ESP|SWE|CHE|UKR|GBR|BHS|CAN|CRI|CUB|DOM|SLV|GTM|HTI|HND|JAM|MEX|NIC|PAN|USA|AUS|NZL|PNG|ARG|BOL|BRA|CHL|COL|ECU|PRY|PER|SUR|URY|VEN,Western Africa,17,3
BWA,Botswana,3,142,DZA|BEN|BFA|BDI|CMR|CAF|TCD|COG|COD|CIV|DJI|EGY|GNQ|ERI|ETH|GAB|GHA|GIN|GNB|KEN|LBR|LBY|MDG|MWI|MLI|MRT|MAR|NER|NGA|RWA|SEN|SLE|SOM|SDN|TZA|TGO|TUN|UGA|AFG|ARM|AZE|BGD|MMR|KHM|CHN|GEO|IND|IDN|IRN|IRQ|ISR|JPN|JOR|KAZ|LAO|LBN|MYS|MNG|NPL|OMN|PAK|PHL|QAT|SAU|KOR|LKA|SYR|TWN|TJK|THA|TUR|TKM|ARE|UZB|VNM|YEM|ALB|AUT|BLR|BEL|BIH|BGR|HRV|CYP|CZE|DNK|EST|FIN|FRA|DEU|GRC|HUN|ISL|IRL|ITA|LVA|LTU|MKD|MDA|MNE|NLD|NOR|POL|PRT|ROU|RUS|SRB|SVK|SVN|ESP|SWE|CHE|UKR|GBR|BHS|CAN|CRI|CUB|DOM|SLV|GTM|HTI|HND|JAM|MEX|NIC|PAN|USA|AUS|NZL|PNG|ARG|BOL|BRA|CHL|COL|ECU|PRY|PER|SUR|URY|VEN,Southern Africa,14,8
BFA,Burkina Faso,4,140,DZA|AGO|BWA|BDI|CMR|CAF|TCD|COG|COD|DJI|EGY|GNQ|ERI|ETH|GAB|GNB|KEN|LSO|LBY|MDG|MWI|MAR|MOZ|NAM|RWA|SEN|SLE|SOM|ZAF|SDN|SWZ|TZA|TUN|UGA|ZMB|ZWE|AFG|ARM|AZE|BGD|MMR|KHM|CHN|GEO|IND|IDN|IRN|IRQ|ISR|JPN|JOR|KAZ|LAO|LBN|MYS|MNG|NPL|OMN|PAK|PHL|QAT|SAU|KOR|LKA|SYR|TWN|TJK|THA|TUR|TKM|ARE|UZB|VNM|YEM|ALB|AUT|BLR|BEL|BIH|BGR|HRV|CYP|CZE|DNK|EST|FIN|FRA|DEU|GRC|HUN|ISL|IRL|ITA|LVA|LTU|MKD|MDA|MNE|NLD|NOR|POL|PRT|ROU|RUS|SRB|SVK|SVN|ESP|SWE|CHE|UKR|GBR|BHS|CAN|CRI|CUB|DOM|SLV|GTM|HTI|HND|JAM|MEX|NIC|PAN|USA|AUS|NZL|PNG|ARG|BOL|BRA|CHL|COL|ECU|PRY|PER|SUR|URY|VEN,Western Africa,17,9
BDI,Burundi,5,144,DZA|AGO|BEN|BWA|BFA|CMR|CAF|TCD|COG|CIV|DJI|EGY|GNQ|ERI|ETH|GAB|GHA|GIN|GNB|LSO|LBR|LBY|MDG|MWI|MLI|MRT|MAR|MOZ|NAM|NER|NGA|SEN|SLE|SOM|ZAF|SDN|SWZ|TGO|TUN|ZWE|AFG|ARM|AZE|BGD|MMR|KHM|CHN|GEO|IND|IDN|IRN|IRQ|ISR|JPN|JOR|KAZ|LAO|LBN|MYS|MNG|NPL|OMN|PAK|PHL|QAT|SAU|KOR|LKA|SYR|TWN|TJK|THA|TUR|TKM|ARE|UZB|VNM|YEM|ALB|AUT|BLR|BEL|BIH|BGR|HRV|CYP|CZE|DNK|EST|FIN|FRA|DEU|GRC|HUN|ISL|IRL|ITA|LVA|LTU|MKD|MDA|MNE|NLD|NOR|POL|PRT|ROU|RUS|SRB|SVK|SVN|ESP|SWE|CHE|UKR|GBR|BHS|CAN|CRI|CUB|DOM|SLV|GTM|HTI|HND|JAM|MEX|NIC|PAN|USA|AUS|NZL|PNG|ARG|BOL|BRA|CHL|COL|ECU|PRY|PER|SUR|URY|VEN,Eastern Africa,4,8
CMR,Cameroon,6,142,DZA|AGO|BEN|BWA|BFA|BDI|CIV|DJI|EGY|ERI|ETH|GHA|GIN|GNB|KEN|LSO|LBR|LBY|MDG|MWI|MLI|MRT|MAR|MOZ|NAM|RWA|SEN|SLE|SOM|ZAF|SDN|SWZ|TZA|TGO|TUN|UGA|ZMB|ZWE|AFG|ARM|AZE|BGD|MMR|KHM|CHN|GEO|IND|IDN|IRN|IRQ|ISR|JPN|JOR|KAZ|LAO|LBN|MYS|MNG|NPL|OMN|PAK|PHL|QAT|SAU|KOR|LKA|SYR|TWN|TJK|THA|TUR|TKM|ARE|UZB|VNM|YEM|ALB|AUT|BLR|BEL|BIH|BGR|HRV|CYP|CZE|DNK|EST|FIN|FRA|DEU|GRC|HUN|ISL|IRL|ITA|LVA|LTU|MKD|MDA|MNE|NLD|NOR|POL|PRT|ROU|RUS|SRB|SVK|SVN|ESP|SWE|CHE|UKR|GBR|BHS|CAN|CRI|CUB|DOM|SLV|GTM|HTI|HND|JAM|MEX|NIC|PAN|USA|AUS|NZL|PNG|ARG|BOL|BRA|CHL|COL|ECU|PRY|PER|SUR|URY|VEN,Middle Africa,8,0
CAF,Central African Republic,7,141,DZA|AGO|BEN|BWA|BFA|BDI|CIV|DJI|EGY|ERI|ETH|GHA|GIN|GNB|KEN|LSO|LBR|LBY|MDG|MWI|MLI|MRT|MAR|MOZ|NAM|NER|RWA|SEN|SLE|SOM|ZAF|SWZ|TZA|TGO|TUN|ZMB|ZWE|AFG|ARM|AZE|BGD|MMR|KHM|CHN|GEO|IND|IDN|IRN|IRQ|ISR|JPN|JOR|KAZ|LAO|LBN|MYS|MNG|NPL|OMN|PAK|PHL|QAT|SAU|KOR|LKA|SYR|TWN|TJK|THA|TUR|TKM|ARE|UZB|VNM|YEM|ALB|AUT|BLR|BEL|BIH|BGR|HRV|CYP|CZE|DNK|EST|FIN|FRA|DEU|GRC|HUN|ISL|IRL|ITA|LVA|LTU|MKD|MDA|MNE|NLD|NOR|POL|PRT|ROU|RUS|SRB|SVK|SVN|ESP|SWE|CHE|UKR|GBR|BHS|CAN|CRI|CUB|DOM|SLV|GTM|HTI|HND|JAM|MEX|NIC|PAN|USA|AUS|NZL|PNG|ARG|BOL|BRA|CHL|COL|ECU|PRY|PER|SUR|URY|VEN,Middle Africa,8,3
TCD,Chad,8,140,AGO|BEN|BWA|BFA|BDI|CIV|DJI|GNQ|ERI|ETH|GAB|GHA|GIN|GNB|KEN|LSO|LBR|MDG|MWI|MLI|MRT|MAR|MOZ|NAM|RWA|SEN|SLE|SOM|ZAF|SWZ|TZA|TGO|TUN|UGA|ZMB|ZWE|AFG|ARM|AZE|BGD|MMR|KHM|CHN|GEO|IND|IDN|IRN|IRQ|ISR|JPN|JOR|KAZ|LAO|LBN|MYS|MNG|NPL|OMN|PAK|PHL|QAT|SAU|KOR|LKA|SYR|TWN|TJK|THA|TUR|TKM|ARE|UZB|VNM|YEM|ALB|AUT|BLR|BEL|BIH|BGR|HRV|CYP|CZE|DNK|EST|FIN|FRA|DEU|GRC|HUN|ISL|IRL|ITA|LVA|LTU|MKD|MDA|MNE|NLD|NOR|POL|PRT|ROU|RUS|SRB|SVK|SVN|ESP|SWE|CHE|UKR|GBR|BHS|CAN|CRI|CUB|DOM|SLV|GTM|HTI|HND|JAM|MEX|NIC|PAN|USA|AUS|NZL|PNG|ARG|BOL|BRA|CHL|COL|ECU|PRY|PER|SUR|URY|VEN,Middle Africa,8,7
COG,Congo,9,143,DZA|BEN|BWA|BFA|BDI|CIV|DJI|EGY|ERI|ETH|GHA|GIN|GNB|KEN|LSO|LBR|LBY|MDG|MWI|MLI|MRT|MAR|MOZ|NAM|NER|NGA|RWA|SEN|SLE|SOM|ZAF|SDN|SWZ|TZA|TGO|TUN|UGA|ZMB|ZWE|AFG|ARM|AZE|BGD|MMR|KHM|CHN|GEO|IND|IDN|IRN|IRQ|ISR|JPN|JOR|KAZ|LAO|LBN|MYS|MNG|NPL|OMN|PAK|PHL|QAT|SAU|KOR|LKA|SYR|TWN|TJK|THA|TUR|TKM|ARE|UZB|VNM|YEM|ALB|AUT|BLR|BEL|BIH|BGR|HRV|CYP|CZE|DNK|EST|FIN|FRA|DEU|GRC|HUN|ISL|IRL|ITA|LVA|LTU|MKD|MDA|MNE|NLD|NOR|POL|PRT|ROU|RUS|SRB|SVK|SVN|ESP|SWE|CHE|UKR|GBR|BHS|CAN|CRI|CUB|DOM|SLV|GTM|HTI|HND|JAM|MEX|NIC|PAN|USA|AUS|NZL|PNG|ARG|BOL|BRA|CHL|COL|ECU|PRY|PER|SUR|URY|VEN,Middle Africa,8,4
COD,Congo (Democratic Republic Of The),10,133,DZA|BEN|BWA|BFA|CIV|DJI|EGY|GNQ|ERI|GHA|GIN|GNB|LSO|LBR|LBY|MDG|MLI|MRT|MAR|NAM|NER|NGA|SEN|SLE|SOM|ZAF|SWZ|TGO|TUN|AFG|ARM|AZE|BGD|MMR|KHM|CHN|GEO|IND|IDN|IRN|IRQ|ISR|JPN|JOR|KAZ|LAO|LBN|MYS|MNG|NPL|OMN|PAK|PHL|QAT|SAU|KOR|LKA|SYR|TWN|TJK|THA|TUR|TKM|ARE|UZB|VNM|YEM|ALB|AUT|BLR|BEL|BIH|BGR|HRV|CYP|CZE|DNK|EST|FIN|FRA|DEU|GRC|HUN|ISL|IRL|ITA|LVA|LTU|MKD|MDA|MNE|NLD|NOR|POL|PRT|ROU|RUS|SRB|SVK|SVN|ESP|SWE|CHE|UKR|GBR|BHS|CAN|CRI|CUB|DOM|SLV|GTM|HTI|HND|JAM|MEX|NIC|PAN|USA|AUS|NZL|PNG|ARG|BOL|BRA|CHL|COL|ECU|PRY|PER|SUR|URY|VEN,Middle Africa,8,4
CIV,Côte D'Ivoire,11,141,DZA|AGO|BWA|BDI|CMR|CAF|TCD|COG|COD|DJI|EGY|GNQ|ERI|ETH|GAB|GNB|KEN|LSO|LBY|MDG|MWI|MRT|MAR|MOZ|NAM|NER|NGA|RWA|SOM|ZAF|SDN|SWZ|TZA|TUN|UGA|ZMB|ZWE|AFG|ARM|AZE|BGD|MMR|KHM|CHN|GEO|IND|IDN|IRN|IRQ|ISR|JPN|JOR|KAZ|LAO|LBN|MYS|MNG|NPL|OMN|PAK|PHL|QAT|SAU|KOR|LKA|SYR|TWN|TJK|THA|TUR|TKM|ARE|UZB|VNM|YEM|ALB|AUT|BLR|BEL|BIH|BGR|HRV|CYP|CZE|DNK|EST|FIN|FRA|DEU|GRC|HUN|ISL|IRL|ITA|LVA|LTU|MKD|MDA|MNE|NLD|NOR|POL|PRT|ROU|RUS|SRB|SVK|SVN|ESP|SWE|CHE|UKR|GBR|BHS|CAN|CRI|CUB|DOM|SLV|GTM|HTI|HND|JAM|MEX|NIC|PAN|USA|AUS|NZL|PNG|ARG|BOL|BRA|CHL|COL|ECU|PRY|PER|SUR|URY|VEN,Western Africa,17,3
DJI,Djibouti,12,145,DZA|AGO|BEN|BWA|BFA|BDI|CMR|CAF|TCD|COG|COD|CIV|EGY|GNQ|GAB|GHA|GIN|GNB|KEN|LSO|LBR|LBY|MDG|MWI|MLI|MRT|MAR|MOZ|NAM|NER|NGA|RWA|SEN|SLE|ZAF|SDN|SWZ|TZA|TGO|TUN|UGA|ZMB|ZWE|AFG|ARM|AZE|BGD|MMR|KHM|CHN|GEO|IND|IDN|IRN|IRQ|ISR|JPN|JOR|KAZ|LAO|LBN|MYS|MNG|NPL|OMN|PAK|PHL|QAT|KOR|LKA|SYR|TWN|TJK|THA|TUR|TKM|ARE|UZB|VNM|ALB|AUT|BLR|BEL|BIH|BGR|HRV|CYP|CZE|DNK|EST|FIN|FRA|DEU|GRC|HUN|ISL|IRL|ITA|LVA|LTU|MKD|MDA|MNE|NLD|NOR|POL|PRT|ROU|RUS|SRB|SVK|SVN|ESP|SWE|CHE|UKR|GBR|BHS|CAN|CRI|CUB|DOM|SLV|GTM|HTI|HND|JAM|MEX|NIC|PAN|USA|AUS|NZL|PNG|ARG|BOL|BRA|CHL|COL|ECU|PRY|PER|SUR|URY|VEN,Eastern Africa,4,9
EGY,Egypt,13,137,DZA|AGO|BEN|BWA|BFA|BDI|CMR|CAF|COG|COD|CIV|DJI|GNQ|ETH|GAB|GHA|GIN|GNB|KEN|LSO|LBR|MDG|MWI|MLI|MRT|MAR|MOZ|NAM|NER|NGA|RWA|SEN|SLE|SOM|ZAF|SWZ|TZA|TGO|TUN|UGA|ZMB|ZWE|AFG|ARM|AZE|BGD|MMR|KHM|CHN|GEO|IND|IDN|IRN|JPN|KAZ|LAO|MYS|MNG|NPL|OMN|PAK|PHL|QAT|KOR|LKA|TWN|TJK|THA|TKM|ARE|UZB|VNM|YEM|ALB|AUT|BLR|BEL|BIH|BGR|HRV|CZE|DNK|EST|FIN|FRA|DEU|HUN|ISL|IRL|ITA|LVA|LTU|MKD|MDA|MNE|NLD|NOR|POL|PRT|ROU|RUS|SRB|SVK|SVN|ESP|SWE|CHE|UKR|GBR|BHS|CAN|CRI|CUB|DOM|SLV|GTM|HTI|HND|JAM|MEX|NIC|PAN|USA|AUS|NZL|PNG|ARG|BOL|BRA|CHL|COL|ECU|PRY|PER|SUR|URY|VEN,Northern Africa,9,1
GNQ,Equatorial Guinea,14,145,DZA|AGO|BEN|BWA|BFA|BDI|TCD|COD|CIV|DJI|EGY|ERI|ETH|GHA|GIN|GNB|KEN|LSO|LBR|LBY|MDG|MWI|MLI|MRT|MAR|MOZ|NAM|NER|RWA|SEN|SLE|SOM|ZAF|SDN|SWZ|TZA|TGO|TUN|UGA|ZMB|ZWE|AFG|ARM|AZE|BGD|MMR|KHM|CHN|GEO|IND|IDN|IRN|IRQ|ISR|JPN|JOR|KAZ|LAO|LBN|MYS|MNG|NPL|OMN|PAK|PHL|QAT|SAU|KOR|LKA|SYR|TWN|TJK|THA|TUR|TKM|ARE|UZB|VNM|YEM|ALB|AUT|BLR|BEL|BIH|BGR|HRV|CYP|CZE|DNK|EST|FIN|FRA|DEU|GRC|HUN|ISL|IRL|ITA|LVA|LTU|MKD|MDA|MNE|NLD|NOR|POL|PRT|ROU|RUS|SRB|SVK|SVN|ESP|SWE|CHE|UKR|GBR|BHS|CAN|CRI|CUB|DOM|SLV|GTM|HTI|HND|JAM|MEX|NIC|PAN|USA|AUS|NZL|PNG|ARG|BOL|BRA|CHL|COL|ECU|PRY|PER|SUR|URY|VEN,Middle Africa,8,2
ERI,Eritrea,15,143,DZA|AGO|BEN|BWA|BFA|BDI|CMR|CAF|TCD|COG|COD|CIV|GNQ|GAB|GHA|GIN|GNB|KEN|LSO|LBR|LBY|MDG|MWI|MLI|MRT|MAR|MOZ|NAM|NER|NGA|RWA|SEN|SLE|ZAF|SWZ|TZA|TGO|TUN|UGA|ZMB|ZWE|AFG|ARM|AZE|BGD|MMR|KHM|CHN|GEO|IND|IDN|IRN|IRQ|ISR|JPN|JOR|KAZ|LAO|LBN|MYS|MNG|NPL|OMN|PAK|PHL|QAT|KOR|LKA|SYR|TWN|TJK|THA|TUR|TKM|ARE|UZB|VNM|ALB|AUT|BLR|BEL|BIH|BGR|HRV|CYP|CZE|DNK|EST|FIN|FRA|DEU|GRC|HUN|ISL|IRL|ITA|LVA|LTU|MKD|MDA|MNE|NLD|NOR|POL|PRT|ROU|RUS|SRB|SVK|SVN|ESP|SWE|CHE|UKR|GBR|BHS|CAN|CRI|CUB|DOM|SLV|GTM|HTI|HND|JAM|MEX|NIC|PAN|USA|AUS|NZL|PNG|ARG|BOL|BRA|CHL|COL|ECU|PRY|PER|SUR|URY|VEN,Eastern Africa,4,5
ETH,Ethiopia,16,141,DZA|AGO|BEN|BWA|BFA|BDI|CMR|CAF|TCD|COG|CIV|EGY|GNQ|GAB|GHA|GIN|GNB|LSO|LBR|LBY|MDG|MWI|MLI|MRT|MAR|MOZ|NAM|NER|NGA|RWA|SEN|SLE|ZAF|SWZ|TZA|TGO|TUN|ZMB|ZWE|AFG|ARM|AZE|BGD|MMR|KHM|CHN|GEO|IND|IDN|IRN|IRQ|ISR|JPN|JOR|KAZ|LAO|LBN|MYS|MNG|NPL|OMN|PAK|PHL|QAT|KOR|LKA|SYR|TWN|TJK|THA|TUR|TKM|ARE|UZB|VNM|ALB|AUT|BLR|BEL|BIH|BGR|HRV|CYP|CZE|DNK|EST|FIN|FRA|DEU|GRC|HUN|ISL|IRL|ITA|LVA|LTU|MKD|MDA|MNE|NLD|NOR|POL|PRT|ROU|RUS|SRB|SVK|SVN|ESP|SWE|CHE|UKR|GBR|BHS|CAN|CRI|CUB|DOM|SLV|GTM|HTI|HND|JAM|MEX|NIC|PAN|USA|AUS|NZL|PNG|ARG|BOL|BRA|CHL|COL|ECU|PRY|PER|SUR|URY|VEN,Eastern Africa,4,5
GAB,Gabon,17,143,DZA|BEN|BWA|BFA|BDI|TCD|CIV|DJI|EGY|ERI|ETH|GHA|GIN|GNB|KEN|LSO|LBR|LBY|MDG|MWI|MLI|MRT|MAR|MOZ|NAM|NER|RWA|SEN|SLE|SOM|ZAF|SDN|SWZ|TZA|TGO|TUN|UGA|ZMB|ZWE|AFG|ARM|AZE|BGD|MMR|KHM|CHN|GEO|IND|IDN|IRN|IRQ|ISR|JPN|JOR|KAZ|LAO|LBN|MYS|MNG|NPL|OMN|PAK|PHL|QAT|SAU|KOR|LKA|SYR|TWN|TJK|THA|TUR|TKM|ARE|UZB|VNM|YEM|ALB|AUT|BLR|BEL|BIH|BGR|HRV|CYP|CZE|DNK|EST|FIN|FRA|DEU|GRC|HUN|ISL|IRL|ITA|LVA|LTU|MKD|MDA|MNE|NLD|NOR|POL|PRT|ROU|RUS|SRB|SVK|SVN|ESP|SWE|CHE|UKR|GBR|BHS|CAN|CRI|CUB|DOM|SLV|GTM|HTI|HND|JAM|MEX|NIC|PAN|USA|AUS|NZL|PNG|ARG|BOL|BRA|CHL|COL|ECU|PRY|PER|SUR|URY|VEN,Middle Africa,8,5
GHA,Ghana,18,142,DZA|AGO|BWA|BDI|CMR|CAF|TCD|COG|COD|DJI|EGY|GNQ|ERI|ETH|GAB|GIN|GNB|KEN|LSO|LBY|MDG|MWI|MRT|MAR|MOZ|NAM|RWA|SEN|SLE|SOM|ZAF|SDN|SWZ|TZA|TUN|UGA|ZMB|ZWE|AFG|ARM|AZE|BGD|MMR|KHM|CHN|GEO|IND|IDN|IRN|IRQ|ISR|JPN|JOR|KAZ|LAO|LBN|MYS|MNG|NPL|OMN|PAK|PHL|QAT|SAU|KOR|LKA|SYR|TWN|TJK|THA|TUR|TKM|ARE|UZB|VNM|YEM|ALB|AUT|BLR|BEL|BIH|BGR|HRV|CYP|CZE|DNK|EST|FIN|FRA|DEU|GRC|HUN|ISL|IRL|ITA|LVA|LTU|MKD|MDA|MNE|NLD|NOR|POL|PRT|ROU|RUS|SRB|SVK|SVN|ESP|SWE|CHE|UKR|GBR|BHS|CAN|CRI|CUB|DOM|SLV|GTM|HTI|HND|JAM|MEX|NIC|PAN|USA|AUS|NZL|PNG|ARG|BOL|BRA|CHL|COL|ECU|PRY|PER|SUR|URY|VEN,Western Africa,17,6
GIN,Guinea,19,142,DZA|AGO|BEN|BWA|BDI|CMR|CAF|TCD|COG|COD|DJI|EGY|GNQ|ERI|ETH|GAB|GHA|KEN|LSO|LBY|MDG|MWI|MAR|MOZ|NAM|NER|NGA|RWA|SOM|ZAF|SDN|SWZ|TZA|TGO|TUN|UGA|ZMB|ZWE|AFG|ARM|AZE|BGD|MMR|KHM|CHN|GEO|IND|IDN|IRN|IRQ|ISR|JPN|JOR|KAZ|LAO|LBN|MYS|MNG|NPL|OMN|PAK|PHL|QAT|SAU|KOR|LKA|SYR|TWN|TJK|THA|TUR|TKM|ARE|UZB|VNM|YEM|ALB|AUT|BLR|BEL|BIH|BGR|HRV|CYP|CZE|DNK|EST|FIN|FRA|DEU|GRC|HUN|ISL|IRL|ITA|LVA|LTU|MKD|MDA|MNE|NLD|NOR|POL|PRT|ROU|RUS|SRB|SVK|SVN|ESP|SWE|CHE|UKR|GBR|BHS|CAN|CRI|CUB|DOM|SLV|GTM|HTI|HND|JAM|MEX|NIC|PAN|USA|AUS|NZL|PNG|ARG|BOL|BRA|CHL|COL|ECU|PRY|PER|SUR|URY|VEN,Western Africa,17,7
GNB,Guinea Bissau,20,145,DZA|AGO|BEN|BWA|BFA|BDI|CMR|CAF|TCD|COG|COD|CIV|DJI|EGY|GNQ|ERI|ETH|GAB|GHA|KEN|LSO|LBR|LBY|MDG|MWI|MAR|MOZ|NAM|NER|NGA|RWA|SOM|ZAF|SDN|SWZ|TZA|TGO|TUN|UGA|ZMB|ZWE|AFG|ARM|AZE|BGD|MMR|KHM|CHN|GEO|IND|IDN|IRN|IRQ|ISR|JPN|JOR|KAZ|LAO|LBN|MYS|MNG|NPL|OMN|PAK|PHL|QAT|SAU|KOR|LKA|SYR|TWN|TJK|THA|TUR|TKM|ARE|UZB|VNM|YEM|ALB|AUT|BLR|BEL|BIH|BGR|HRV|CYP|CZE|DNK|EST|FIN|FRA|DEU|GRC|HUN|ISL|IRL|ITA|LVA|LTU|MKD|MDA|MNE|NLD|NOR|POL|PRT|ROU|RUS|SRB|SVK|SVN|ESP|SWE|CHE|UKR|GBR|BHS|CAN|CRI|CUB|DOM|SLV|GTM|HTI|HND|JAM|MEX|NIC|PAN|USA|AUS|NZL|PNG|ARG|BOL|BRA|CHL|COL|ECU|PRY|PER|SUR|URY|VEN,Western Africa,17,1
KEN,Kenya,21,142,DZA|AGO|BEN|BWA|BFA|CMR|CAF|TCD|COG|CIV|DJI|EGY|GNQ|ERI|GAB|GHA|GIN|GNB|LSO|LBR|LBY|MDG|MWI|MLI|MRT|MAR|MOZ|NAM|NER|NGA|SEN|SLE|ZAF|SWZ|TGO|TUN|ZMB|ZWE|AFG|ARM|AZE|BGD|MMR|KHM|CHN|GEO|IND|IDN|IRN|IRQ|ISR|JPN|JOR|KAZ|LAO|LBN|MYS|MNG|NPL|OMN|PAK|PHL|QAT|SAU|KOR|LKA|SYR|TWN|TJK|THA|TUR|TKM|ARE|UZB|VNM|YEM|ALB|AUT|BLR|BEL|BIH|BGR|HRV|CYP|CZE|DNK|EST|FIN|FRA|DEU|GRC|HUN|ISL|IRL|ITA|LVA|LTU|MKD|MDA|MNE|NLD|NOR|POL|PRT|ROU|RUS|SRB|SVK|SVN|ESP|SWE|CHE|UKR|GBR|BHS|CAN|CRI|CUB|DOM|SLV|GTM|HTI|HND|JAM|MEX|NIC|PAN|USA|AUS|NZL|PNG|ARG|BOL|BRA|CHL|COL|ECU|PRY|PER|SUR|URY|VEN,Eastern Africa,4,4
LSO,Lesotho,22,146,DZA|AGO|BEN|BFA|BDI|CMR|CAF|TCD|COG|COD|CIV|DJI|EGY|GNQ|ERI|ETH|GAB|GHA|GIN|GNB|KEN|LBR|LBY|MDG|MWI|MLI|MRT|MAR|NAM|NER|NGA|RWA|SEN|SLE|SOM|SDN|TZA|TGO|TUN|UGA|ZMB|ZWE|AFG|ARM|AZE|BGD|MMR|KHM|CHN|GEO|IND|IDN|IRN|IRQ|ISR|JPN|JOR|KAZ|LAO|LBN|MYS|MNG|NPL|OMN|PAK|PHL|QAT|SAU|KOR|LKA|SYR|TWN|TJK|THA|TUR|TKM|ARE|UZB|VNM|YEM|ALB|AUT|BLR|BEL|BIH|BGR|HRV|CYP|CZE|DNK|EST|FIN|FRA|DEU|GRC|HUN|ISL|IRL|ITA|LVA|LTU|MKD|MDA|MNE|NLD|NOR|POL|PRT|ROU|RUS|SRB|SVK|SVN|ESP|SWE|CHE|UKR|GBR|BHS|CAN|CRI|CUB|DOM|SLV|GTM|HTI|HND|JAM|MEX|NIC|PAN|USA|AUS|NZL|PNG|ARG|BOL|BRA|CHL|COL|ECU|PRY|PER|SUR|URY|VEN,Southern Africa,14,9
LBR,Liberia,23,143,DZA|AGO|BEN|BWA|BDI|CMR|CAF|TCD|COG|COD|DJI|EGY|GNQ|ERI|ETH|GAB|GNB|KEN|LSO|LBY|MDG|MWI|MRT|MAR|MOZ|NAM|NER|NGA|RWA|SOM|ZAF|SDN|SWZ|TZA|TGO|TUN|UGA|ZMB|ZWE|AFG|ARM|AZE|BGD|MMR|KHM|CHN|GEO|IND|IDN|IRN|IRQ|ISR|JPN|JOR|KAZ|LAO|LBN|MYS|MNG|NPL|OMN|PAK|PHL|QAT|SAU|KOR|LKA|SYR|TWN|TJK|THA|TUR|TKM|ARE|UZB|VNM|YEM|ALB|AUT|BLR|BEL|BIH|BGR|HRV|CYP|CZE|DNK|EST|FIN|FRA|DEU|GRC|HUN|ISL|IRL|ITA|LVA|LTU|MKD|MDA|MNE|NLD|NOR|POL|PRT|ROU|RUS|SRB|SVK|SVN|ESP|SWE|CHE|UKR|GBR|BHS|CAN|CRI|CUB|DOM|SLV|GTM|HTI|HND|JAM|MEX|NIC|PAN|USA|AUS|NZL|PNG|ARG|BOL|BRA|CHL|COL|ECU|PRY|PER|SUR|URY|VEN,Western Africa,17,4
LBY,Libya,24,142,AGO|BEN|BWA|BFA|BDI|CMR|CAF|COG|COD|CIV|DJI|GNQ|ERI|ETH|GAB|GHA|GIN|GNB|KEN|LSO|LBR|MDG|MWI|MLI|MRT|MAR|MOZ|NAM|NGA|RWA|SEN|SLE|SOM|ZAF|SWZ|TZA|TGO|UGA|ZMB|ZWE|AFG|ARM|AZE|BGD|MMR|KHM|CHN|GEO|IND|IDN|IRN|IRQ|ISR|JPN|JOR|KAZ|LAO|LBN|MYS|MNG|NPL|OMN|PAK|PHL|QAT|SAU|KOR|LKA|SYR|TWN|TJK|THA|TUR|TKM|ARE|UZB|VNM|YEM|ALB|AUT|BLR|BEL|BIH|BGR|HRV|CYP|CZE|DNK|EST|FIN|FRA|DEU|HUN|ISL|IRL|LVA|LTU|MKD|MDA|MNE|NLD|NOR|POL|PRT|ROU|RUS|SRB|SVK|SVN|ESP|SWE|CHE|UKR|GBR|BHS|CAN|CRI|CUB|DOM|SLV|GTM|HTI|HND|JAM|MEX|NIC|PAN|USA|AUS|NZL|PNG|ARG|BOL|BRA|CHL|COL|ECU|PRY|PER|SUR|URY|VEN,Northern Africa,9,8
MDG,Madagascar,25,149,DZA|AGO|BEN|BWA|BFA|BDI|CMR|CAF|TCD|COG|COD|CIV|DJI|EGY|GNQ|ERI|ETH|GAB|GHA|GIN|GNB|KEN|LSO|LBR|LBY|MWI|MLI|MRT|MAR|NAM|NER|NGA|RWA|SEN|SLE|SOM|ZAF|SDN|SWZ|TZA|TGO|TUN|UGA|ZMB|ZWE|AFG|ARM|AZE|BGD|MMR|KHM|CHN|GEO|IND|IDN|IRN|IRQ|ISR|JPN|JOR|KAZ|LAO|LBN|MYS|MNG|NPL|OMN|PAK|PHL|QAT|SAU|KOR|LKA|SYR|TWN|TJK|THA|TUR|TKM|ARE|UZB|VNM|YEM|ALB|AUT|BLR|BEL|BIH|BGR|HRV|CYP|CZE|DNK|EST|FIN|FRA|DEU|GRC|HUN|ISL|IRL|ITA|LVA|LTU|MKD|MDA|MNE|NLD|NOR|POL|PRT|ROU|RUS|SRB|SVK|SVN|ESP|SWE|CHE|UKR|GBR|BHS|CAN|CRI|CUB|DOM|SLV|GTM|HTI|HND|JAM|MEX|NIC|PAN|USA|AUS|NZL|PNG|ARG|BOL|BRA|CHL|COL|ECU|PRY|PER|SUR|URY|VEN,Eastern Africa,4,3
MWI,Malawi,26,145,DZA|AGO|BEN|BWA|BFA|BDI|CMR|CAF|TCD|COG|CIV|DJI|EGY|GNQ|ERI|ETH|GAB|GHA|GIN|GNB|KEN|LSO|LBR|LBY|MDG|MLI|MRT|MAR|NAM|NER|NGA|RWA|SEN|SLE|SOM|ZAF|SDN|SWZ|TGO|TUN|UGA|AFG|ARM|AZE|BGD|MMR|KHM|CHN|GEO|IND|IDN|IRN|IRQ|ISR|JPN|JOR|KAZ|LAO|LBN|MYS|MNG|NPL|OMN|PAK|PHL|QAT|SAU|KOR|LKA|SYR|TWN|TJK|THA|TUR|TKM|ARE|UZB|VNM|YEM|ALB|AUT|BLR|BEL|BIH|BGR|HRV|CYP|CZE|DNK|EST|FIN|FRA|DEU|GRC|HUN|ISL|IRL|ITA|LVA|LTU|MKD|MDA|MNE|NLD|NOR|POL|PRT|ROU|RUS|SRB|SVK|SVN|ESP|SWE|CHE|UKR|GBR|BHS|CAN|CRI|CUB|DOM|SLV|GTM|HTI|HND|JAM|MEX|NIC|PAN|USA|AUS|NZL|PNG|ARG|BOL|BRA|CHL|COL|ECU|PRY|PER|SUR|URY|VEN,Eastern Africa,4,3
MLI,Mali,27,135,AGO|BWA|BDI|CMR|CAF|TCD|COG|COD|DJI|EGY|GNQ|ERI|ETH|GAB|KEN|LSO|LBY|MDG|MWI|MOZ|NAM|RWA|SOM|ZAF|SDN|SWZ|TZA|TUN|UGA|ZMB|ZWE|AFG|ARM|AZE|BGD|MMR|KHM|CHN|GEO|IND|IDN|IRN|IRQ|ISR|JPN|JOR|KAZ|LAO|LBN|MYS|MNG|NPL|OMN|PAK|PHL|QAT|SAU|KOR|LKA|SYR|TWN|TJK|THA|TUR|TKM|ARE|UZB|VNM|YEM|ALB|AUT|BLR|BEL|BIH|BGR|HRV|CYP|CZE|DNK|EST|FIN|FRA|DEU|GRC|HUN|ISL|IRL|ITA|LVA|LTU|MKD|MDA|MNE|NLD|NOR|POL|PRT|ROU|RUS|SRB|SVK|SVN|ESP|SWE|CHE|UKR|GBR|BHS|CAN|CRI|CUB|DOM|SLV|GTM|HTI|HND|JAM|MEX|NIC|PAN|USA|AUS|NZL|PNG|ARG|BOL|BRA|CHL|COL|ECU|PRY|PER|SUR|URY|VEN,Western Africa,17,0
MRT,Mauritania,28,142,AGO|BEN|BWA|BDI|CMR|CAF|TCD|COG|COD|CIV|DJI|EGY|GNQ|ERI|ETH|GAB|GHA|KEN|LSO|LBR|LBY|MDG|MWI|MOZ|NAM|NER|NGA|RWA|SLE|SOM|ZAF|SDN|SWZ|TZA|TGO|TUN|UGA|ZMB|ZWE|AFG|ARM|AZE|BGD|MMR|KHM|CHN|GEO|IND|IDN|IRN|IRQ|ISR|JPN|JOR|KAZ|LAO|LBN|MYS|MNG|NPL|OMN|PAK|PHL|QAT|SAU|KOR|LKA|SYR|TWN|TJK|THA|TUR|TKM|ARE|UZB|VNM|YEM|ALB|AUT|BLR|BEL|BIH|BGR|HRV|CYP|CZE|DNK|EST|FIN|FRA|DEU|GRC|HUN|ISL|IRL|ITA|LVA|LTU|MKD|MDA|MNE|NLD|NOR|POL|PRT|ROU|RUS|SRB|SVK|SVN|SWE|CHE|UKR|GBR|BHS|CAN|CRI|CUB|DOM|SLV|GTM|HTI|HND|JAM|MEX|NIC|PAN|USA|AUS|NZL|PNG|ARG|BOL|BRA|CHL|COL|ECU|PRY|PER|SUR|URY|VEN,Western Africa,17,5
MAR,Morocco,29,145,AGO|BEN|BWA|BFA|BDI|CMR|CAF|TCD|COG|COD|CIV|DJI|EGY|GNQ|ERI|ETH|GAB|GHA|GIN|GNB|KEN|LSO|LBR|LBY|MDG|MWI|MOZ|NAM|NER|NGA|RWA|SEN|SLE|SOM|ZAF|SDN|SWZ|TZA|TGO|TUN|UGA|ZMB|ZWE|AFG|ARM|AZE|BGD|MMR|KHM|CHN|GEO|IND|IDN|IRN|IRQ|ISR|JPN|JOR|KAZ|LAO|LBN|MYS|MNG|NPL|OMN|PAK|PHL|QAT|SAU|KOR|LKA|SYR|TWN|TJK|THA|TUR|TKM|ARE|UZB|VNM|YEM|ALB|AUT|BLR|BEL|BIH|BGR|HRV|CYP|CZE|DNK|EST|FIN|FRA|DEU|GRC|HUN|ISL|IRL|ITA|LVA|LTU|MKD|MDA|MNE|NLD|NOR|POL|ROU|RUS|SRB|SVK|SVN|SWE|CHE|UKR|GBR|BHS|CAN|CRI|CUB|DOM|SLV|GTM|HTI|HND|JAM|MEX|NIC|PAN|USA|AUS|NZL|PNG|ARG|BOL|BRA|CHL|COL|ECU|PRY|PER|SUR|URY|VEN,Northern Africa,9,5
MOZ,Mozambique,30,140,DZA|AGO|BEN|BFA|BDI|CMR|CAF|TCD|COG|CIV|DJI|EGY|GNQ|ERI|ETH|GAB|GHA|GIN|GNB|KEN|LBR|LBY|MLI|MRT|MAR|NAM|NER|NGA|RWA|SEN|SLE|SOM|SDN|TGO|TUN|UGA|AFG|ARM|AZE|BGD|MMR|KHM|CHN|GEO|IND|IDN|IRN|IRQ|ISR|JPN|JOR|KAZ|LAO|LBN|MYS|MNG|NPL|OMN|PAK|PHL|QAT|SAU|KOR|LKA|SYR|TWN|TJK|THA|TUR|TKM|ARE|UZB|VNM|YEM|ALB|AUT|BLR|BEL|BIH|BGR|HRV|CYP|CZE|DNK|EST|FIN|FRA|DEU|GRC|HUN|ISL|IRL|ITA|LVA|LTU|MKD|MDA|MNE|NLD|NOR|POL|PRT|ROU|RUS|SRB|SVK|SVN|ESP|SWE|CHE|UKR|GBR|BHS|CAN|CRI|CUB|DOM|SLV|GTM|HTI|HND|JAM|MEX|NIC|PAN|USA|AUS|NZL|PNG|ARG|BOL|BRA|CHL|COL|ECU|PRY|PER|SUR|URY|VEN,Eastern Africa,4,2
NAM,Namibia,31,145,DZA|BEN|BFA|BDI|CMR|CAF|TCD|COG|COD|CIV|DJI|EGY|GNQ|ERI|ETH|GAB|GHA|GIN|GNB|KEN|LSO|LBR|LBY|MDG|MWI|MLI|MRT|MAR|MOZ|NER|NGA|RWA|SEN|SLE|SOM|SDN|SWZ|TZA|TGO|TUN|UGA|AFG|ARM|AZE|BGD|MMR|KHM|CHN|GEO|IND|IDN|IRN|IRQ|ISR|JPN|JOR|KAZ|LAO|LBN|MYS|MNG|NPL|OMN|PAK|PHL|QAT|SAU|KOR|LKA|SYR|TWN|TJK|THA|TUR|TKM|ARE|UZB|VNM|YEM|ALB|AUT|BLR|BEL|BIH|BGR|HRV|CYP|CZE|DNK|EST|FIN|FRA|DEU|GRC|HUN|ISL|IRL|ITA|LVA|LTU|MKD|MDA|MNE|NLD|NOR|POL|PRT|ROU|RUS|SRB|SVK|SVN|ESP|SWE|CHE|UKR|GBR|BHS|CAN|CRI|CUB|DOM|SLV|GTM|HTI|HND|JAM|MEX|NIC|PAN|USA|AUS|NZL|PNG|ARG|BOL|BRA|CHL|COL|ECU|PRY|PER|SUR|URY|VEN,Southern Africa,14,8
NER,Niger,32,140,AGO|BWA|BDI|CAF|COG|COD|CIV|DJI|EGY|GNQ|ERI|ETH|GAB|GIN|GNB|KEN|LSO|LBR|MDG|MWI|MRT|MAR|MOZ|NAM|RWA|SEN|SLE|SOM|ZAF|SDN|SWZ|TZA|TUN|UGA|ZMB|ZWE|AFG|ARM|AZE|BGD|MMR|KHM|CHN|GEO|IND|IDN|IRN|IRQ|ISR|JPN|JOR|KAZ|LAO|LBN|MYS|MNG|NPL|OMN|PAK|PHL|QAT|SAU|KOR|LKA|SYR|TWN|TJK|THA|TUR|TKM|ARE|UZB|VNM|YEM|ALB|AUT|BLR|BEL|BIH|BGR|HRV|CYP|CZE|DNK|EST|FIN|FRA|DEU|GRC|HUN|ISL|IRL|ITA|LVA|LTU|MKD|MDA|MNE|NLD|NOR|POL|PRT|ROU|RUS|SRB|SVK|SVN|ESP|SWE|CHE|UKR|GBR|BHS|CAN|CRI|CUB|DOM|SLV|GTM|HTI|HND|JAM|MEX|NIC|PAN|USA|AUS|NZL|PNG|ARG|BOL|BRA|CHL|COL|ECU|PRY|PER|SUR|URY|VEN,Western Africa,17,2
NGA,Nigeria,33,139,DZA|AGO|BWA|BDI|COG|COD|CIV|DJI|EGY|ERI|ETH|GIN|GNB|KEN|LSO|LBR|LBY|MDG|MWI|MRT|MAR|MOZ|NAM|RWA|SEN|SLE|SOM|ZAF|SDN|SWZ|TZA|TUN|UGA|ZMB|ZWE|AFG|ARM|AZE|BGD|MMR|KHM|CHN|GEO|IND|IDN|IRN|IRQ|ISR|JPN|JOR|KAZ|LAO|LBN|MYS|MNG|NPL|OMN|PAK|PHL|QAT|SAU|KOR|LKA|SYR|TWN|TJK|THA|TUR|TKM|ARE|UZB|VNM|YEM|ALB|AUT|BLR|BEL|BIH|BGR|HRV|CYP|CZE|DNK|EST|FIN|FRA|DEU|GRC|HUN|ISL|IRL|ITA|LVA|LTU|MKD|MDA|MNE|NLD|NOR|POL|PRT|ROU|RUS|SRB|SVK|SVN|ESP|SWE|CHE|UKR|GBR|BHS|CAN|CRI|CUB|DOM|SLV|GTM|HTI|HND|JAM|MEX|NIC|PAN|USA|AUS|NZL|PNG|ARG|BOL|BRA|CHL|COL|ECU|PRY|PER|SUR|URY|VEN,Western Africa,17,8
RWA,Rwanda,34,145,DZA|AGO|BEN|BWA|BFA|CMR|CAF|TCD|COG|CIV|DJI|EGY|GNQ|ERI|ETH|GAB|GHA|GIN|GNB|LSO|LBR|LBY|MDG|MWI|MLI|MRT|MAR|MOZ|NAM|NER|NGA|SEN|SLE|SOM|ZAF|SDN|SWZ|TGO|TUN|ZMB|ZWE|AFG|ARM|AZE|BGD|MMR|KHM|CHN|GEO|IND|IDN|IRN|IRQ|ISR|JPN|JOR|KAZ|LAO|LBN|MYS|MNG|NPL|OMN|PAK|PHL|QAT|SAU|KOR|LKA|SYR|TWN|TJK|THA|TUR|TKM|ARE|UZB|VNM|YEM|ALB|AUT|BLR|BEL|BIH|BGR|HRV|CYP|CZE|DNK|EST|FIN|FRA|DEU|GRC|HUN|ISL|IRL|ITA|LVA|LTU|MKD|MDA|MNE|NLD|NOR|POL|PRT|ROU|RUS|SRB|SVK|SVN|ESP|SWE|CHE|UKR|GBR|BHS|CAN|CRI|CUB|DOM|SLV|GTM|HTI|HND|JAM|MEX|NIC|PAN|USA|AUS|NZL|PNG|ARG|BOL|BRA|CHL|COL|ECU|PRY|PER|SUR|URY|VEN,Eastern Africa,4,1
SEN,Senegal,35,143,DZA|AGO|BEN|BWA|BFA|BDI|CMR|CAF|TCD|COG|COD|DJI|EGY|GNQ|ERI|ETH|GAB|GHA|KEN|LSO|LBY|MDG|MWI|MAR|MOZ|NAM|NER|NGA|RWA|SOM|ZAF|SDN|SWZ|TZA|TGO|TUN|UGA|ZMB|ZWE|AFG|ARM|AZE|BGD|MMR|KHM|CHN|GEO|IND|IDN|IRN|IRQ|ISR|JPN|JOR|KAZ|LAO|LBN|MYS|MNG|NPL|OMN|PAK|PHL|QAT|SAU|KOR|LKA|SYR|TWN|TJK|THA|TUR|TKM|ARE|UZB|VNM|YEM|ALB|AUT|BLR|BEL|BIH|BGR|HRV|CYP|CZE|DNK|EST|FIN|FRA|DEU|GRC|HUN|ISL|IRL|ITA|LVA|LTU|MKD|MDA|MNE|NLD|NOR|POL|PRT|ROU|RUS|SRB|SVK|SVN|ESP|SWE|CHE|UKR|GBR|BHS|CAN|CRI|CUB|DOM|SLV|GTM|HTI|HND|JAM|MEX|NIC|PAN|USA|AUS|NZL|PNG|ARG|BOL|BRA|CHL|COL|ECU|PRY|PER|SUR|URY|VEN,Western Africa,17,7
SLE,Sierra Leone,36,144,DZA|AGO|BEN|BWA|BFA|BDI|CMR|CAF|TCD|COG|COD|DJI|EGY|GNQ|ERI|ETH|GAB|GHA|KEN|LSO|LBY|MDG|MWI|MRT|MAR|MOZ|NAM|NER|NGA|RWA|SOM|ZAF|SDN|SWZ|TZA|TGO|TUN|UGA|ZMB|ZWE|AFG|ARM|AZE|BGD|MMR|KHM|CHN|GEO|IND|IDN|IRN|IRQ|ISR|JPN|JOR|KAZ|LAO|LBN|MYS|MNG|NPL|OMN|PAK|PHL|QAT|SAU|KOR|LKA|SYR|TWN|TJK|THA|TUR|TKM|ARE|UZB|VNM|YEM|ALB|AUT|BLR|BEL|BIH|BGR|HRV|CYP|CZE|DNK|EST|FIN|FRA|DEU|GRC|HUN|ISL|IRL|ITA|LVA|LTU|MKD|MDA|MNE|NLD|NOR|POL|PRT|ROU|RUS|SRB|SVK|SVN|ESP|SWE|CHE|UKR|GBR|BHS|CAN|CRI|CUB|DOM|SLV|GTM|HTI|HND|JAM|MEX|NIC|PAN|USA|AUS|NZL|PNG|ARG|BOL|BRA|CHL|COL|ECU|PRY|PER|SUR|URY|VEN,Western Africa,17,2
SOM,Somalia,37,143,DZA|AGO|BEN|BWA|BFA|BDI|CMR|CAF|TCD|COG|COD|CIV|EGY|GNQ|GAB|GHA|GIN|GNB|LSO|LBR|LBY|MDG|MWI|MLI|MRT|MAR|MOZ|NAM|NER|NGA|RWA|SEN|SLE|ZAF|SDN|SWZ|TGO|TUN|UGA|ZMB|ZWE|AFG|ARM|AZE|BGD|MMR|KHM|CHN|GEO|IND|IDN|IRN|IRQ|ISR|JPN|JOR|KAZ|LAO|LBN|MYS|MNG|NPL|OMN|PAK|PHL|QAT|KOR|LKA|SYR|TWN|TJK|THA|TUR|TKM|ARE|UZB|VNM|ALB|AUT|BLR|BEL|BIH|BGR|HRV|CYP|CZE|DNK|EST|FIN|FRA|DEU|GRC|HUN|ISL|IRL|ITA|LVA|LTU|MKD|MDA|MNE|NLD|NOR|POL|PRT|ROU|RUS|SRB|SVK|SVN|ESP|SWE|CHE|UKR|GBR|BHS|CAN|CRI|CUB|DOM|SLV|GTM|HTI|HND|JAM|MEX|NIC|PAN|USA|AUS|NZL|PNG|ARG|BOL|BRA|CHL|COL|ECU|PRY|PER|SUR|URY|VEN,Eastern Africa,4,2
ZAF,South Africa,38,144,DZA|AGO|BEN|BFA|BDI|CMR|CAF|TCD|COG|COD|CIV|DJI|EGY|GNQ|ERI|ETH|GAB|GHA|GIN|GNB|KEN|LBR|LBY|MDG|MWI|MLI|MRT|MAR|NER|NGA|RWA|SEN|SLE|SOM|SDN|TZA|TGO|TUN|UGA|ZMB|AFG|ARM|AZE|BGD|MMR|KHM|CHN|GEO|IND|IDN|IRN|IRQ|ISR|JPN|JOR|KAZ|LAO|LBN|MYS|MNG|NPL|OMN|PAK|PHL|QAT|SAU|KOR|LKA|SYR|TWN|TJK|THA|TUR|TKM|ARE|UZB|VNM|YEM|ALB|AUT|BLR|BEL|BIH|BGR|HRV|CYP|CZE|DNK|EST|FIN|FRA|DEU|GRC|HUN|ISL|IRL|ITA|LVA|LTU|MKD|MDA|MNE|NLD|NOR|POL|PRT|ROU|RUS|SRB|SVK|SVN|ESP|SWE|CHE|UKR|GBR|BHS|CAN|CRI|CUB|DOM|SLV|GTM|HTI|HND|JAM|MEX|NIC|PAN|USA|AUS|NZL|PNG|ARG|BOL|BRA|CHL|COL|ECU|PRY|PER|SUR|URY|VEN,Southern Africa,14,1
SDN,Sudan,39,140,DZA|AGO|BEN|BWA|BFA|BDI|CMR|COG|CIV|DJI|GNQ|GAB|GHA|GIN|GNB|LSO|LBR|MDG|MWI|MLI|MRT|MAR|MOZ|NAM|NER|NGA|RWA|SEN|SLE|SOM|ZAF|SWZ|TZA|TGO|TUN|UGA|ZMB|ZWE|AFG|ARM|AZE|BGD|MMR|KHM|CHN|GEO|IND|IDN|IRN|IRQ|ISR|JPN|JOR|KAZ|LAO|LBN|MYS|MNG|NPL|OMN|PAK|PHL|QAT|KOR|LKA|SYR|TWN|TJK|THA|TUR|TKM|ARE|UZB|VNM|ALB|AUT|BLR|BEL|BIH|BGR|HRV|CYP|CZE|DNK|EST|FIN|FRA|DEU|GRC|HUN|ISL|IRL|ITA|LVA|LTU|MKD|MDA|MNE|NLD|NOR|POL|PRT|ROU|RUS|SRB|SVK|SVN|ESP|SWE|CHE|UKR|GBR|BHS|CAN|CRI|CUB|DOM|SLV|GTM|HTI|HND|JAM|MEX|NIC|PAN|USA|AUS|NZL|PNG|ARG|BOL|BRA|CHL|COL|ECU|PRY|PER|SUR|URY|VEN,Northern Africa,9,7
SWZ,Swaziland,40,145,DZA|AGO|BEN|BFA|BDI|CMR|CAF|TCD|COG|COD|CIV|DJI|EGY|GNQ|ERI|ETH|GAB|GHA|GIN|GNB|KEN|LBR|LBY|MDG|MWI|MLI|MRT|MAR|NAM|NER|NGA|RWA|SEN|SLE|SOM|SDN|TZA|TGO|TUN|UGA|ZMB|AFG|ARM|AZE|BGD|MMR|KHM|CHN|GEO|IND|IDN|IRN|IRQ|ISR|JPN|JOR|KAZ|LAO|LBN|MYS|MNG|NPL|OMN|PAK|PHL|QAT|SAU|KOR|LKA|SYR|TWN|TJK|THA|TUR|TKM|ARE|UZB|VNM|YEM|ALB|AUT|BLR|BEL|BIH|BGR|HRV|CYP|CZE|DNK|EST|FIN|FRA|DEU|GRC|HUN|ISL|IRL|ITA|LVA|LTU|MKD|MDA|MNE|NLD|NOR|POL|PRT|ROU|RUS|SRB|SVK|SVN|ESP|SWE|CHE|UKR|GBR|BHS|CAN|CRI|CUB|DOM|SLV|GTM|HTI|HND|JAM|MEX|NIC|PAN|USA|AUS|NZL|PNG|ARG|BOL|BRA|CHL|COL|ECU|PRY|PER|SUR|URY|VEN,Southern Africa,14,0
TZA,Tanzania,41,141,DZA|AGO|BEN|BWA|BFA|CMR|CAF|TCD|COG|CIV|DJI|EGY|GNQ|ERI|ETH|GAB|GHA|GIN|GNB|LSO|LBR|LBY|MDG|MLI|MRT|MAR|NAM|NER|NGA|SEN|SLE|ZAF|SDN|SWZ|TGO|TUN|ZWE|AFG|ARM|AZE|BGD|MMR|KHM|CHN|GEO|IND|IDN|IRN|IRQ|ISR|JPN|JOR|KAZ|LAO|LBN|MYS|MNG|NPL|OMN|PAK|PHL|QAT|SAU|KOR|LKA|SYR|TWN|TJK|THA|TUR|TKM|ARE|UZB|VNM|YEM|ALB|AUT|BLR|BEL|BIH|BGR|HRV|CYP|CZE|DNK|EST|FIN|FRA|DEU|GRC|HUN|ISL|IRL|ITA|LVA|LTU|MKD|MDA|MNE|NLD|NOR|POL|PRT|ROU|RUS|SRB|SVK|SVN|ESP|SWE|CHE|UKR|GBR|BHS|CAN|CRI|CUB|DOM|SLV|GTM|HTI|HND|JAM|MEX|NIC|PAN|USA|AUS|NZL|PNG|ARG|BOL|BRA|CHL|COL|ECU|PRY|PER|SUR|URY|VEN,Eastern Africa,4,4
TGO,Togo,42,143,DZA|AGO|BWA|BDI|CMR|CAF|TCD|COG|COD|DJI|EGY|GNQ|ERI|ETH|GAB|GIN|GNB|KEN|LSO|LBR|LBY|MDG|MWI|MRT|MAR|MOZ|NAM|RWA|SEN|SLE|SOM|ZAF|SDN|SWZ|TZA|TUN|UGA|ZMB|ZWE|AFG|ARM|AZE|BGD|MMR|KHM|CHN|GEO|IND|IDN|IRN|IRQ|ISR|JPN|JOR|KAZ|LAO|LBN|MYS|MNG|NPL|OMN|PAK|PHL|QAT|SAU|KOR|LKA|SYR|TWN|TJK|THA|TUR|TKM|ARE|UZB|VNM|YEM|ALB|AUT|BLR|BEL|BIH|BGR|HRV|CYP|CZE|DNK|EST|FIN|FRA|DEU|GRC|HUN|ISL|IRL|ITA|LVA|LTU|MKD|MDA|MNE|NLD|NOR|POL|PRT|ROU|RUS|SRB|SVK|SVN|ESP|SWE|CHE|UKR|GBR|BHS|CAN|CRI|CUB|DOM|SLV|GTM|HTI|HND|JAM|MEX|NIC|PAN|USA|AUS|NZL|PNG|ARG|BOL|BRA|CHL|COL|ECU|PRY|PER|SUR|URY|VEN,Western Africa,17,2
TUN,Tunisia,43,145,AGO|BEN|BWA|BFA|BDI|CMR|CAF|TCD|COG|COD|CIV|DJI|EGY|GNQ|ERI|ETH|GAB|GHA|GIN|GNB|KEN|LSO|LBR|MDG|MWI|MLI|MRT|MAR|MOZ|NAM|NER|NGA|RWA|SEN|SLE|SOM|ZAF|SDN|SWZ|TZA|TGO|UGA|ZMB|ZWE|AFG|ARM|AZE|BGD|MMR|KHM|CHN|GEO|IND|IDN|IRN|IRQ|ISR|JPN|JOR|KAZ|LAO|LBN|MYS|MNG|NPL|OMN|PAK|PHL|QAT|SAU|KOR|LKA|SYR|TWN|TJK|THA|TUR|TKM|ARE|UZB|VNM|YEM|ALB|AUT|BLR|BEL|BIH|BGR|HRV|CYP|CZE|DNK|EST|FIN|DEU|GRC|HUN|ISL|IRL|LVA|LTU|MKD|MDA|MNE|NLD|NOR|POL|PRT|ROU|RUS|SRB|SVK|SVN|SWE|CHE|UKR|GBR|BHS|CAN|CRI|CUB|DOM|SLV|GTM|HTI|HND|JAM|MEX|NIC|PAN|USA|AUS|NZL|PNG|ARG|BOL|BRA|CHL|COL|ECU|PRY|PER|SUR|URY|VEN,Northern Africa,9,3
UGA,Uganda,44,143,DZA|AGO|BEN|BWA|BFA|CMR|TCD|COG|CIV|DJI|EGY|GNQ|ERI|GAB|GHA|GIN|GNB|LSO|LBR|LBY|MDG|MWI|MLI|MRT|MAR|MOZ|NAM|NER|NGA|SEN|SLE|SOM|ZAF|SDN|SWZ|TGO|TUN|ZMB|ZWE|AFG|ARM|AZE|BGD|MMR|KHM|CHN|GEO|IND|IDN|IRN|IRQ|ISR|JPN|JOR|KAZ|LAO|LBN|MYS|MNG|NPL|OMN|PAK|PHL|QAT|SAU|KOR|LKA|SYR|TWN|TJK|THA|TUR|TKM|ARE|UZB|VNM|YEM|ALB|AUT|BLR|BEL|BIH|BGR|HRV|CYP|CZE|DNK|EST|FIN|FRA|DEU|GRC|HUN|ISL|IRL|ITA|LVA|LTU|MKD|MDA|MNE|NLD|NOR|POL|PRT|ROU|RUS|SRB|SVK|SVN|ESP|SWE|CHE|UKR|GBR|BHS|CAN|CRI|CUB|DOM|SLV|GTM|HTI|HND|JAM|MEX|NIC|PAN|USA|AUS|NZL|PNG|ARG|BOL|BRA|CHL|COL|ECU|PRY|PER|SUR|URY|VEN,Eastern Africa,4,9
ZMB,Zambia,45,141,DZA|BEN|BFA|CMR|CAF|TCD|COG|CIV|DJI|EGY|GNQ|ERI|ETH|GAB|GHA|GIN|GNB|KEN|LSO|LBR|LBY|MDG|MLI|MRT|MAR|NER|NGA|RWA|SEN|SLE|SOM|ZAF|SDN|SWZ|TGO|TUN|UGA|AFG|ARM|AZE|BGD|MMR|KHM|CHN|GEO|IND|IDN|IRN|IRQ|ISR|JPN|JOR|KAZ|LAO|LBN|MYS|MNG|NPL|OMN|PAK|PHL|QAT|SAU|KOR|LKA|SYR|TWN|TJK|THA|TUR|TKM|ARE|UZB|VNM|YEM|ALB|AUT|BLR|BEL|BIH|BGR|HRV|CYP|CZE|DNK|EST|FIN|FRA|DEU|GRC|HUN|ISL|IRL|ITA|LVA|LTU|MKD|MDA|MNE|NLD|NOR|POL|PRT|ROU|RUS|SRB|SVK|SVN|ESP|SWE|CHE|UKR|GBR|BHS|CAN|CRI|CUB|DOM|SLV|GTM|HTI|HND|JAM|MEX|NIC|PAN|USA|AUS|NZL|PNG|ARG|BOL|BRA|CHL|COL|ECU|PRY|PER|SUR|URY|VEN,Eastern Africa,4,3
ZWE,Zimbabwe,46,141,DZA|BEN|BFA|BDI|CMR|CAF|TCD|COG|CIV|DJI|EGY|GNQ|ERI|ETH|GAB|GHA|GIN|GNB|KEN|LSO|LBR|LBY|MDG|MLI|MRT|MAR|NER|NGA|RWA|SEN|SLE|SOM|SDN|TZA|TGO|TUN|UGA|AFG|ARM|AZE|BGD|MMR|KHM|CHN|GEO|IND|IDN|IRN|IRQ|ISR|JPN|JOR|KAZ|LAO|LBN|MYS|MNG|NPL|OMN|PAK|PHL|QAT|SAU|KOR|LKA|SYR|TWN|TJK|THA|TUR|TKM|ARE|UZB|VNM|YEM|ALB|AUT|BLR|BEL|BIH|BGR|HRV|CYP|CZE|DNK|EST|FIN|FRA|DEU|GRC|HUN|ISL|IRL|ITA|LVA|LTU|MKD|MDA|MNE|NLD|NOR|POL|PRT|ROU|RUS|SRB|SVK|SVN|ESP|SWE|CHE|UKR|GBR|BHS|CAN|CRI|CUB|DOM|SLV|GTM|HTI|HND|JAM|MEX|NIC|PAN|USA|AUS|NZL|PNG|ARG|BOL|BRA|CHL|COL|ECU|PRY|PER|SUR|URY|VEN,Eastern Africa,4,1
AFG,Afghanistan,47,142,DZA|AGO|BEN|BWA|BFA|BDI|CMR|CAF|TCD|COG|COD|CIV|DJI|EGY|GNQ|ERI|ETH|GAB|GHA|GIN|GNB|KEN|LSO|LBR|LBY|MDG|MWI|MLI|MRT|MAR|MOZ|NAM|NER|NGA|RWA|SEN|SLE|SOM|ZAF|SDN|SWZ|TZA|TGO|TUN|UGA|ZMB|ZWE|ARM|AZE|BGD|MMR|KHM|GEO|IDN|IRQ|ISR|JPN|JOR|LAO|LBN|MYS|MNG|NPL|OMN|PHL|QAT|SAU|KOR|LKA|SYR|TWN|THA|TUR|ARE|VNM|YEM|ALB|AUT|BLR|BEL|BIH|BGR|HRV|CYP|CZE|DNK|EST|FIN|FRA|DEU|GRC|HUN|ISL|IRL|ITA|LVA|LTU|MKD|MDA|MNE|NLD|NOR|POL|PRT|ROU|RUS|SRB|SVK|SVN|ESP|SWE|CHE|UKR|GBR|BHS|CAN|CRI|CUB|DOM|SLV|GTM|HTI|HND|JAM|MEX|NIC|PAN|USA|AUS|NZL|PNG|ARG|BOL|BRA|CHL|COL|ECU|PRY|PER|SUR|URY|VEN,Southern Asia,15,8
ARM,Armenia,48,143,DZA|AGO|BEN|BWA|BFA|BDI|CMR|CAF|TCD|COG|COD|CIV|DJI|EGY|GNQ|ERI|ETH|GAB|GHA|GIN|GNB|KEN|LSO|LBR|LBY|MDG|MWI|MLI|MRT|MAR|MOZ|NAM|NER|NGA|RWA|SEN|SLE|SOM|ZAF|SDN|SWZ|TZA|TGO|TUN|UGA|ZMB|ZWE|AFG|BGD|MMR|KHM|CHN|IND|IDN|ISR|JPN|JOR|KAZ|LAO|LBN|MYS|MNG|NPL|OMN|PAK|PHL|QAT|SAU|KOR|LKA|TWN|TJK|THA|TKM|ARE|UZB|VNM|YEM|ALB|AUT|BLR|BEL|BIH|BGR|HRV|CYP|CZE|DNK|EST|FIN|FRA|DEU|GRC|HUN|ISL|IRL|ITA|LVA|LTU|MKD|MDA|MNE|NLD|NOR|POL|PRT|ROU|SRB|SVK|SVN|ESP|SWE|CHE|UKR|GBR|BHS|CAN|CRI|CUB|DOM|SLV|GTM|HTI|HND|JAM|MEX|NIC|PAN|USA|AUS|NZL|PNG|ARG|BOL|BRA|CHL|COL|ECU|PRY|PER|SUR|URY|VEN,Western Asia,18,6
AZE,Azerbaijan,49,140,DZA|AGO|BEN|BWA|BFA|BDI|CMR|CAF|TCD|COG|COD|CIV|DJI|EGY|GNQ|ERI|ETH|GAB|GHA|GIN|GNB|KEN|LSO|LBR|LBY|MDG|MWI|MLI|MRT|MAR|MOZ|NAM|NER|NGA|RWA|SEN|SLE|SOM|ZAF|SDN|SWZ|TZA|TGO|TUN|UGA|ZMB|ZWE|AFG|BGD|MMR|KHM|CHN|IND|IDN|ISR|JPN|JOR|LAO|LBN|MYS|MNG|NPL|OMN|PAK|PHL|QAT|SAU|KOR|LKA|TWN|TJK|THA|ARE|VNM|YEM|ALB|AUT|BLR|BEL|BIH|BGR|HRV|CYP|CZE|DNK|EST|FIN|FRA|DEU|GRC|HUN|ISL|IRL|ITA|LVA|LTU|MKD|MDA|MNE|NLD|NOR|POL|PRT|ROU|SRB|SVK|SVN|ESP|SWE|CHE|UKR|GBR|BHS|CAN|CRI|CUB|DOM|SLV|GTM|HTI|HND|JAM|MEX|NIC|PAN|USA|AUS|NZL|PNG|ARG|BOL|BRA|CHL|COL|ECU|PRY|PER|SUR|URY|VEN,Western Asia,18,1
BGD,Bangladesh,50,146,DZA|AGO|BEN|BWA|BFA|BDI|CMR|CAF|TCD|COG|COD|CIV|DJI|EGY|GNQ|ERI|ETH|GAB|GHA|GIN|GNB|KEN|LSO|LBR|LBY|MDG|MWI|MLI|MRT|MAR|MOZ|NAM|NER|NGA|RWA|SEN|SLE|SOM|ZAF|SDN|SWZ|TZA|TGO|TUN|UGA|ZMB|ZWE|AFG|ARM|AZE|KHM|GEO|IDN|IRN|IRQ|ISR|JPN|JOR|KAZ|LAO|LBN|MYS|MNG|OMN|PAK|PHL|QAT|SAU|KOR|LKA|SYR|TWN|TJK|THA|TUR|TKM|ARE|UZB|VNM|YEM|ALB|AUT|BLR|BEL|BIH|BGR|HRV|CYP|CZE|DNK|EST|FIN|FRA|DEU|GRC|HUN|ISL|IRL|ITA|LVA|LTU|MKD|MDA|MNE|NLD|NOR|POL|PRT|ROU|RUS|SRB|SVK|SVN|ESP|SWE|CHE|UKR|GBR|BHS|CAN|CRI|CUB|DOM|SLV|GTM|HTI|HND|JAM|MEX|NIC|PAN|USA|AUS|NZL|PNG|ARG|BOL|BRA|CHL|COL|ECU|PRY|PER|SUR|URY|VEN,Southern Asia,15,0
MMR,Burma,51,141,DZA|AGO|BEN|BWA|BFA|BDI|CMR|CAF|TCD|COG|COD|CIV|DJI|EGY|GNQ|ERI|ETH|GAB|GHA|GIN|GNB|KEN|LSO|LBR|LBY|MDG|MWI|MLI|MRT|MAR|MOZ|NAM|NER|NGA|RWA|SEN|SLE|SOM|ZAF|SDN|SWZ|TZA|TGO|TUN|UGA|ZMB|ZWE|AFG|ARM|AZE|GEO|IRN|IRQ|ISR|JPN|JOR|KAZ|LBN|MNG|NPL|OMN|PAK|PHL|QAT|SAU|KOR|LKA|SYR|TWN|TJK|TUR|TKM|ARE|UZB|YEM|ALB|AUT|BLR|BEL|BIH|BGR|HRV|CYP|CZE|DNK|EST|FIN|FRA|DEU|GRC|HUN|ISL|IRL|ITA|LVA|LTU|MKD|MDA|MNE|NLD|NOR|POL|PRT|ROU|RUS|SRB|SVK|SVN|ESP|SWE|CHE|UKR|GBR|BHS|CAN|CRI|CUB|DOM|SLV|GTM|HTI|HND|JAM|MEX|NIC|PAN|USA|AUS|NZL|PNG|ARG|BOL|BRA|CHL|COL|ECU|PRY|PER|SUR|URY|VEN,South-eastern Asia,13,9
KHM,Cambodia,52,144,DZA|AGO|BEN|BWA|BFA|BDI|CMR|CAF|TCD|COG|COD|CIV|DJI|EGY|GNQ|ERI|ETH|GAB|GHA|GIN|GNB|KEN|LSO|LBR|LBY|MDG|MWI|MLI|MRT|MAR|MOZ|NAM|NER|NGA|RWA|SEN|SLE|SOM|ZAF|SDN|SWZ|TZA|TGO|TUN|UGA|ZMB|ZWE|AFG|ARM|AZE|BGD|GEO|IND|IDN|IRN|IRQ|ISR|JPN|JOR|KAZ|LBN|MNG|NPL|OMN|PAK|PHL|QAT|SAU|KOR|LKA|SYR|TWN|TJK|TUR|TKM|ARE|UZB|YEM|ALB|AUT|BLR|BEL|BIH|BGR|HRV|CYP|CZE|DNK|EST|FIN|FRA|DEU|GRC|HUN|ISL|IRL|ITA|LVA|LTU|MKD|MDA|MNE|NLD|NOR|POL|PRT|ROU|RUS|SRB|SVK|SVN|ESP|SWE|CHE|UKR|GBR|BHS|CAN|CRI|CUB|DOM|SLV|GTM|HTI|HND|JAM|MEX|NIC|PAN|USA|AUS|NZL|PNG|ARG|BOL|BRA|CHL|COL|ECU|PRY|PER|SUR|URY|VEN,South-eastern Asia,13,4
CHN,China,53,131,DZA|AGO|BEN|BWA|BFA|BDI|CMR|CAF|TCD|COG|COD|CIV|DJI|EGY|GNQ|ERI|ETH|GAB|GHA|GIN|GNB|KEN|LSO|LBR|LBY|MDG|MWI|MLI|MRT|MAR|MOZ|NAM|NER|NGA|RWA|SEN|SLE|SOM|ZAF|SDN|SWZ|TZA|TGO|TUN|UGA|ZMB|ZWE|ARM|AZE|GEO|IDN|IRN|IRQ|ISR|JOR|LBN|MYS|OMN|QAT|SAU|LKA|SYR|TUR|TKM|ARE|YEM|ALB|AUT|BLR|BEL|BIH|BGR|HRV|CYP|CZE|DNK|EST|FIN|FRA|DEU|GRC|HUN|ISL|IRL|ITA|LVA|LTU|MKD|MDA|MNE|NLD|NOR|POL|PRT|ROU|SRB|SVK|SVN|ESP|SWE|CHE|UKR|GBR|BHS|CAN|CRI|CUB|DOM|SLV|GTM|HTI|HND|JAM|MEX|NIC|PAN|USA|AUS|NZL|PNG|ARG|BOL|BRA|CHL|COL|ECU|PRY|PER|SUR|URY|VEN,Eastern Asia,5,0
GEO,Georgia,54,140,DZA|AGO|BEN|BWA|BFA|BDI|CMR|CAF|TCD|COG|COD|CIV|DJI|EGY|GNQ|ERI|ETH|GAB|GHA|GIN|GNB|KEN|LSO|LBR|LBY|MDG|MWI|MLI|MRT|MAR|MOZ|NAM|NER|NGA|RWA|SEN|SLE|SOM|ZAF|SDN|SWZ|TZA|TGO|TUN|UGA|ZMB|ZWE|AFG|BGD|MMR|KHM|CHN|IND|IDN|ISR|JPN|JOR|LAO|LBN|MYS|MNG|NPL|OMN|PAK|PHL|QAT|SAU|KOR|LKA|TWN|TJK|THA|ARE|UZB|VNM|YEM|ALB|AUT|BLR|BEL|BIH|BGR|HRV|CYP|CZE|DNK|EST|FIN|FRA|DEU|GRC|HUN|ISL|IRL|ITA|LVA|LTU|MKD|MDA|MNE|NLD|NOR|POL|PRT|ROU|SRB|SVK|SVN|ESP|SWE|CHE|GBR|BHS|CAN|CRI|CUB|DOM|SLV|GTM|HTI|HND|JAM|MEX|NIC|PAN|USA|AUS|NZL|PNG|ARG|BOL|BRA|CHL|COL|ECU|PRY|PER|SUR|URY|VEN,Western Asia,18,7
IND,India,55,140,DZA|AGO|BEN|BWA|BFA|BDI|CMR|CAF|TCD|COG|COD|CIV|DJI|EGY|GNQ|ERI|ETH|GAB|GHA|GIN|GNB|KEN|LSO|LBR|LBY|MDG|MWI|MLI|MRT|MAR|MOZ|NAM|NER|NGA|RWA|SEN|SLE|SOM|ZAF|SDN|SWZ|TZA|TGO|TUN|UGA|ZMB|ZWE|ARM|AZE|KHM|GEO|IRN|IRQ|ISR|JPN|JOR|KAZ|LAO|LBN|MYS|MNG|OMN|PHL|QAT|SAU|KOR|SYR|TWN|TUR|TKM|ARE|UZB|VNM|YEM|ALB|AUT|BLR|BEL|BIH|BGR|HRV|CYP|CZE|DNK|EST|FIN|FRA|DEU|GRC|HUN|ISL|IRL|ITA|LVA|LTU|MKD|MDA|MNE|NLD|NOR|POL|PRT|ROU|RUS|SRB|SVK|SVN|ESP|SWE|CHE|UKR|GBR|BHS|CAN|CRI|CUB|DOM|SLV|GTM|HTI|HND|JAM|MEX|NIC|PAN|USA|AUS|NZL|PNG|ARG|BOL|BRA|CHL|COL|ECU|PRY|PER|SUR|URY|VEN,Southern Asia,15,0
IDN,Indonesia,56,142,DZA|AGO|BEN|BWA|BFA|BDI|CMR|CAF|TCD|COG|COD|CIV|DJI|EGY|GNQ|ERI|ETH|GAB|GHA|GIN|GNB|KEN|LSO|LBR|LBY|MDG|MWI|MLI|MRT|MAR|MOZ|NAM|NER|NGA|RWA|SEN|SLE|SOM|ZAF|SDN|SWZ|TZA|TGO|TUN|UGA|ZMB|ZWE|AFG|ARM|AZE|BGD|KHM|CHN|GEO|IRN|IRQ|ISR|JPN|JOR|KAZ|LAO|LBN|MNG|NPL|OMN|PAK|QAT|SAU|KOR|LKA|SYR|TWN|TJK|TUR|TKM|ARE|UZB|YEM|ALB|AUT|BLR|BEL|BIH|BGR|HRV|CYP|CZE|DNK|EST|FIN|FRA|DEU|GRC|HUN|ISL|IRL|ITA|LVA|LTU|MKD|MDA|MNE|NLD|NOR|POL|PRT|ROU|RUS|SRB|SVK|SVN|ESP|SWE|CHE|UKR|GBR|BHS|CAN|CRI|CUB|DOM|SLV|GTM|HTI|HND|JAM|MEX|NIC|PAN|USA|NZL|ARG|BOL|BRA|CHL|COL|ECU|PRY|PER|SUR|URY|VEN,South-eastern Asia,13,5
IRN,Iran,57,134,DZA|AGO|BEN|BWA|BFA|BDI|CMR|CAF|TCD|COG|COD|CIV|DJI|EGY|GNQ|ERI|ETH|GAB|GHA|GIN|GNB|KEN|LSO|LBR|LBY|MDG|MWI|MLI|MRT|MAR|MOZ|NAM|NER|NGA|RWA|SEN|SLE|SOM|ZAF|SDN|SWZ|TZA|TGO|TUN|UGA|ZMB|ZWE|BGD|MMR|KHM|CHN|IND|IDN|ISR|JPN|JOR|LAO|LBN|MYS|MNG|NPL|PHL|KOR|LKA|TWN|TJK|THA|VNM|YEM|ALB|AUT|BLR|BEL|BIH|BGR|HRV|CYP|CZE|DNK|EST|FIN|FRA|DEU|GRC|HUN|ISL|IRL|ITA|LVA|LTU|MKD|MDA|MNE|NLD|NOR|POL|PRT|ROU|SRB|SVK|SVN|ESP|SWE|CHE|UKR|GBR|BHS|CAN|CRI|CUB|DOM|SLV|GTM|HTI|HND|JAM|MEX|NIC|PAN|USA|AUS|NZL|PNG|ARG|BOL|BRA|CHL|COL|ECU|PRY|PER|SUR|URY|VEN,Southern Asia,15,5
IRQ,Iraq,58,136,DZA|AGO|BEN|BWA|BFA|BDI|CMR|CAF|TCD|COG|COD|CIV|DJI|GNQ|ERI|ETH|GAB|GHA|GIN|GNB|KEN|LSO|LBR|LBY|MDG|MWI|MLI|MRT|MAR|MOZ|NAM|NER|NGA|RWA|SEN|SLE|SOM|ZAF|SDN|SWZ|TZA|TGO|TUN|UGA|ZMB|ZWE|AFG|BGD|MMR|KHM|CHN|IND|IDN|JPN|KAZ|LAO|MYS|MNG|NPL|OMN|PAK|PHL|KOR|LKA|TWN|TJK|THA|TKM|ARE|UZB|VNM|YEM|ALB|AUT|BLR|BEL|BIH|BGR|HRV|CZE|DNK|EST|FIN|FRA|DEU|GRC|HUN|ISL|IRL|ITA|LVA|LTU|MKD|MDA|MNE|NLD|NOR|POL|PRT|ROU|SRB|SVK|SVN|ESP|SWE|CHE|UKR|GBR|BHS|CAN|CRI|CUB|DOM|SLV|GTM|HTI|HND|JAM|MEX|NIC|PAN|USA|AUS|NZL|PNG|ARG|BOL|BRA|CHL|COL|ECU|PRY|PER|SUR|URY|VEN,Western Asia,18,3
ISR,Israel,59,142,DZA|AGO|BEN|BWA|BFA|BDI|CMR|CAF|TCD|COG|COD|CIV|DJI|GNQ|ERI|ETH|GAB|GHA|GIN|GNB|KEN|LSO|LBR|LBY|MDG|MWI|MLI|MRT|MAR|MOZ|NAM|NER|NGA|RWA|SEN|SLE|SOM|ZAF|SDN|SWZ|TZA|TGO|TUN|UGA|ZMB|ZWE|AFG|ARM|AZE|BGD|MMR|KHM|CHN|GEO|IND|IDN|IRN|JPN|KAZ|LAO|MYS|MNG|NPL|OMN|PAK|PHL|QAT|KOR|LKA|TWN|TJK|THA|TKM|ARE|UZB|VNM|YEM|ALB|AUT|BLR|BEL|BIH|BGR|HRV|CZE|DNK|EST|FIN|FRA|DEU|GRC|HUN|ISL|IRL|ITA|LVA|LTU|MKD|MDA|MNE|NLD|NOR|POL|PRT|ROU|RUS|SRB|SVK|SVN|ESP|SWE|CHE|UKR|GBR|BHS|CAN|CRI|CUB|DOM|SLV|GTM|HTI|HND|JAM|MEX|NIC|PAN|USA|AUS|NZL|PNG|ARG|BOL|BRA|CHL|COL|ECU|PRY|PER|SUR|URY|VEN,Western Asia,18,3
JPN,Japan,60,145,DZA|AGO|BEN|BWA|BFA|BDI|CMR|CAF|TCD|COG|COD|CIV|DJI|EGY|GNQ|ERI|ETH|GAB|GHA|GIN|GNB|KEN|LSO|LBR|LBY|MDG|MWI|MLI|MRT|MAR|MOZ|NAM|NER|NGA|RWA|SEN|SLE|SOM|ZAF|SDN|SWZ|TZA|TGO|TUN|UGA|ZMB|ZWE|AFG|ARM|AZE|BGD|MMR|KHM|GEO|IND|IDN|IRN|IRQ|ISR|JOR|KAZ|LAO|LBN|MYS|MNG|NPL|OMN|PAK|QAT|SAU|LKA|SYR|TJK|THA|TUR|TKM|ARE|UZB|VNM|YEM|ALB|AUT|BLR|BEL|BIH|BGR|HRV|CYP|CZE|DNK|EST|FIN|FRA|DEU|GRC|HUN|ISL|IRL|ITA|LVA|LTU|MKD|MDA|MNE|NLD|NOR|POL|PRT|ROU|SRB|SVK|SVN|ESP|SWE|CHE|UKR|GBR|BHS|CAN|CRI|CUB|DOM|SLV|GTM|HTI|HND|JAM|MEX|NIC|PAN|USA|AUS|NZL|PNG|ARG|BOL|BRA|CHL|COL|ECU|PRY|PER|SUR|URY|VEN,Eastern Asia,5,8
JOR,Jordan,61,142,DZA|AGO|BEN|BWA|BFA|BDI|CMR|CAF|TCD|COG|COD|CIV|DJI|GNQ|ERI|ETH|GAB|GHA|GIN|GNB|KEN|LSO|LBR|LBY|MDG|MWI|MLI|MRT|MAR|MOZ|NAM|NER|NGA|RWA|SEN|SLE|SOM|ZAF|SDN|SWZ|TZA|TGO|TUN|UGA|ZMB|ZWE|AFG|ARM|AZE|BGD|MMR|KHM|CHN|GEO|IND|IDN|IRN|JPN|KAZ|LAO|MYS|MNG|NPL|OMN|PAK|PHL|QAT|KOR|LKA|TWN|TJK|THA|TKM|ARE|UZB|VNM|YEM|ALB|AUT|BLR|BEL|BIH|BGR|HRV|CZE|DNK|EST|FIN|FRA|DEU|GRC|HUN|ISL|IRL|ITA|LVA|LTU|MKD|MDA|MNE|NLD|NOR|POL|PRT|ROU|RUS|SRB|SVK|SVN|ESP|SWE|CHE|UKR|GBR|BHS|CAN|CRI|CUB|DOM|SLV|GTM|HTI|HND|JAM|MEX|NIC|PAN|USA|AUS|NZL|PNG|ARG|BOL|BRA|CHL|COL|ECU|PRY|PER|SUR|URY|VEN,Western Asia,18,8
KAZ,Kazakhstan,62,139,DZA|AGO|BEN|BWA|BFA|BDI|CMR|CAF|TCD|COG|COD|CIV|DJI|EGY|GNQ|ERI|ETH|GAB|GHA|GIN|GNB|KEN|LSO|LBR|LBY|MDG|MWI|MLI|MRT|MAR|MOZ|NAM|NER|NGA|RWA|SEN|SLE|SOM|ZAF|SDN|SWZ|TZA|TGO|TUN|UGA|ZMB|ZWE|ARM|BGD|MMR|KHM|IND|IDN|IRQ|ISR|JPN|JOR|LAO|LBN|MYS|NPL|OMN|PAK|PHL|QAT|SAU|KOR|LKA|SYR|TWN|THA|TUR|ARE|VNM|YEM|ALB|AUT|BLR|BEL|BIH|BGR|HRV|CYP|CZE|DNK|EST|FIN|FRA|DEU|GRC|HUN|ISL|IRL|ITA|LVA|LTU|MKD|MDA|MNE|NLD|NOR|POL|PRT|ROU|SRB|SVK|SVN|ESP|SWE|CHE|GBR|BHS|CAN|CRI|CUB|DOM|SLV|GTM|HTI|HND|JAM|MEX|NIC|PAN|USA|AUS|NZL|PNG|ARG|BOL|BRA|CHL|COL|ECU|PRY|PER|SUR|URY|VEN,Central Asia,3,4
LAO,Laos,63,145,DZA|AGO|BEN|BWA|BFA|BDI|CMR|CAF|TCD|COG|COD|CIV|DJI|EGY|GNQ|ERI|ETH|GAB|GHA|GIN|GNB|KEN|LSO|LBR|LBY|MDG|MWI|MLI|MRT|MAR|MOZ|NAM|NER|NGA|RWA|SEN|SLE|SOM|ZAF|SDN|SWZ|TZA|TGO|TUN|UGA|ZMB|ZWE|AFG|ARM|AZE|BGD|GEO|IND|IDN|IRN|IRQ|ISR|JPN|JOR|KAZ|LBN|MYS|MNG|NPL|OMN|PAK|PHL|QAT|SAU|KOR|LKA|SYR|TWN|TJK|TUR|TKM|ARE|UZB|YEM|ALB|AUT|BLR|BEL|BIH|BGR|HRV|CYP|CZE|DNK|EST|FIN|FRA|DEU|GRC|HUN|ISL|IRL|ITA|LVA|LTU|MKD|MDA|MNE|NLD|NOR|POL|PRT|ROU|RUS|SRB|SVK|SVN|ESP|SWE|CHE|UKR|GBR|BHS|CAN|CRI|CUB|DOM|SLV|GTM|HTI|HND|JAM|MEX|NIC|PAN|USA|AUS|NZL|PNG|ARG|BOL|BRA|CHL|COL|ECU|PRY|PER|SUR|URY|VEN,South-eastern Asia,13,9
LBN,Lebanon,64,142,DZA|AGO|BEN|BWA|BFA|BDI|CMR|CAF|TCD|COG|COD|CIV|DJI|GNQ|ERI|ETH|GAB|GHA|GIN|GNB|KEN|LSO|LBR|LBY|MDG|MWI|MLI|MRT|MAR|MOZ|NAM|NER|NGA|RWA|SEN|SLE|SOM|ZAF|SDN|SWZ|TZA|TGO|TUN|UGA|ZMB|ZWE|AFG|ARM|AZE|BGD|MMR|KHM|CHN|GEO|IND|IDN|IRN|JPN|KAZ|LAO|MYS|MNG|NPL|OMN|PAK|PHL|QAT|KOR|LKA|TWN|TJK|THA|TKM|ARE|UZB|VNM|YEM|ALB|AUT|BLR|BEL|BIH|BGR|HRV|CZE|DNK|EST|FIN|FRA|DEU|GRC|HUN|ISL|IRL|ITA|LVA|LTU|MKD|MDA|MNE|NLD|NOR|POL|PRT|ROU|RUS|SRB|SVK|SVN|ESP|SWE|CHE|UKR|GBR|BHS|CAN|CRI|CUB|DOM|SLV|GTM|HTI|HND|JAM|MEX|NIC|PAN|USA|AUS|NZL|PNG|ARG|BOL|BRA|CHL|COL|ECU|PRY|PER|SUR|URY|VEN,Western Asia,18,2
MYS,Malaysia,65,144,DZA|AGO|BEN|BWA|BFA|BDI|CMR|CAF|TCD|COG|COD|CIV|DJI|EGY|GNQ|ERI|ETH|GAB|GHA|GIN|GNB|KEN|LSO|LBR|LBY|MDG|MWI|MLI|MRT|MAR|MOZ|NAM|NER|NGA|RWA|SEN|SLE|SOM|ZAF|SDN|SWZ|TZA|TGO|TUN|UGA|ZMB|ZWE|AFG|ARM|AZE|BGD|CHN|GEO|IND|IRN|IRQ|ISR|JPN|JOR|KAZ|LAO|LBN|MNG|NPL|OMN|PAK|QAT|SAU|KOR|LKA|SYR|TWN|TJK|TUR|TKM|ARE|UZB|YEM|ALB|AUT|BLR|BEL|BIH|BGR|HRV|CYP|CZE|DNK|EST|FIN|FRA|DEU|GRC|HUN|ISL|IRL|ITA|LVA|LTU|MKD|MDA|MNE|NLD|NOR|POL|PRT|ROU|RUS|SRB|SVK|SVN|ESP|SWE|CHE|UKR|GBR|BHS|CAN|CRI|CUB|DOM|SLV|GTM|HTI|HND|JAM|MEX|NIC|PAN|USA|AUS|NZL|PNG|ARG|BOL|BRA|CHL|COL|ECU|PRY|PER|SUR|URY|VEN,South-eastern Asia,13,2
MNG,Mongolia,66,147,DZA|AGO|BEN|BWA|BFA|BDI|CMR|CAF|TCD|COG|COD|CIV|DJI|EGY|GNQ|ERI|ETH|GAB|GHA|GIN|GNB|KEN|LSO|LBR|LBY|MDG|MWI|MLI|MRT|MAR|MOZ|NAM|NER|NGA|RWA|SEN|SLE|SOM|ZAF|SDN|SWZ|TZA|TGO|TUN|UGA|ZMB|ZWE|AFG|ARM|AZE|BGD|MMR|KHM|GEO|IND|IDN|IRN|IRQ|ISR|JPN|JOR|LAO|LBN|MYS|NPL|OMN|PAK|PHL|QAT|SAU|KOR|LKA|SYR|TWN|TJK|THA|TUR|TKM|ARE|UZB|VNM|YEM|ALB|AUT|BLR|BEL|BIH|BGR|HRV|CYP|CZE|DNK|EST|FIN|FRA|DEU|GRC|HUN|ISL|IRL|ITA|LVA|LTU|MKD|MDA|MNE|NLD|NOR|POL|PRT|ROU|SRB|SVK|SVN|ESP|SWE|CHE|UKR|GBR|BHS|CAN|CRI|CUB|DOM|SLV|GTM|HTI|HND|JAM|MEX|NIC|PAN|USA|AUS|NZL|PNG|ARG|BOL|BRA|CHL|COL|ECU|PRY|PER|SUR|URY|VEN,Eastern Asia,5,9
NPL,Nepal,67,147,DZA|AGO|BEN|BWA|BFA|BDI|CMR|CAF|TCD|COG|COD|CIV|DJI|EGY|GNQ|ERI|ETH|GAB|GHA|GIN|GNB|KEN|LSO|LBR|LBY|MDG|MWI|MLI|MRT|MAR|MOZ|NAM|NER|NGA|RWA|SEN|SLE|SOM|ZAF|SDN|SWZ|TZA|TGO|TUN|UGA|ZMB|ZWE|AFG|ARM|AZE|MMR|KHM|GEO|IDN|IRN|IRQ|ISR|JPN|JOR|KAZ|LAO|LBN|MYS|MNG|OMN|PAK|PHL|QAT|SAU|KOR|LKA|SYR|TWN|TJK|THA|TUR|TKM|ARE|UZB|VNM|YEM|ALB|AUT|BLR|BEL|BIH|BGR|HRV|CYP|CZE|DNK|EST|FIN|FRA|DEU|GRC|HUN|ISL|IRL|ITA|LVA|LTU|MKD|MDA|MNE|NLD|NOR|POL|PRT|ROU|RUS|SRB|SVK|SVN|ESP|SWE|CHE|UKR|GBR|BHS|CAN|CRI|CUB|DOM|SLV|GTM|HTI|HND|JAM|MEX|NIC|PAN|USA|AUS|NZL|PNG|ARG|BOL|BRA|CHL|COL|ECU|PRY|PER|SUR|URY|VEN,Southern Asia,15,6
OMN,Oman,68,144,DZA|AGO|BEN|BWA|BFA|BDI|CMR|CAF|TCD|COG|COD|CIV|DJI|EGY|GNQ|ERI|ETH|GAB|GHA|GIN|GNB|KEN|LSO|LBR|LBY|MDG|MWI|MLI|MRT|MAR|MOZ|NAM|NER|NGA|RWA|SEN|SLE|SOM|ZAF|SDN|SWZ|TZA|TGO|TUN|UGA|ZMB|ZWE|AFG|ARM|AZE|BGD|MMR|KHM|CHN|GEO|IND|IDN|IRQ|ISR|JPN|JOR|KAZ|LAO|LBN|MYS|MNG|NPL|PHL|KOR|LKA|SYR|TWN|TJK|THA|TUR|TKM|UZB|VNM|ALB|AUT|BLR|BEL|BIH|BGR|HRV|CYP|CZE|DNK|EST|FIN|FRA|DEU|GRC|HUN|ISL|IRL|ITA|LVA|LTU|MKD|MDA|MNE|NLD|NOR|POL|PRT|ROU|RUS|SRB|SVK|SVN|ESP|SWE|CHE|UKR|GBR|BHS|CAN|CRI|CUB|DOM|SLV|GTM|HTI|HND|JAM|MEX|NIC|PAN|USA|AUS|NZL|PNG|ARG|BOL|BRA|CHL|COL|ECU|PRY|PER|SUR|URY|VEN,Western Asia,18,1
PAK,Pakistan,69,141,DZA|AGO|BEN|BWA|BFA|BDI|CMR|CAF|TCD|COG|COD|CIV|DJI|EGY|GNQ|ERI|ETH|GAB|GHA|GIN|GNB|KEN|LSO|LBR|LBY|MDG|MWI|MLI|MRT|MAR|MOZ|NAM|NER|NGA|RWA|SEN|SLE|SOM|ZAF|SDN|SWZ|TZA|TGO|TUN|UGA|ZMB|ZWE|ARM|AZE|BGD|MMR|KHM|GEO|IDN|IRQ|ISR|JPN|JOR|KAZ|LAO|LBN|MYS|MNG|NPL|PHL|QAT|SAU|KOR|LKA|SYR|TWN|THA|TUR|VNM|YEM|ALB|AUT|BLR|BEL|BIH|BGR|HRV|CYP|CZE|DNK|EST|FIN|FRA|DEU|GRC|HUN|ISL|IRL|ITA|LVA|LTU|MKD|MDA|MNE|NLD|NOR|POL|PRT|ROU|RUS|SRB|SVK|SVN|ESP|SWE|CHE|UKR|GBR|BHS|CAN|CRI|CUB|DOM|SLV|GTM|HTI|HND|JAM|MEX|NIC|PAN|USA|AUS|NZL|PNG|ARG|BOL|BRA|CHL|COL|ECU|PRY|PER|SUR|URY|VEN,Southern Asia,15,8
PHL,Philippines,70,145,DZA|AGO|BEN|BWA|BFA|BDI|CMR|CAF|TCD|COG|COD|CIV|DJI|EGY|GNQ|ERI|ETH|GAB|GHA|GIN|GNB|KEN|LSO|LBR|LBY|MDG|MWI|MLI|MRT|MAR|MOZ|NAM|NER|NGA|RWA|SEN|SLE|SOM|ZAF|SDN|SWZ|TZA|TGO|TUN|UGA|ZMB|ZWE|AFG|ARM|AZE|BGD|MMR|KHM|GEO|IND|IRN|IRQ|ISR|JOR|KAZ|LAO|LBN|MNG|NPL|OMN|PAK|QAT|SAU|KOR|LKA|SYR|TJK|THA|TUR|TKM|ARE|UZB|VNM|YEM|ALB|AUT|BLR|BEL|BIH|BGR|HRV|CYP|CZE|DNK|EST|FIN|FRA|DEU|GRC|HUN|ISL|IRL|ITA|LVA|LTU|MKD|MDA|MNE|NLD|NOR|POL|PRT|ROU|RUS|SRB|SVK|SVN|ESP|SWE|CHE|UKR|GBR|BHS|CAN|CRI|CUB|DOM|SLV|GTM|HTI|HND|JAM|MEX|NIC|PAN|USA|AUS|NZL|PNG|ARG|BOL|BRA|CHL|COL|ECU|PRY|PER|SUR|URY|VEN,South-eastern Asia,13,0
QAT,Qatar,71,145,DZA|AGO|BEN|BWA|BFA|BDI|CMR|CAF|TCD|COG|COD|CIV|DJI|EGY|GNQ|ERI|ETH|GAB|GHA|GIN|GNB|KEN|LSO|LBR|LBY|MDG|MWI|MLI|MRT|MAR|MOZ|NAM|NER|NGA|RWA|SEN|SLE|SOM|ZAF|SDN|SWZ|TZA|TGO|TUN|UGA|ZMB|ZWE|AFG|ARM|AZE|BGD|MMR|KHM|CHN|GEO|IND|IDN|ISR|JPN|JOR|KAZ|LAO|LBN|MYS|MNG|NPL|PAK|PHL|KOR|LKA|SYR|TWN|TJK|THA|TUR|TKM|UZB|VNM|YEM|ALB|AUT|BLR|BEL|BIH|BGR|HRV|CYP|CZE|DNK|EST|FIN|FRA|DEU|GRC|HUN|ISL|IRL|ITA|LVA|LTU|MKD|MDA|MNE|NLD|NOR|POL|PRT|ROU|RUS|SRB|SVK|SVN|ESP|SWE|CHE|UKR|GBR|BHS|CAN|CRI|CUB|DOM|SLV|GTM|HTI|HND|JAM|MEX|NIC|PAN|USA|AUS|NZL|PNG|ARG|BOL|BRA|CHL|COL|ECU|PRY|PER|SUR|URY|VEN,Western Asia,18,3
SAU,Saudi Arabia,72,132,DZA|AGO|BEN|BWA|BFA|BDI|CMR|CAF|TCD|COG|COD|CIV|GNQ|GAB|GHA|GIN|GNB|KEN|LSO|LBR|LBY|MDG|MWI|MLI|MRT|MAR|MOZ|NAM|NER|NGA|RWA|SEN|SLE|ZAF|SWZ|TZA|TGO|TUN|UGA|ZMB|ZWE|AFG|ARM|AZE|BGD|MMR|KHM|CHN|GEO|IND|IDN|JPN|KAZ|LAO|MYS|MNG|NPL|PAK|PHL|KOR|LKA|TWN|TJK|THA|TKM|UZB|VNM|ALB|AUT|BLR|BEL|BIH|BGR|HRV|CZE|DNK|EST|FIN|FRA|DEU|GRC|HUN|ISL|IRL|ITA|LVA|LTU|MKD|MDA|MNE|NLD|NOR|POL|PRT|ROU|RUS|SRB|SVK|SVN|ESP|SWE|CHE|UKR|GBR|BHS|CAN|CRI|CUB|DOM|SLV|GTM|HTI|HND|JAM|MEX|NIC|PAN|USA|AUS|NZL|PNG|ARG|BOL|BRA|CHL|COL|ECU|PRY|PER|SUR|URY|VEN,Western Asia,18,4
KOR,South Korea,73,147,DZA|AGO|BEN|BWA|BFA|BDI|CMR|CAF|TCD|COG|COD|CIV|DJI|EGY|GNQ|ERI|ETH|GAB|GHA|GIN|GNB|KEN|LSO|LBR|LBY|MDG|MWI|MLI|MRT|MAR|MOZ|NAM|NER|NGA|RWA|SEN|SLE|SOM|ZAF|SDN|SWZ|TZA|TGO|TUN|UGA|ZMB|ZWE|AFG|ARM|AZE|BGD|MMR|KHM|GEO|IND|IDN|IRN|IRQ|ISR|JOR|KAZ|LAO|LBN|MYS|MNG|NPL|OMN|PAK|PHL|QAT|SAU|LKA|SYR|TWN|TJK|THA|TUR|TKM|ARE|UZB|VNM|YEM|ALB|AUT|BLR|BEL|BIH|BGR|HRV|CYP|CZE|DNK|EST|FIN|FRA|DEU|GRC|HUN|ISL|IRL|ITA|LVA|LTU|MKD|MDA|MNE|NLD|NOR|POL|PRT|ROU|SRB|SVK|SVN|ESP|SWE|CHE|UKR|GBR|BHS|CAN|CRI|CUB|DOM|SLV|GTM|HTI|HND|JAM|MEX|NIC|PAN|USA|AUS|NZL|PNG|ARG|BOL|BRA|CHL|COL|ECU|PRY|PER|SUR|URY|VEN,Eastern Asia,5,5
LKA,Sri Lanka,74,149,DZA|AGO|BEN|BWA|BFA|BDI|CMR|CAF|TCD|COG|COD|CIV|DJI|EGY|GNQ|ERI|ETH|GAB|GHA|GIN|GNB|KEN|LSO|LBR|LBY|MDG|MWI|MLI|MRT|MAR|MOZ|NAM|NER|NGA|RWA|SEN|SLE|SOM|ZAF|SDN|SWZ|TZA|TGO|TUN|UGA|ZMB|ZWE|AFG|ARM|AZE|BGD|MMR|KHM|CHN|GEO|IDN|IRN|IRQ|ISR|JPN|JOR|KAZ|LAO|LBN|MYS|MNG|NPL|OMN|PAK|PHL|QAT|SAU|KOR|SYR|TWN|TJK|THA|TUR|TKM|ARE|UZB|VNM|YEM|ALB|AUT|BLR|BEL|BIH|BGR|HRV|CYP|CZE|DNK|EST|FIN|FRA|DEU|GRC|HUN|ISL|IRL|ITA|LVA|LTU|MKD|MDA|MNE|NLD|NOR|POL|PRT|ROU|RUS|SRB|SVK|SVN|ESP|SWE|CHE|UKR|GBR|BHS|CAN|CRI|CUB|DOM|SLV|GTM|HTI|HND|JAM|MEX|NIC|PAN|USA|AUS|NZL|PNG|ARG|BOL|BRA|CHL|COL|ECU|PRY|PER|SUR|URY|VEN,Southern Asia,15,5
SYR,Syria,75,138,DZA|AGO|BEN|BWA|BFA|BDI|CMR|CAF|TCD|COG|COD|CIV|DJI|GNQ|ERI|ETH|GAB|GHA|GIN|GNB|KEN|LSO|LBR|LBY|MDG|MWI|MLI|MRT|MAR|MOZ|NAM|NER|NGA|RWA|SEN|SLE|SOM|ZAF|SDN|SWZ|TZA|TGO|TUN|UGA|ZMB|ZWE|AFG|BGD|MMR|KHM|CHN|IND|IDN|JPN|KAZ|LAO|MYS|MNG|NPL|OMN|PAK|PHL|QAT|KOR|LKA|TWN|TJK|THA|TKM|ARE|UZB|VNM|YEM|ALB|AUT|BLR|BEL|BIH|BGR|HRV|CZE|DNK|EST|FIN|FRA|DEU|GRC|HUN|ISL|IRL|ITA|LVA|LTU|MKD|MDA|MNE|NLD|NOR|POL|PRT|ROU|RUS|SRB|SVK|SVN|ESP|SWE|CHE|UKR|GBR|BHS|CAN|CRI|CUB|DOM|SLV|GTM|HTI|HND|JAM|MEX|NIC|PAN|USA|AUS|NZL|PNG|ARG|BOL|BRA|CHL|COL|ECU|PRY|PER|SUR|URY|VEN,Western Asia,18,7
TWN,Taiwan,76,147,DZA|AGO|BEN|BWA|BFA|BDI|CMR|CAF|TCD|COG|COD|CIV|DJI|EGY|GNQ|ERI|ETH|GAB|GHA|GIN|GNB|KEN|LSO|LBR|LBY|MDG|MWI|MLI|MRT|MAR|MOZ|NAM|NER|NGA|RWA|SEN|SLE|SOM|ZAF|SDN|SWZ|TZA|TGO|TUN|UGA|ZMB|ZWE|AFG|ARM|AZE|BGD|MMR|KHM|GEO|IND|IDN|IRN|IRQ|ISR|JOR|KAZ|LAO|LBN|MYS|MNG|NPL|OMN|PAK|QAT|SAU|KOR|LKA|SYR|TJK|THA|TUR|TKM|ARE|UZB|VNM|YEM|ALB|AUT|BLR|BEL|BIH|BGR|HRV|CYP|CZE|DNK|EST|FIN|FRA|DEU|GRC|HUN|ISL|IRL|ITA|LVA|LTU|MKD|MDA|MNE|NLD|NOR|POL|PRT|ROU|RUS|SRB|SVK|SVN|ESP|SWE|CHE|UKR|GBR|BHS|CAN|CRI|CUB|DOM|SLV|GTM|HTI|HND|JAM|MEX|NIC|PAN|USA|AUS|NZL|PNG|ARG|BOL|BRA|CHL|COL|ECU|PRY|PER|SUR|URY|VEN,Eastern Asia,5,8
TJK,Tajikistan,77,143,DZA|AGO|BEN|BWA|BFA|BDI|CMR|CAF|TCD|COG|COD|CIV|DJI|EGY|GNQ|ERI|ETH|GAB|GHA|GIN|GNB|KEN|LSO|LBR|LBY|MDG|MWI|MLI|MRT|MAR|MOZ|NAM|NER|NGA|RWA|SEN|SLE|SOM|ZAF|SDN|SWZ|TZA|TGO|TUN|UGA|ZMB|ZWE|ARM|AZE|BGD|MMR|KHM|GEO|IDN|IRN|IRQ|ISR|JPN|JOR|LAO|LBN|MYS|MNG|NPL|OMN|PHL|QAT|SAU|KOR|LKA|SYR|TWN|THA|TUR|ARE|VNM|YEM|ALB|AUT|BLR|BEL|BIH|BGR|HRV|CYP|CZE|DNK|EST|FIN|FRA|DEU|GRC|HUN|ISL|IRL|ITA|LVA|LTU|MKD|MDA|MNE|NLD|NOR|POL|PRT|ROU|RUS|SRB|SVK|SVN|ESP|SWE|CHE|UKR|GBR|BHS|CAN|CRI|CUB|DOM|SLV|GTM|HTI|HND|JAM|MEX|NIC|PAN|USA|AUS|NZL|PNG|ARG|BOL|BRA|CHL|COL|ECU|PRY|PER|SUR|URY|VEN,Central Asia,3,3
THA,Thailand,78,142,DZA|AGO|BEN|BWA|BFA|BDI|CMR|CAF|TCD|COG|COD|CIV|DJI|EGY|GNQ|ERI|ETH|GAB|GHA|GIN|GNB|KEN|LSO|LBR|LBY|MDG|MWI|MLI|MRT|MAR|MOZ|NAM|NER|NGA|RWA|SEN|SLE|SOM|ZAF|SDN|SWZ|TZA|TGO|TUN|UGA|ZMB|ZWE|AFG|ARM|AZE|BGD|GEO|IRN|IRQ|ISR|JPN|JOR|KAZ|LBN|MNG|NPL|OMN|PAK|PHL|QAT|SAU|KOR|LKA|SYR|TWN|TJK|TUR|TKM|ARE|UZB|YEM|ALB|AUT|BLR|BEL|BIH|BGR|HRV|CYP|CZE|DNK|EST|FIN|FRA|DEU|GRC|HUN|ISL|IRL|ITA|LVA|LTU|MKD|MDA|MNE|NLD|NOR|POL|PRT|ROU|RUS|SRB|SVK|SVN|ESP|SWE|CHE|UKR|GBR|BHS|CAN|CRI|CUB|DOM|SLV|GTM|HTI|HND|JAM|MEX|NIC|PAN|USA|AUS|NZL|PNG|ARG|BOL|BRA|CHL|COL|ECU|PRY|PER|SUR|URY|VEN,South-eastern Asia,13,4
TUR,Turkey,79,129,DZA|AGO|BEN|BWA|BFA|BDI|CMR|CAF|TCD|COG|COD|CIV|DJI|GNQ|ERI|ETH|GAB|GHA|GIN|GNB|KEN|LSO|LBR|LBY|MDG|MWI|MLI|MRT|MAR|MOZ|NAM|NER|NGA|RWA|SEN|SLE|SOM|ZAF|SDN|SWZ|TZA|TGO|TUN|UGA|ZMB|ZWE|AFG|BGD|MMR|KHM|CHN|IND|IDN|JPN|KAZ|LAO|MYS|MNG|NPL|OMN|PAK|PHL|QAT|KOR|LKA|TWN|TJK|THA|TKM|ARE|UZB|VNM|YEM|AUT|BLR|BEL|BIH|HRV|CZE|DNK|EST|FIN|FRA|DEU|HUN|ISL|IRL|ITA|LVA|LTU|MNE|NLD|NOR|POL|PRT|SVK|SVN|ESP|SWE|CHE|GBR|BHS|CAN|CRI|CUB|DOM|SLV|GTM|HTI|HND|JAM|MEX|NIC|PAN|USA|AUS|NZL|PNG|ARG|BOL|BRA|CHL|COL|ECU|PRY|PER|SUR|URY|VEN,Western Asia,18,0
TKM,Turkmenistan,80,141,DZA|AGO|BEN|BWA|BFA|BDI|CMR|CAF|TCD|COG|COD|CIV|DJI|EGY|GNQ|ERI|ETH|GAB|GHA|GIN|GNB|KEN|LSO|LBR|LBY|MDG|MWI|MLI|MRT|MAR|MOZ|NAM|NER|NGA|RWA|SEN|SLE|SOM|ZAF|SDN|SWZ|TZA|TGO|TUN|UGA|ZMB|ZWE|ARM|BGD|MMR|KHM|CHN|IND|IDN|IRQ|ISR|JPN|JOR|LAO|LBN|MYS|MNG|NPL|OMN|PHL|QAT|SAU|KOR|LKA|SYR|TWN|THA|TUR|ARE|VNM|YEM|ALB|AUT|BLR|BEL|BIH|BGR|HRV|CYP|CZE|DNK|EST|FIN|FRA|DEU|GRC|HUN|ISL|IRL|ITA|LVA|LTU|MKD|MDA|MNE|NLD|NOR|POL|PRT|ROU|SRB|SVK|SVN|ESP|SWE|CHE|UKR|GBR|BHS|CAN|CRI|CUB|DOM|SLV|GTM|HTI|HND|JAM|MEX|NIC|PAN|USA|AUS|NZL|PNG|ARG|BOL|BRA|CHL|COL|ECU|PRY|PER|SUR|URY|VEN,Central Asia,3,5
ARE,United Arab Emirates,81,144,DZA|AGO|BEN|BWA|BFA|BDI|CMR|CAF|TCD|COG|COD|CIV|DJI|EGY|GNQ|ERI|ETH|GAB|GHA|GIN|GNB|KEN|LSO|LBR|LBY|MDG|MWI|MLI|MRT|MAR|MOZ|NAM|NER|NGA|RWA|SEN|SLE|SOM|ZAF|SDN|SWZ|TZA|TGO|TUN|UGA|ZMB|ZWE|AFG|ARM|AZE|BGD|MMR|KHM|CHN|GEO|IND|IDN|IRQ|ISR|JPN|JOR|KAZ|LAO|LBN|MYS|MNG|NPL|PHL|KOR|LKA|SYR|TWN|TJK|THA|TUR|TKM|UZB|VNM|ALB|AUT|BLR|BEL|BIH|BGR|HRV|CYP|CZE|DNK|EST|FIN|FRA|DEU|GRC|HUN|ISL|IRL|ITA|LVA|LTU|MKD|MDA|MNE|NLD|NOR|POL|PRT|ROU|RUS|SRB|SVK|SVN|ESP|SWE|CHE|UKR|GBR|BHS|CAN|CRI|CUB|DOM|SLV|GTM|HTI|HND|JAM|MEX|NIC|PAN|USA|AUS|NZL|PNG|ARG|BOL|BRA|CHL|COL|ECU|PRY|PER|SUR|URY|VEN,Western Asia,18,4
UZB,Uzbekistan,82,142,DZA|AGO|BEN|BWA|BFA|BDI|CMR|CAF|TCD|COG|COD|CIV|DJI|EGY|GNQ|ERI|ETH|GAB|GHA|GIN|GNB|KEN|LSO|LBR|LBY|MDG|MWI|MLI|MRT|MAR|MOZ|NAM|NER|NGA|RWA|SEN|SLE|SOM|ZAF|SDN|SWZ|TZA|TGO|TUN|UGA|ZMB|ZWE|ARM|BGD|MMR|KHM|GEO|IND|IDN|IRQ|ISR|JPN|JOR|LAO|LBN|MYS|MNG|NPL|OMN|PHL|QAT|SAU|KOR|LKA|SYR|TWN|THA|TUR|ARE|VNM|YEM|ALB|AUT|BLR|BEL|BIH|BGR|HRV|CYP|CZE|DNK|EST|FIN|FRA|DEU|GRC|HUN|ISL|IRL|ITA|LVA|LTU|MKD|MDA|MNE|NLD|NOR|POL|PRT|ROU|RUS|SRB|SVK|SVN|ESP|SWE|CHE|UKR|GBR|BHS|CAN|CRI|CUB|DOM|SLV|GTM|HTI|HND|JAM|MEX|NIC|PAN|USA|AUS|NZL|PNG|ARG|BOL|BRA|CHL|COL|ECU|PRY|PER|SUR|URY|VEN,Central Asia,3,0
VNM,Vietnam,83,143,DZA|AGO|BEN|BWA|BFA|BDI|CMR|CAF|TCD|COG|COD|CIV|DJI|EGY|GNQ|ERI|ETH|GAB|GHA|GIN|GNB|KEN|LSO|LBR|LBY|MDG|MWI|MLI|MRT|MAR|MOZ|NAM|NER|NGA|RWA|SEN|SLE|SOM|ZAF|SDN|SWZ|TZA|TGO|TUN|UGA|ZMB|ZWE|AFG|ARM|AZE|BGD|GEO|IND|IRN|IRQ|ISR|JPN|JOR|KAZ|LBN|MNG|NPL|OMN|PAK|PHL|QAT|SAU|KOR|LKA|SYR|TWN|TJK|TUR|TKM|ARE|UZB|YEM|ALB|AUT|BLR|BEL|BIH|BGR|HRV|CYP|CZE|DNK|EST|FIN|FRA|DEU|GRC|HUN|ISL|IRL|ITA|LVA|LTU|MKD|MDA|MNE|NLD|NOR|POL|PRT|ROU|RUS|SRB|SVK|SVN|ESP|SWE|CHE|UKR|GBR|BHS|CAN|CRI|CUB|DOM|SLV|GTM|HTI|HND|JAM|MEX|NIC|PAN|USA|AUS|NZL|PNG|ARG|BOL|BRA|CHL|COL|ECU|PRY|PER|SUR|URY|VEN,South-eastern Asia,13,6
YEM,Yemen,84,142,DZA|AGO|BEN|BWA|BFA|BDI|CMR|CAF|TCD|COG|COD|CIV|EGY|GNQ|GAB|GHA|GIN|GNB|KEN|LSO|LBR|LBY|MDG|MWI|MLI|MRT|MAR|MOZ|NAM|NER|NGA|RWA|SEN|SLE|ZAF|SWZ|TZA|TGO|TUN|UGA|ZMB|ZWE|AFG|ARM|AZE|BGD|MMR|KHM|CHN|GEO|IND|IDN|IRN|IRQ|ISR|JPN|JOR|KAZ|LAO|LBN|MYS|MNG|NPL|PAK|PHL|QAT|KOR|LKA|SYR|TWN|TJK|THA|TUR|TKM|UZB|VNM|ALB|AUT|BLR|BEL|BIH|BGR|HRV|CYP|CZE|DNK|EST|FIN|FRA|DEU|GRC|HUN|ISL|IRL|ITA|LVA|LTU|MKD|MDA|MNE|NLD|NOR|POL|PRT|ROU|RUS|SRB|SVK|SVN|ESP|SWE|CHE|UKR|GBR|BHS|CAN|CRI|CUB|DOM|SLV|GTM|HTI|HND|JAM|MEX|NIC|PAN|USA|AUS|NZL|PNG|ARG|BOL|BRA|CHL|COL|ECU|PRY|PER|SUR|URY|VEN,Western Asia,18,5
ALB,Albania,85,138,DZA|AGO|BEN|BWA|BFA|BDI|CMR|CAF|TCD|COG|COD|CIV|DJI|EGY|GNQ|ERI|ETH|GAB|GHA|GIN|GNB|KEN|LSO|LBR|LBY|MDG|MWI|MLI|MRT|MAR|MOZ|NAM|NER|NGA|RWA|SEN|SLE|SOM|ZAF|SDN|SWZ|TZA|TGO|TUN|UGA|ZMB|ZWE|AFG|ARM|AZE|BGD|MMR|KHM|CHN|GEO|IND|IDN|IRN|IRQ|ISR|JPN|JOR|KAZ|LAO|LBN|MYS|MNG|NPL|OMN|PAK|PHL|QAT|SAU|KOR|LKA|SYR|TWN|TJK|THA|TKM|ARE|UZB|VNM|YEM|AUT|BLR|BEL|CYP|CZE|DNK|EST|FIN|FRA|DEU|ISL|IRL|LVA|LTU|MDA|NLD|NOR|POL|PRT|RUS|SVK|ESP|SWE|CHE|UKR|GBR|BHS|CAN|CRI|CUB|DOM|SLV|GTM|HTI|HND|JAM|MEX|NIC|PAN|USA|AUS|NZL|PNG|ARG|BOL|BRA|CHL|COL|ECU|PRY|PER|SUR|URY|VEN,Southern Europe,16,7
AUT,Austria,86,133,DZA|AGO|BEN|BWA|BFA|BDI|CMR|CAF|TCD|COG|COD|CIV|DJI|EGY|GNQ|ERI|ETH|GAB|GHA|GIN|GNB|KEN|LSO|LBR|LBY|MDG|MWI|MLI|MRT|MAR|MOZ|NAM|NER|NGA|RWA|SEN|SLE|SOM|ZAF|SDN|SWZ|TZA|TGO|TUN|UGA|ZMB|ZWE|AFG|ARM|AZE|BGD|MMR|KHM|CHN|GEO|IND|IDN|IRN|IRQ|ISR|JPN|JOR|KAZ|LAO|LBN|MYS|MNG|NPL|OMN|PAK|PHL|QAT|SAU|KOR|LKA|SYR|TWN|TJK|THA|TUR|TKM|ARE|UZB|VNM|YEM|ALB|BLR|BGR|CYP|DNK|EST|FIN|GRC|ISL|IRL|LVA|LTU|MKD|MDA|NOR|PRT|RUS|ESP|SWE|GBR|BHS|CAN|CRI|CUB|DOM|SLV|GTM|HTI|HND|JAM|MEX|NIC|PAN|USA|AUS|NZL|PNG|ARG|BOL|BRA|CHL|COL|ECU|PRY|PER|SUR|URY|VEN,Western Europe,19,1
BLR,Belarus,87,137,DZA|AGO|BEN|BWA|BFA|BDI|CMR|CAF|TCD|COG|COD|CIV|DJI|EGY|GNQ|ERI|ETH|GAB|GHA|GIN|GNB|KEN|LSO|LBR|LBY|MDG|MWI|MLI|MRT|MAR|MOZ|NAM|NER|NGA|RWA|SEN|SLE|SOM|ZAF|SDN|SWZ|TZA|TGO|TUN|UGA|ZMB|ZWE|AFG|ARM|AZE|BGD|MMR|KHM|CHN|GEO|IND|IDN|IRN|IRQ|ISR|JPN|JOR|KAZ|LAO|LBN|MYS|MNG|NPL|OMN|PAK|PHL|QAT|SAU|KOR|LKA|SYR|TWN|TJK|THA|TUR|TKM|ARE|UZB|VNM|YEM|ALB|AUT|BEL|BIH|BGR|HRV|CYP|DNK|FRA|DEU|GRC|ISL|IRL|ITA|MKD|MNE|NLD|NOR|PRT|SRB|SVN|ESP|CHE|GBR|BHS|CAN|CRI|CUB|DOM|SLV|GTM|HTI|HND|JAM|MEX|NIC|PAN|USA|AUS|NZL|PNG|ARG|BOL|BRA|CHL|COL|ECU|PRY|PER|SUR|URY|VEN,Eastern Europe,6,8
BEL,Belgium,88,141,DZA|AGO|BEN|BWA|BFA|BDI|CMR|CAF|TCD|COG|COD|CIV|DJI|EGY|GNQ|ERI|ETH|GAB|GHA|GIN|GNB|KEN|LSO|LBR|LBY|MDG|MWI|MLI|MRT|MAR|MOZ|NAM|NER|NGA|RWA|SEN|SLE|SOM|ZAF|SDN|SWZ|TZA|TGO|TUN|UGA|ZMB|ZWE|AFG|ARM|AZE|BGD|MMR|KHM|CHN|GEO|IND|IDN|IRN|IRQ|ISR|JPN|JOR|KAZ|LAO|LBN|MYS|MNG|NPL|OMN|PAK|PHL|QAT|SAU|KOR|LKA|SYR|TWN|TJK|THA|TUR|TKM|ARE|UZB|VNM|YEM|ALB|BLR|BIH|BGR|HRV|CYP|EST|FIN|GRC|HUN|ISL|IRL|LVA|LTU|MKD|MDA|MNE|NOR|POL|PRT|ROU|RUS|SRB|SVK|SVN|ESP|SWE|UKR|BHS|CAN|CRI|CUB|DOM|SLV|GTM|HTI|HND|JAM|MEX|NIC|PAN|USA|AUS|NZL|PNG|ARG|BOL|BRA|CHL|COL|ECU|PRY|PER|SUR|URY|VEN,Western Europe,19,8
BIH,Bosnia And Herzegovina,89,132,DZA|AGO|BEN|BWA|BFA|BDI|CMR|CAF|TCD|COG|COD|CIV|DJI|EGY|GNQ|ERI|ETH|GAB|GHA|GIN|GNB|KEN|LSO|LBR|LBY|MDG|MWI|MLI|MRT|MAR|MOZ|NAM|NER|NGA|RWA|SEN|SLE|SOM|ZAF|SDN|SWZ|TZA|TGO|TUN|UGA|ZMB|ZWE|AFG|ARM|AZE|BGD|MMR|KHM|CHN|GEO|IND|IDN|IRN|IRQ|ISR|JPN|JOR|KAZ|LAO|LBN|MYS|MNG|NPL|OMN|PAK|PHL|QAT|SAU|KOR|LKA|SYR|TWN|TJK|THA|TUR|TKM|ARE|UZB|VNM|YEM|BLR|BEL|CYP|DNK|EST|FIN|FRA|ISL|IRL|LVA|LTU|MDA|NLD|NOR|PRT|RUS|ESP|SWE|GBR|BHS|CAN|CRI|CUB|DOM|SLV|GTM|HTI|HND|JAM|MEX|NIC|PAN|USA|AUS|NZL|PNG|ARG|BOL|BRA|CHL|COL|ECU|PRY|PER|SUR|URY|VEN,Southern Europe,16,2
BGR,Bulgaria,90,136,DZA|AGO|BEN|BWA|BFA|BDI|CMR|CAF|TCD|COG|COD|CIV|DJI|EGY|GNQ|ERI|ETH|GAB|GHA|GIN|GNB|KEN|LSO|LBR|LBY|MDG|MWI|MLI|MRT|MAR|MOZ|NAM|NER|NGA|RWA|SEN|SLE|SOM|ZAF|SDN|SWZ|TZA|TGO|TUN|UGA|ZMB|ZWE|AFG|ARM|AZE|BGD|MMR|KHM|CHN|GEO|IND|IDN|IRN|IRQ|ISR|JPN|JOR|KAZ|LAO|LBN|MYS|MNG|NPL|OMN|PAK|PHL|QAT|SAU|KOR|LKA|SYR|TWN|TJK|THA|TKM|ARE|UZB|VNM|YEM|AUT|BLR|BEL|CYP|CZE|DNK|EST|FIN|FRA|DEU|ISL|IRL|LVA|LTU|NLD|NOR|POL|PRT|RUS|SVN|ESP|SWE|CHE|GBR|BHS|CAN|CRI|CUB|DOM|SLV|GTM|HTI|HND|JAM|MEX|NIC|PAN|USA|AUS|NZL|PNG|ARG|BOL|BRA|CHL|COL|ECU|PRY|PER|SUR|URY|VEN,Eastern Europe,6,8
HRV,Croatia,91,131,DZA|AGO|BEN|BWA|BFA|BDI|CMR|CAF|TCD|COG|COD|CIV|DJI|EGY|GNQ|ERI|ETH|GAB|GHA|GIN|GNB|KEN|LSO|LBR|LBY|MDG|MWI|MLI|MRT|MAR|MOZ|NAM|NER|NGA|RWA|SEN|SLE|SOM|ZAF|SDN|SWZ|TZA|TGO|TUN|UGA|ZMB|ZWE|AFG|ARM|AZE|BGD|MMR|KHM|CHN|GEO|IND|IDN|IRN|IRQ|ISR|JPN|JOR|KAZ|LAO|LBN|MYS|MNG|NPL|OMN|PAK|PHL|QAT|SAU|KOR|LKA|SYR|TWN|TJK|THA|TUR|TKM|ARE|UZB|VNM|YEM|BLR|BEL|CYP|DNK|EST|FIN|ISL|IRL|LVA|LTU|MDA|NLD|NOR|PRT|RUS|ESP|SWE|GBR|BHS|CAN|CRI|CUB|DOM|SLV|GTM|HTI|HND|JAM|MEX|NIC|PAN|USA|AUS|NZL|PNG|ARG|BOL|BRA|CHL|COL|ECU|PRY|PER|SUR|URY|VEN,Southern Europe,16,6
CYP,Cyprus,92,141,DZA|AGO|BEN|BWA|BFA|BDI|CMR|CAF|TCD|COG|COD|CIV|DJI|GNQ|ERI|ETH|GAB|GHA|GIN|GNB|KEN|LSO|LBR|LBY|MDG|MWI|MLI|MRT|MAR|MOZ|NAM|NER|NGA|RWA|SEN|SLE|SOM|ZAF|SDN|SWZ|TZA|TGO|TUN|UGA|ZMB|ZWE|AFG|ARM|AZE|BGD|MMR|KHM|CHN|GEO|IND|IDN|IRN|JPN|KAZ|LAO|MYS|MNG|NPL|OMN|PAK|PHL|QAT|KOR|LKA|TWN|TJK|THA|TKM|ARE|UZB|VNM|YEM|ALB|AUT|BLR|BEL|BIH|BGR|HRV|CZE|DNK|EST|FIN|FRA|DEU|HUN|ISL|IRL|ITA|LVA|LTU|MKD|MDA|MNE|NLD|NOR|POL|PRT|ROU|RUS|SRB|SVK|SVN|ESP|SWE|CHE|UKR|GBR|BHS|CAN|CRI|CUB|DOM|SLV|GTM|HTI|HND|JAM|MEX|NIC|PAN|USA|AUS|NZL|PNG|ARG|BOL|BRA|CHL|COL|ECU|PRY|PER|SUR|URY|VEN,Western Asia,18,7
CZE,Czech Republic,93,130,DZA|AGO|BEN|BWA|BFA|BDI|CMR|CAF|TCD|COG|COD|CIV|DJI|EGY|GNQ|ERI|ETH|GAB|GHA|GIN|GNB|KEN|LSO|LBR|LBY|MDG|MWI|MLI|MRT|MAR|MOZ|NAM|NER|NGA|RWA|SEN|SLE|SOM|ZAF|SDN|SWZ|TZA|TGO|TUN|UGA|ZMB|ZWE|AFG|ARM|AZE|BGD|MMR|KHM|CHN|GEO|IND|IDN|IRN|IRQ|ISR|JPN|JOR|KAZ|LAO|LBN|MYS|MNG|NPL|OMN|PAK|PHL|QAT|SAU|KOR|LKA|SYR|TWN|TJK|THA|TUR|TKM|ARE|UZB|VNM|YEM|ALB|BGR|CYP|EST|FIN|GRC|ISL|IRL|LVA|LTU|MKD|MDA|MNE|NOR|PRT|ESP|GBR|BHS|CAN|CRI|CUB|DOM|SLV|GTM|HTI|HND|JAM|MEX|NIC|PAN|USA|AUS|NZL|PNG|ARG|BOL|BRA|CHL|COL|ECU|PRY|PER|SUR|URY|VEN,Eastern Europe,6,5
DNK,Denmark,94,138,DZA|AGO|BEN|BWA|BFA|BDI|CMR|CAF|TCD|COG|COD|CIV|DJI|EGY|GNQ|ERI|ETH|GAB|GHA|GIN|GNB|KEN|LSO|LBR|LBY|MDG|MWI|MLI|MRT|MAR|MOZ|NAM|NER|NGA|RWA|SEN|SLE|SOM|ZAF|SDN|SWZ|TZA|TGO|TUN|UGA|ZMB|ZWE|AFG|ARM|AZE|BGD|MMR|KHM|CHN|GEO|IND|IDN|IRN|IRQ|ISR|JPN|JOR|KAZ|LAO|LBN|MYS|MNG|NPL|OMN|PAK|PHL|QAT|SAU|KOR|LKA|SYR|TWN|TJK|THA|TUR|TKM|ARE|UZB|VNM|YEM|ALB|AUT|BLR|BIH|BGR|HRV|CYP|FIN|FRA|GRC|HUN|ISL|IRL|ITA|MKD|MDA|MNE|PRT|ROU|SRB|SVK|SVN|ESP|CHE|UKR|BHS|CAN|CRI|CUB|DOM|SLV|GTM|HTI|HND|JAM|MEX|NIC|PAN|USA|AUS|NZL|PNG|ARG|BOL|BRA|CHL|COL|ECU|PRY|PER|SUR|URY|VEN,Northern Europe,11,0
EST,Estonia,95,142,DZA|AGO|BEN|BWA|BFA|BDI|CMR|CAF|TCD|COG|COD|CIV|DJI|EGY|GNQ|ERI|ETH|GAB|GHA|GIN|GNB|KEN|LSO|LBR|LBY|MDG|MWI|MLI|MRT|MAR|MOZ|NAM|NER|NGA|RWA|SEN|SLE|SOM|ZAF|SDN|SWZ|TZA|TGO|TUN|UGA|ZMB|ZWE|AFG|ARM|AZE|BGD|MMR|KHM|CHN|GEO|IND|IDN|IRN|IRQ|ISR|JPN|JOR|KAZ|LAO|LBN|MYS|MNG|NPL|OMN|PAK|PHL|QAT|SAU|KOR|LKA|SYR|TWN|TJK|THA|TUR|TKM|ARE|UZB|VNM|YEM|ALB|AUT|BEL|BIH|BGR|HRV|CYP|CZE|FRA|DEU|GRC|HUN|ISL|IRL|ITA|MKD|MDA|MNE|NLD|NOR|PRT|ROU|SRB|SVK|SVN|ESP|CHE|UKR|GBR|BHS|CAN|CRI|CUB|DOM|SLV|GTM|HTI|HND|JAM|MEX|NIC|PAN|USA|AUS|NZL|PNG|ARG|BOL|BRA|CHL|COL|ECU|PRY|PER|SUR|URY|VEN,Northern Europe,11,4
FIN,Finland,96,143,DZA|AGO|BEN|BWA|BFA|BDI|CMR|CAF|TCD|COG|COD|CIV|DJI|EGY|GNQ|ERI|ETH|GAB|GHA|GIN|GNB|KEN|LSO|LBR|LBY|MDG|MWI|MLI|MRT|MAR|MOZ|NAM|NER|NGA|RWA|SEN|SLE|SOM|ZAF|SDN|SWZ|TZA|TGO|TUN|UGA|ZMB|ZWE|AFG|ARM|AZE|BGD|MMR|KHM|CHN|GEO|IND|IDN|IRN|IRQ|ISR|JPN|JOR|KAZ|LAO|LBN|MYS|MNG|NPL|OMN|PAK|PHL|QAT|SAU|KOR|LKA|SYR|TWN|TJK|THA|TUR|TKM|ARE|UZB|VNM|YEM|ALB|AUT|BEL|BIH|BGR|HRV|CYP|CZE|DNK|FRA|DEU|GRC|HUN|ISL|IRL|ITA|MKD|MDA|MNE|NLD|POL|PRT|ROU|SRB|SVK|SVN|ESP|CHE|UKR|GBR|BHS|CAN|CRI|CUB|DOM|SLV|GTM|HTI|HND|JAM|MEX|NIC|PAN|USA|AUS|NZL|PNG|ARG|BOL|BRA|CHL|COL|ECU|PRY|PER|SUR|URY|VEN,Northern Europe,11,6
FRA,France,97,135,AGO|BEN|BWA|BFA|BDI|CMR|CAF|TCD|COG|COD|CIV|DJI|EGY|GNQ|ERI|ETH|GAB|GHA|GIN|GNB|KEN|LSO|LBR|LBY|MDG|MWI|MLI|MRT|MAR|MOZ|NAM|NER|NGA|RWA|SEN|SLE|SOM|ZAF|SDN|SWZ|TZA|TGO|UGA|ZMB|ZWE|AFG|ARM|AZE|BGD|MMR|KHM|CHN|GEO|IND|IDN|IRN|IRQ|ISR|JPN|JOR|KAZ|LAO|LBN|MYS|MNG|NPL|OMN|PAK|PHL|QAT|SAU|KOR|LKA|SYR|TWN|TJK|THA|TUR|TKM|ARE|UZB|VNM|YEM|ALB|BLR|BIH|BGR|CYP|DNK|EST|FIN|GRC|HUN|ISL|LVA|LTU|MKD|MDA|MNE|NOR|POL|ROU|RUS|SRB|SVK|SWE|UKR|BHS|CAN|CRI|CUB|DOM|SLV|GTM|HTI|HND|JAM|MEX|NIC|PAN|USA|AUS|NZL|PNG|ARG|BOL|BRA|CHL|COL|ECU|PRY|PER|SUR|URY|VEN,Western Europe,19,7
DEU,Germany,98,129,DZA|AGO|BEN|BWA|BFA|BDI|CMR|CAF|TCD|COG|COD|CIV|DJI|EGY|GNQ|ERI|ETH|GAB|GHA|GIN|GNB|KEN|LSO|LBR|LBY|MDG|MWI|MLI|MRT|MAR|MOZ|NAM|NER|NGA|RWA|SEN|SLE|SOM|ZAF|SDN|SWZ|TZA|TGO|TUN|UGA|ZMB|ZWE|AFG|ARM|AZE|BGD|MMR|KHM|CHN|GEO|IND|IDN|IRN|IRQ|ISR|JPN|JOR|KAZ|LAO|LBN|MYS|MNG|NPL|OMN|PAK|PHL|QAT|SAU|KOR|LKA|SYR|TWN|TJK|THA|TUR|TKM|ARE|UZB|VNM|YEM|ALB|BLR|BGR|CYP|EST|FIN|GRC|ISL|IRL|MKD|MDA|MNE|PRT|ROU|ESP|UKR|BHS|CAN|CRI|CUB|DOM|SLV|GTM|HTI|HND|JAM|MEX|NIC|PAN|USA|AUS|NZL|PNG|ARG|BOL|BRA|CHL|COL|ECU|PRY|PER|SUR|URY|VEN,Western Europe,19,1
GRC,Greece,99,135,DZA|AGO|BEN|BWA|BFA|BDI|CMR|CAF|TCD|COG|COD|CIV|DJI|GNQ|ERI|ETH|GAB|GHA|GIN|GNB|KEN|LSO|LBR|MDG|MWI|MLI|MRT|MAR|MOZ|NAM|NER|NGA|RWA|SEN|SLE|SOM|ZAF|SDN|SWZ|TZA|TGO|TUN|UGA|ZMB|ZWE|AFG|ARM|AZE|BGD|MMR|KHM|CHN|GEO|IND|IDN|IRN|IRQ|ISR|JPN|JOR|KAZ|LAO|LBN|MYS|MNG|NPL|OMN|PAK|PHL|QAT|SAU|KOR|LKA|SYR|TWN|TJK|THA|TKM|ARE|UZB|VNM|YEM|AUT|BLR|BEL|CZE|DNK|EST|FIN|FRA|DEU|HUN|ISL|IRL|LVA|LTU|NLD|NOR|POL|PRT|RUS|SVK|SVN|ESP|SWE|CHE|GBR|BHS|CAN|CRI|CUB|DOM|SLV|GTM|HTI|HND|JAM|MEX|NIC|PAN|USA|AUS|NZL|PNG|ARG|BOL|BRA|CHL|COL|ECU|PRY|PER|SUR|URY|VEN,Southern Europe,16,6
HUN,Hungary,100,131,DZA|AGO|BEN|BWA|BFA|BDI|CMR|CAF|TCD|COG|COD|CIV|DJI|EGY|GNQ|ERI|ETH|GAB|GHA|GIN|GNB|KEN|LSO|LBR|LBY|MDG|MWI|MLI|MRT|MAR|MOZ|NAM|NER|NGA|RWA|SEN|SLE|SOM|ZAF|SDN|SWZ|TZA|TGO|TUN|UGA|ZMB|ZWE|AFG|ARM|AZE|BGD|MMR|KHM|CHN|GEO|IND|IDN|IRN|IRQ|ISR|JPN|JOR|KAZ|LAO|LBN|MYS|MNG|NPL|OMN|PAK|PHL|QAT|SAU|KOR|LKA|SYR|TWN|TJK|THA|TUR|TKM|ARE|UZB|VNM|YEM|BEL|CYP|DNK|EST|FIN|FRA|GRC|ISL|IRL|LVA|LTU|NLD|NOR|PRT|RUS|ESP|SWE|GBR|BHS|CAN|CRI|CUB|DOM|SLV|GTM|HTI|HND|JAM|MEX|NIC|PAN|USA|AUS|NZL|PNG|ARG|BOL|BRA|CHL|COL|ECU|PRY|PER|SUR|URY|VEN,Eastern Europe,6,4
ISL,Iceland,101,150,DZA|AGO|BEN|BWA|BFA|BDI|CMR|CAF|TCD|COG|COD|CIV|DJI|EGY|GNQ|ERI|ETH|GAB|GHA|GIN|GNB|KEN|LSO|LBR|LBY|MDG|MWI|MLI|MRT|MAR|MOZ|NAM|NER|NGA|RWA|SEN|SLE|SOM|ZAF|SDN|SWZ|TZA|TGO|TUN|UGA|ZMB|ZWE|AFG|ARM|AZE|BGD|MMR|KHM|CHN|GEO|IND|IDN|IRN|IRQ|ISR|JPN|JOR|KAZ|LAO|LBN|MYS|MNG|NPL|OMN|PAK|PHL|QAT|SAU|KOR|LKA|SYR|TWN|TJK|THA|TUR|TKM|ARE|UZB|VNM|YEM|ALB|AUT|BLR|BEL|BIH|BGR|HRV|CYP|CZE|DNK|EST|FIN|FRA|DEU|GRC|HUN|IRL|ITA|LVA|LTU|MKD|MDA|MNE|NLD|NOR|POL|PRT|ROU|RUS|SRB|SVK|SVN|ESP|SWE|CHE|UKR|GBR|BHS|CAN|CRI|CUB|DOM|SLV|GTM|HTI|HND|JAM|MEX|NIC|PAN|USA|AUS|NZL|PNG|ARG|BOL|BRA|CHL|COL|ECU|PRY|PER|SUR|URY|VEN,Northern Europe,11,6
IRL,Ireland,102,148,DZA|AGO|BEN|BWA|BFA|BDI|CMR|CAF|TCD|COG|COD|CIV|DJI|EGY|GNQ|ERI|ETH|GAB|GHA|GIN|GNB|KEN|LSO|LBR|LBY|MDG|MWI|MLI|MRT|MAR|MOZ|NAM|NER|NGA|RWA|SEN|SLE|SOM|ZAF|SDN|SWZ|TZA|TGO|TUN|UGA|ZMB|ZWE|AFG|ARM|AZE|BGD|MMR|KHM|CHN|GEO|IND|IDN|IRN|IRQ|ISR|JPN|JOR|KAZ|LAO|LBN|MYS|MNG|NPL|OMN|PAK|PHL|QAT|SAU|KOR|LKA|SYR|TWN|TJK|THA|TUR|TKM|ARE|UZB|VNM|YEM|ALB|AUT|BLR|BEL|BIH|BGR|HRV|CYP|CZE|DNK|EST|FIN|DEU|GRC|HUN|ISL|ITA|LVA|LTU|MKD|MDA|MNE|NLD|NOR|POL|PRT|ROU|RUS|SRB|SVK|SVN|ESP|SWE|CHE|UKR|BHS|CAN|CRI|CUB|DOM|SLV|GTM|HTI|HND|JAM|MEX|NIC|PAN|USA|AUS|NZL|PNG|ARG|BOL|BRA|CHL|COL|ECU|PRY|PER|SUR|URY|VEN,Northern Europe,11,7
ITA,Italy,103,127,AGO|BEN|BWA|BFA|BDI|CMR|CAF|TCD|COG|COD|CIV|DJI|EGY|GNQ|ERI|ETH|GAB|GHA|GIN|GNB|KEN|LSO|LBR|MDG|MWI|MLI|MRT|MAR|MOZ|NAM|NER|NGA|RWA|SEN|SLE|SOM|ZAF|SDN|SWZ|TZA|TGO|UGA|ZMB|ZWE|AFG|ARM|AZE|BGD|MMR|KHM|CHN|GEO|IND|IDN|IRN|IRQ|ISR|JPN|JOR|KAZ|LAO|LBN|MYS|MNG|NPL|OMN|PAK|PHL|QAT|SAU|KOR|LKA|SYR|TWN|TJK|THA|TUR|TKM|ARE|UZB|VNM|YEM|BLR|CYP|DNK|EST|FIN|ISL|IRL|LVA|LTU|MDA|NOR|PRT|ROU|RUS|SWE|UKR|GBR|BHS|CAN|CRI|CUB|DOM|SLV|GTM|HTI|HND|JAM|MEX|NIC|PAN|USA|AUS|NZL|PNG|ARG|BOL|BRA|CHL|COL|ECU|PRY|PER|SUR|URY|VEN,Southern Europe,16,0
LVA,Latvia,104,140,DZA|AGO|BEN|BWA|BFA|BDI|CMR|CAF|TCD|COG|COD|CIV|DJI|EGY|GNQ|ERI|ETH|GAB|GHA|GIN|GNB|KEN|LSO|LBR|LBY|MDG|MWI|MLI|MRT|MAR|MOZ|NAM|NER|NGA|RWA|SEN|SLE|SOM|ZAF|SDN|SWZ|TZA|TGO|TUN|UGA|ZMB|ZWE|AFG|ARM|AZE|BGD|MMR|KHM|CHN|GEO|IND|IDN|IRN|IRQ|ISR|JPN|JOR|KAZ|LAO|LBN|MYS|MNG|NPL|OMN|PAK|PHL|QAT|SAU|KOR|LKA|SYR|TWN|TJK|THA|TUR|TKM|ARE|UZB|VNM|YEM|ALB|AUT|BEL|BIH|BGR|HRV|CYP|CZE|FRA|GRC|HUN|ISL|IRL|ITA|MKD|MDA|MNE|NLD|NOR|PRT|ROU|SRB|SVK|SVN|ESP|CHE|GBR|BHS|CAN|CRI|CUB|DOM|SLV|GTM|HTI|HND|JAM|MEX|NIC|PAN|USA|AUS|NZL|PNG|ARG|BOL|BRA|CHL|COL|ECU|PRY|PER|SUR|URY|VEN,Northern Europe,11,0
LTU,Lithuania,105,140,DZA|AGO|BEN|BWA|BFA|BDI|CMR|CAF|TCD|COG|COD|CIV|DJI|EGY|GNQ|ERI|ETH|GAB|GHA|GIN|GNB|KEN|LSO|LBR|LBY|MDG|MWI|MLI|MRT|MAR|MOZ|NAM|NER|NGA|RWA|SEN|SLE|SOM|ZAF|SDN|SWZ|TZA|TGO|TUN|UGA|ZMB|ZWE|AFG|ARM|AZE|BGD|MMR|KHM|CHN|GEO|IND|IDN|IRN|IRQ|ISR|JPN|JOR|KAZ|LAO|LBN|MYS|MNG|NPL|OMN|PAK|PHL|QAT|SAU|KOR|LKA|SYR|TWN|TJK|THA|TUR|TKM|ARE|UZB|VNM|YEM|ALB|AUT|BEL|BIH|BGR|HRV|CYP|CZE|FRA|GRC|HUN|ISL|IRL|ITA|MKD|MDA|MNE|NLD|NOR|PRT|ROU|SRB|SVK|SVN|ESP|CHE|GBR|BHS|CAN|CRI|CUB|DOM|SLV|GTM|HTI|HND|JAM|MEX|NIC|PAN|USA|AUS|NZL|PNG|ARG|BOL|BRA|CHL|COL|ECU|PRY|PER|SUR|URY|VEN,Northern Europe,11,0
MKD,Macedonia,106,139,DZA|AGO|BEN|BWA|BFA|BDI|CMR|CAF|TCD|COG|COD|CIV|DJI|EGY|GNQ|ERI|ETH|GAB|GHA|GIN|GNB|KEN|LSO|LBR|LBY|MDG|MWI|MLI|MRT|MAR|MOZ|NAM|NER|NGA|RWA|SEN|SLE|SOM|ZAF|SDN|SWZ|TZA|TGO|TUN|UGA|ZMB|ZWE|AFG|ARM|AZE|BGD|MMR|KHM|CHN|GEO|IND|IDN|IRN|IRQ|ISR|JPN|JOR|KAZ|LAO|LBN|MYS|MNG|NPL|OMN|PAK|PHL|QAT|SAU|KOR|LKA|SYR|TWN|TJK|THA|TKM|ARE|UZB|VNM|YEM|AUT|BLR|BEL|CYP|CZE|DNK|EST|FIN|FRA|DEU|ISL|IRL|LVA|LTU|MDA|NLD|NOR|POL|PRT|RUS|SVK|SVN|ESP|SWE|CHE|UKR|GBR|BHS|CAN|CRI|CUB|DOM|SLV|GTM|HTI|HND|JAM|MEX|NIC|PAN|USA|AUS|NZL|PNG|ARG|BOL|BRA|CHL|COL|ECU|PRY|PER|SUR|URY|VEN,Southern Europe,16,2
MDA,Moldova,107,139,DZA|AGO|BEN|BWA|BFA|BDI|CMR|CAF|TCD|COG|COD|CIV|DJI|EGY|GNQ|ERI|ETH|GAB|GHA|GIN|GNB|KEN|LSO|LBR|LBY|MDG|MWI|MLI|MRT|MAR|MOZ|NAM|NER|NGA|RWA|SEN|SLE|SOM|ZAF|SDN|SWZ|TZA|TGO|TUN|UGA|ZMB|ZWE|AFG|ARM|AZE|BGD|MMR|KHM|CHN|GEO|IND|IDN|IRN|IRQ|ISR|JPN|JOR|KAZ|LAO|LBN|MYS|MNG|NPL|OMN|PAK|PHL|QAT|SAU|KOR|LKA|SYR|TWN|TJK|THA|TKM|ARE|UZB|VNM|YEM|ALB|AUT|BEL|BIH|HRV|CYP|CZE|DNK|EST|FIN|FRA|DEU|ISL|IRL|ITA|LVA|LTU|MKD|MNE|NLD|NOR|PRT|SVN|ESP|SWE|CHE|GBR|BHS|CAN|CRI|CUB|DOM|SLV|GTM|HTI|HND|JAM|MEX|NIC|PAN|USA|AUS|NZL|PNG|ARG|BOL|BRA|CHL|COL|ECU|PRY|PER|SUR|URY|VEN,Eastern Europe,6,5
MNE,Montenegro,108,137,DZA|AGO|BEN|BWA|BFA|BDI|CMR|CAF|TCD|COG|COD|CIV|DJI|EGY|GNQ|ERI|ETH|GAB|GHA|GIN|GNB|KEN|LSO|LBR|LBY|MDG|MWI|MLI|MRT|MAR|MOZ|NAM|NER|NGA|RWA|SEN|SLE|SOM|ZAF|SDN|SWZ|TZA|TGO|TUN|UGA|ZMB|ZWE|AFG|ARM|AZE|BGD|MMR|KHM|CHN|GEO|IND|IDN|IRN|IRQ|ISR|JPN|JOR|KAZ|LAO|LBN|MYS|MNG|NPL|OMN|PAK|PHL|QAT|SAU|KOR|LKA|SYR|TWN|TJK|THA|TUR|TKM|ARE|UZB|VNM|YEM|BLR|BEL|CYP|CZE|DNK|EST|FIN|FRA|DEU|ISL|IRL|LVA|LTU|MDA|NLD|NOR|POL|PRT|RUS|ESP|SWE|CHE|UKR|GBR|BHS|CAN|CRI|CUB|DOM|SLV|GTM|HTI|HND|JAM|MEX|NIC|PAN|USA|AUS|NZL|PNG|ARG|BOL|BRA|CHL|COL|ECU|PRY|PER|SUR|URY|VEN,Southern Europe,16,6
NLD,Netherlands,109,138,DZA|AGO|BEN|BWA|BFA|BDI|CMR|CAF|TCD|COG|COD|CIV|DJI|EGY|GNQ|ERI|ETH|GAB|GHA|GIN|GNB|KEN|LSO|LBR|LBY|MDG|MWI|MLI|MRT|MAR|MOZ|NAM|NER|NGA|RWA|SEN|SLE|SOM|ZAF|SDN|SWZ|TZA|TGO|TUN|UGA|ZMB|ZWE|AFG|ARM|AZE|BGD|MMR|KHM|CHN|GEO|IND|IDN|IRN|IRQ|ISR|JPN|JOR|KAZ|LAO|LBN|MYS|MNG|NPL|OMN|PAK|PHL|QAT|SAU|KOR|LKA|SYR|TWN|TJK|THA|TUR|TKM|ARE|UZB|VNM|YEM|ALB|BLR|BIH|BGR|HRV|CYP|EST|FIN|GRC|HUN|ISL|IRL|LVA|LTU|MKD|MDA|MNE|PRT|ROU|RUS|SRB|SVK|SVN|ESP|UKR|BHS|CAN|CRI|CUB|DOM|SLV|GTM|HTI|HND|JAM|MEX|NIC|PAN|USA|AUS|NZL|PNG|ARG|BOL|BRA|CHL|COL|ECU|PRY|PER|SUR|URY|VEN,Western Europe,19,3
NOR,Norway,110,143,DZA|AGO|BEN|BWA|BFA|BDI|CMR|CAF|TCD|COG|COD|CIV|DJI|EGY|GNQ|ERI|ETH|GAB|GHA|GIN|GNB|KEN|LSO|LBR|LBY|MDG|MWI|MLI|MRT|MAR|MOZ|NAM|NER|NGA|RWA|SEN|SLE|SOM|ZAF|SDN|SWZ|TZA|TGO|TUN|UGA|ZMB|ZWE|AFG|ARM|AZE|BGD|MMR|KHM|CHN|GEO|IND|IDN|IRN|IRQ|ISR|JPN|JOR|KAZ|LAO|LBN|MYS|MNG|NPL|OMN|PAK|PHL|QAT|SAU|KOR|LKA|SYR|TWN|TJK|THA|TUR|TKM|ARE|UZB|VNM|YEM|ALB|AUT|BLR|BEL|BIH|BGR|HRV|CYP|CZE|EST|FRA|GRC|HUN|ISL|IRL|ITA|LVA|LTU|MKD|MDA|MNE|POL|PRT|ROU|SRB|SVK|SVN|ESP|CHE|UKR|BHS|CAN|CRI|CUB|DOM|SLV|GTM|HTI|HND|JAM|MEX|NIC|PAN|USA|AUS|NZL|PNG|ARG|BOL|BRA|CHL|COL|ECU|PRY|PER|SUR|URY|VEN,Northern Europe,11,6
POL,Poland,111,129,DZA|AGO|BEN|BWA|BFA|BDI|CMR|CAF|TCD|COG|COD|CIV|DJI|EGY|GNQ|ERI|ETH|GAB|GHA|GIN|GNB|KEN|LSO|LBR|LBY|MDG|MWI|MLI|MRT|MAR|MOZ|NAM|NER|NGA|RWA|SEN|SLE|SOM|ZAF|SDN|SWZ|TZA|TGO|TUN|UGA|ZMB|ZWE|AFG|ARM|AZE|BGD|MMR|KHM|CHN|GEO|IND|IDN|IRN|IRQ|ISR|JPN|JOR|KAZ|LAO|LBN|MYS|MNG|NPL|OMN|PAK|PHL|QAT|SAU|KOR|LKA|SYR|TWN|TJK|THA|TUR|TKM|ARE|UZB|VNM|YEM|ALB|BEL|BGR|CYP|FIN|FRA|GRC|ISL|IRL|MKD|MNE|NOR|PRT|ESP|CHE|GBR|BHS|CAN|CRI|CUB|DOM|SLV|GTM|HTI|HND|JAM|MEX|NIC|PAN|USA|AUS|NZL|PNG|ARG|BOL|BRA|CHL|COL|ECU|PRY|PER|SUR|URY|VEN,Eastern Europe,6,1
PRT,Portugal,112,147,DZA|AGO|BEN|BWA|BFA|BDI|CMR|CAF|TCD|COG|COD|CIV|DJI|EGY|GNQ|ERI|ETH|GAB|GHA|GIN|GNB|KEN|LSO|LBR|LBY|MDG|MWI|MLI|MRT|MOZ|NAM|NER|NGA|RWA|SEN|SLE|SOM|ZAF|SDN|SWZ|TZA|TGO|TUN|UGA|ZMB|ZWE|AFG|ARM|AZE|BGD|MMR|KHM|CHN|GEO|IND|IDN|IRN|IRQ|ISR|JPN|JOR|KAZ|LAO|LBN|MYS|MNG|NPL|OMN|PAK|PHL|QAT|SAU|KOR|LKA|SYR|TWN|TJK|THA|TUR|TKM|ARE|UZB|VNM|YEM|ALB|AUT|BLR|BEL|BIH|BGR|HRV|CYP|CZE|DNK|EST|FIN|DEU|GRC|HUN|ISL|IRL|ITA|LVA|LTU|MKD|MDA|MNE|NLD|NOR|POL|ROU|RUS|SRB|SVK|SVN|SWE|CHE|UKR|GBR|BHS|CAN|CRI|CUB|DOM|SLV|GTM|HTI|HND|JAM|MEX|NIC|PAN|USA|AUS|NZL|PNG|ARG|BOL|BRA|CHL|COL|ECU|PRY|PER|SUR|URY|VEN,Southern Europe,16,1
ROU,Romania,113,132,DZA|AGO|BEN|BWA|BFA|BDI|CMR|CAF|TCD|COG|COD|CIV|DJI|EGY|GNQ|ERI|ETH|GAB|GHA|GIN|GNB|KEN|LSO|LBR|LBY|MDG|MWI|MLI|MRT|MAR|MOZ|NAM|NER|NGA|RWA|SEN|SLE|SOM|ZAF|SDN|SWZ|TZA|TGO|TUN|UGA|ZMB|ZWE|AFG|ARM|AZE|BGD|MMR|KHM|CHN|GEO|IND|IDN|IRN|IRQ|ISR|JPN|JOR|KAZ|LAO|LBN|MYS|MNG|NPL|OMN|PAK|PHL|QAT|SAU|KOR|LKA|SYR|TWN|TJK|THA|TKM|ARE|UZB|VNM|YEM|BEL|CYP|DNK|EST|FIN|FRA|DEU|ISL|IRL|ITA|LVA|LTU|NLD|NOR|PRT|RUS|ESP|SWE|CHE|GBR|BHS|CAN|CRI|CUB|DOM|SLV|GTM|HTI|HND|JAM|MEX|NIC|PAN|USA|AUS|NZL|PNG|ARG|BOL|BRA|CHL|COL|ECU|PRY|PER|SUR|URY|VEN,Eastern Europe,6,2
RUS,Russia,114,124,DZA|AGO|BEN|BWA|BFA|BDI|CMR|CAF|TCD|COG|COD|CIV|DJI|EGY|GNQ|ERI|ETH|GAB|GHA|GIN|GNB|KEN|LSO|LBR|LBY|MDG|MWI|MLI|MRT|MAR|MOZ|NAM|NER|NGA|RWA|SEN|SLE|SOM|ZAF|SDN|SWZ|TZA|TGO|TUN|UGA|ZMB|ZWE|AFG|BGD|MMR|KHM|IND|IDN|ISR|JOR|LAO|LBN|MYS|NPL|OMN|PAK|PHL|QAT|SAU|LKA|SYR|TWN|TJK|THA|ARE|UZB|VNM|YEM|ALB|AUT|BEL|BIH|BGR|HRV|CYP|FRA|GRC|HUN|ISL|IRL|ITA|MKD|MNE|NLD|PRT|ROU|SRB|SVK|SVN|ESP|CHE|GBR|BHS|CAN|CRI|CUB|DOM|SLV|GTM|HTI|HND|JAM|MEX|NIC|PAN|AUS|NZL|PNG|ARG|BOL|BRA|CHL|COL|ECU|PRY|PER|SUR|URY|VEN,Eastern Europe,6,9
SRB,Serbia,115,131,DZA|AGO|BEN|BWA|BFA|BDI|CMR|CAF|TCD|COG|COD|CIV|DJI|EGY|GNQ|ERI|ETH|GAB|GHA|GIN|GNB|KEN|LSO|LBR|LBY|MDG|MWI|MLI|MRT|MAR|MOZ|NAM|NER|NGA|RWA|SEN|SLE|SOM|ZAF|SDN|SWZ|TZA|TGO|TUN|UGA|ZMB|ZWE|AFG|ARM|AZE|BGD|MMR|KHM|CHN|GEO|IND|IDN|IRN|IRQ|ISR|JPN|JOR|KAZ|LAO|LBN|MYS|MNG|NPL|OMN|PAK|PHL|QAT|SAU|KOR|LKA|SYR|TWN|TJK|THA|TKM|ARE|UZB|VNM|YEM|BLR|BEL|CYP|DNK|EST|FIN|FRA|ISL|IRL|LVA|LTU|NLD|NOR|PRT|RUS|ESP|SWE|CHE|GBR|BHS|CAN|CRI|CUB|DOM|SLV|GTM|HTI|HND|JAM|MEX|NIC|PAN|USA|AUS|NZL|PNG|ARG|BOL|BRA|CHL|COL|ECU|PRY|PER|SUR|URY|VEN,Southern Europe,16,9
SVK,Slovakia,116,133,DZA|AGO|BEN|BWA|BFA|BDI|CMR|CAF|TCD|COG|COD|CIV|DJI|EGY|GNQ|ERI|ETH|GAB|GHA|GIN|GNB|KEN|LSO|LBR|LBY|MDG|MWI|MLI|MRT|MAR|MOZ|NAM|NER|NGA|RWA|SEN|SLE|SOM|ZAF|SDN|SWZ|TZA|TGO|TUN|UGA|ZMB|ZWE|AFG|ARM|AZE|BGD|MMR|KHM|CHN|GEO|IND|IDN|IRN|IRQ|ISR|JPN|JOR|KAZ|LAO|LBN|MYS|MNG|NPL|OMN|PAK|PHL|QAT|SAU|KOR|LKA|SYR|TWN|TJK|THA|TUR|TKM|ARE|UZB|VNM|YEM|ALB|BEL|CYP|DNK|EST|FIN|FRA|GRC|ISL|IRL|LVA|LTU|MKD|NLD|NOR|PRT|RUS|ESP|SWE|GBR|BHS|CAN|CRI|CUB|DOM|SLV|GTM|HTI|HND|JAM|MEX|NIC|PAN|USA|AUS|NZL|PNG|ARG|BOL|BRA|CHL|COL|ECU|PRY|PER|SUR|URY|VEN,Eastern Europe,6,7
SVN,Slovenia,117,134,DZA|AGO|BEN|BWA|BFA|BDI|CMR|CAF|TCD|COG|COD|CIV|DJI|EGY|GNQ|ERI|ETH|GAB|GHA|GIN|GNB|KEN|LSO|LBR|LBY|MDG|MWI|MLI|MRT|MAR|MOZ|NAM|NER|NGA|RWA|SEN|SLE|SOM|ZAF|SDN|SWZ|TZA|TGO|TUN|UGA|ZMB|ZWE|AFG|ARM|AZE|BGD|MMR|KHM|CHN|GEO|IND|IDN|IRN|IRQ|ISR|JPN|JOR|KAZ|LAO|LBN|MYS|MNG|NPL|OMN|PAK|PHL|QAT|SAU|KOR|LKA|SYR|TWN|TJK|THA|TUR|TKM|ARE|UZB|VNM|YEM|BLR|BEL|BGR|CYP|DNK|EST|FIN|GRC|ISL|IRL|LVA|LTU|MKD|MDA|NLD|NOR|PRT|RUS|ESP|SWE|GBR|BHS|CAN|CRI|CUB|DOM|SLV|GTM|HTI|HND|JAM|MEX|NIC|PAN|USA|AUS|NZL|PNG|ARG|BOL|BRA|CHL|COL|ECU|PRY|PER|SUR|URY|VEN,Southern Europe,16,1
ESP,Spain,118,142,AGO|BEN|BWA|BFA|BDI|CMR|CAF|TCD|COG|COD|CIV|DJI|EGY|GNQ|ERI|ETH|GAB|GHA|GIN|GNB|KEN|LSO|LBR|LBY|MDG|MWI|MLI|MOZ|NAM|NER|NGA|RWA|SEN|SLE|SOM|ZAF|SDN|SWZ|TZA|TGO|UGA|ZMB|ZWE|AFG|ARM|AZE|BGD|MMR|KHM|CHN|GEO|IND|IDN|IRN|IRQ|ISR|JPN|JOR|KAZ|LAO|LBN|MYS|MNG|NPL|OMN|PAK|PHL|QAT|SAU|KOR|LKA|SYR|TWN|TJK|THA|TUR|TKM|ARE|UZB|VNM|YEM|ALB|AUT|BLR|BEL|BIH|BGR|HRV|CYP|CZE|DNK|EST|FIN|DEU|GRC|HUN|ISL|IRL|LVA|LTU|MKD|MDA|MNE|NLD|NOR|POL|ROU|RUS|SRB|SVK|SVN|SWE|UKR|GBR|BHS|CAN|CRI|CUB|DOM|SLV|GTM|HTI|HND|JAM|MEX|NIC|PAN|USA|AUS|NZL|PNG|ARG|BOL|BRA|CHL|COL|ECU|PRY|PER|SUR|URY|VEN,Southern Europe,16,0
SWE,Sweden,119,138,DZA|AGO|BEN|BWA|BFA|BDI|CMR|CAF|TCD|COG|COD|CIV|DJI|EGY|GNQ|ERI|ETH|GAB|GHA|GIN|GNB|KEN|LSO|LBR|LBY|MDG|MWI|MLI|MRT|MAR|MOZ|NAM|NER|NGA|RWA|SEN|SLE|SOM|ZAF|SDN|SWZ|TZA|TGO|TUN|UGA|ZMB|ZWE|AFG|ARM|AZE|BGD|MMR|KHM|CHN|GEO|IND|IDN|IRN|IRQ|ISR|JPN|JOR|KAZ|LAO|LBN|MYS|MNG|NPL|OMN|PAK|PHL|QAT|SAU|KOR|LKA|SYR|TWN|TJK|THA|TUR|TKM|ARE|UZB|VNM|YEM|ALB|AUT|BEL|BIH|BGR|HRV|CYP|FRA|GRC|HUN|ISL|IRL|ITA|MKD|MDA|MNE|PRT|ROU|SRB|SVK|SVN|ESP|CHE|UKR|GBR|BHS|CAN|CRI|CUB|DOM|SLV|GTM|HTI|HND|JAM|MEX|NIC|PAN|USA|AUS|NZL|PNG|ARG|BOL|BRA|CHL|COL|ECU|PRY|PER|SUR|URY|VEN,Northern Europe,11,6
CHE,Switzerland,120,137,DZA|AGO|BEN|BWA|BFA|BDI|CMR|CAF|TCD|COG|COD|CIV|DJI|EGY|GNQ|ERI|ETH|GAB|GHA|GIN|GNB|KEN|LSO|LBR|LBY|MDG|MWI|MLI|MRT|MAR|MOZ|NAM|NER|NGA|RWA|SEN|SLE|SOM|ZAF|SDN|SWZ|TZA|TGO|TUN|UGA|ZMB|ZWE|AFG|ARM|AZE|BGD|MMR|KHM|CHN|GEO|IND|IDN|IRN|IRQ|ISR|JPN|JOR|KAZ|LAO|LBN|MYS|MNG|NPL|OMN|PAK|PHL|QAT|SAU|KOR|LKA|SYR|TWN|TJK|THA|TUR|TKM|ARE|UZB|VNM|YEM|ALB|BLR|BGR|CYP|DNK|EST|FIN|GRC|ISL|IRL|LVA|LTU|MKD|MDA|MNE|NOR|POL|PRT|ROU|RUS|SRB|SWE|UKR|GBR|BHS|CAN|CRI|CUB|DOM|SLV|GTM|HTI|HND|JAM|MEX|NIC|PAN|USA|AUS|NZL|PNG|ARG|BOL|BRA|CHL|COL|ECU|PRY|PER|SUR|URY|VEN,Western Europe,19,6
UKR,Ukraine,121,130,DZA|AGO|BEN|BWA|BFA|BDI|CMR|CAF|TCD|COG|COD|CIV|DJI|EGY|GNQ|ERI|ETH|GAB|GHA|GIN|GNB|KEN|LSO|LBR|LBY|MDG|MWI|MLI|MRT|MAR|MOZ|NAM|NER|NGA|RWA|SEN|SLE|SOM|ZAF|SDN|SWZ|TZA|TGO|TUN|UGA|ZMB|ZWE|AFG|ARM|AZE|BGD|MMR|KHM|CHN|IND|IDN|IRN|IRQ|ISR|JPN|JOR|LAO|LBN|MYS|MNG|NPL|OMN|PAK|PHL|QAT|SAU|KOR|LKA|SYR|TWN|TJK|THA|TKM|ARE|UZB|VNM|YEM|ALB|BEL|CYP|DNK|EST|FIN|FRA|DEU|ISL|IRL|ITA|MKD|MNE|NLD|NOR|PRT|ESP|SWE|CHE|GBR|BHS|CAN|CRI|CUB|DOM|SLV|GTM|HTI|HND|JAM|MEX|NIC|PAN|USA|AUS|NZL|PNG|ARG|BOL|BRA|CHL|COL|ECU|PRY|PER|SUR|URY|VEN,Eastern Europe,6,1
GBR,United Kingdom,122,143,DZA|AGO|BEN|BWA|BFA|BDI|CMR|CAF|TCD|COG|COD|CIV|DJI|EGY|GNQ|ERI|ETH|GAB|GHA|GIN|GNB|KEN|LSO|LBR|LBY|MDG|MWI|MLI|MRT|MAR|MOZ|NAM|NER|NGA|RWA|SEN|SLE|SOM|ZAF|SDN|SWZ|TZA|TGO|TUN|UGA|ZMB|ZWE|AFG|ARM|AZE|BGD|MMR|KHM|CHN|GEO|IND|IDN|IRN|IRQ|ISR|JPN|JOR|KAZ|LAO|LBN|MYS|MNG|NPL|OMN|PAK|PHL|QAT|SAU|KOR|LKA|SYR|TWN|TJK|THA|TUR|TKM|ARE|UZB|VNM|YEM|ALB|AUT|BLR|BIH|BGR|HRV|CYP|CZE|EST|FIN|GRC|HUN|ISL|ITA|LVA|LTU|MKD|MDA|MNE|POL|PRT|ROU|RUS|SRB|SVK|SVN|ESP|SWE|CHE|UKR|BHS|CAN|CRI|CUB|DOM|SLV|GTM|HTI|HND|JAM|MEX|NIC|PAN|USA|AUS|NZL|PNG|ARG|BOL|BRA|CHL|COL|ECU|PRY|PER|SUR|URY|VEN,Northern Europe,11,2
BHS,Bahamas,123,145,DZA|AGO|BEN|BWA|BFA|BDI|CMR|CAF|TCD|COG|COD|CIV|DJI|EGY|GNQ|ERI|ETH|GAB|GHA|GIN|GNB|KEN|LSO|LBR|LBY|MDG|MWI|MLI|MRT|MAR|MOZ|NAM|NER|NGA|RWA|SEN|SLE|SOM|ZAF|SDN|SWZ|TZA|TGO|TUN|UGA|ZMB|ZWE|AFG|ARM|AZE|BGD|MMR|KHM|CHN|GEO|IND|IDN|IRN|IRQ|ISR|JPN|JOR|KAZ|LAO|LBN|MYS|MNG|NPL|OMN|PAK|PHL|QAT|SAU|KOR|LKA|SYR|TWN|TJK|THA|TUR|TKM|ARE|UZB|VNM|YEM|ALB|AUT|BLR|BEL|BIH|BGR|HRV|CYP|CZE|DNK|EST|FIN|FRA|DEU|GRC|HUN|ISL|IRL|ITA|LVA|LTU|MKD|MDA|MNE|NLD|NOR|POL|PRT|ROU|RUS|SRB|SVK|SVN|ESP|SWE|CHE|UKR|GBR|CAN|CRI|SLV|GTM|HND|MEX|NIC|PAN|AUS|NZL|PNG|ARG|BOL|BRA|CHL|COL|ECU|PRY|PER|SUR|URY|VEN,Caribbean,1,9
CAN,Canada,124,149,DZA|AGO|BEN|BWA|BFA|BDI|CMR|CAF|TCD|COG|COD|CIV|DJI|EGY|GNQ|ERI|ETH|GAB|GHA|GIN|GNB|KEN|LSO|LBR|LBY|MDG|MWI|MLI|MRT|MAR|MOZ|NAM|NER|NGA|RWA|SEN|SLE|SOM|ZAF|SDN|SWZ|TZA|TGO|TUN|UGA|ZMB|ZWE|AFG|ARM|AZE|BGD|MMR|KHM|CHN|GEO|IND|IDN|IRN|IRQ|ISR|JPN|JOR|KAZ|LAO|LBN|MYS|MNG|NPL|OMN|PAK|PHL|QAT|SAU|KOR|LKA|SYR|TWN|TJK|THA|TUR|TKM|ARE|UZB|VNM|YEM|ALB|AUT|BLR|BEL|BIH|BGR|HRV|CYP|CZE|DNK|EST|FIN|FRA|DEU|GRC|HUN|ISL|IRL|ITA|LVA|LTU|MKD|MDA|MNE|NLD|NOR|POL|PRT|ROU|RUS|SRB|SVK|SVN|ESP|SWE|CHE|UKR|GBR|BHS|CRI|CUB|DOM|SLV|GTM|HTI|HND|JAM|MEX|NIC|PAN|AUS|NZL|PNG|ARG|BOL|BRA|CHL|COL|ECU|PRY|PER|SUR|URY|VEN,Northern America,10,2
CRI,Costa Rica,125,145,DZA|AGO|BEN|BWA|BFA|BDI|CMR|CAF|TCD|COG|COD|CIV|DJI|EGY|GNQ|ERI|ETH|GAB|GHA|GIN|GNB|KEN|LSO|LBR|LBY|MDG|MWI|MLI|MRT|MAR|MOZ|NAM|NER|NGA|RWA|SEN|SLE|SOM|ZAF|SDN|SWZ|TZA|TGO|TUN|UGA|ZMB|ZWE|AFG|ARM|AZE|BGD|MMR|KHM|CHN|GEO|IND|IDN|IRN|IRQ|ISR|JPN|JOR|KAZ|LAO|LBN|MYS|MNG|NPL|OMN|PAK|PHL|QAT|SAU|KOR|LKA|SYR|TWN|TJK|THA|TUR|TKM|ARE|UZB|VNM|YEM|ALB|AUT|BLR|BEL|BIH|BGR|HRV|CYP|CZE|DNK|EST|FIN|FRA|DEU|GRC|HUN|ISL|IRL|ITA|LVA|LTU|MKD|MDA|MNE|NLD|NOR|POL|PRT|ROU|RUS|SRB|SVK|SVN|ESP|SWE|CHE|UKR|GBR|BHS|CAN|CUB|DOM|GTM|HTI|JAM|MEX|USA|AUS|NZL|PNG|ARG|BOL|BRA|CHL|ECU|PRY|PER|SUR|URY|VEN,Central America,2,2
CUB,Cuba,126,142,DZA|AGO|BEN|BWA|BFA|BDI|CMR|CAF|TCD|COG|COD|CIV|DJI|EGY|GNQ|ERI|ETH|GAB|GHA|GIN|GNB|KEN|LSO|LBR|LBY|MDG|MWI|MLI|MRT|MAR|MOZ|NAM|NER|NGA|RWA|SEN|SLE|SOM|ZAF|SDN|SWZ|TZA|TGO|TUN|UGA|ZMB|ZWE|AFG|ARM|AZE|BGD|MMR|KHM|CHN|GEO|IND|IDN|IRN|IRQ|ISR|JPN|JOR|KAZ|LAO|LBN|MYS|MNG|NPL|OMN|PAK|PHL|QAT|SAU|KOR|LKA|SYR|TWN|TJK|THA|TUR|TKM|ARE|UZB|VNM|YEM|ALB|AUT|BLR|BEL|BIH|BGR|HRV|CYP|CZE|DNK|EST|FIN|FRA|DEU|GRC|HUN|ISL|IRL|ITA|LVA|LTU|MKD|MDA|MNE|NLD|NOR|POL|PRT|ROU|RUS|SRB|SVK|SVN|ESP|SWE|CHE|UKR|GBR|CAN|CRI|SLV|GTM|NIC|PAN|AUS|NZL|PNG|ARG|BOL|BRA|CHL|ECU|PRY|PER|SUR|URY|VEN,Caribbean,1,6
DOM,Dominican Republic,127,146,DZA|AGO|BEN|BWA|BFA|BDI|CMR|CAF|TCD|COG|COD|CIV|DJI|EGY|GNQ|ERI|ETH|GAB|GHA|GIN|GNB|KEN|LSO|LBR|LBY|MDG|MWI|MLI|MRT|MAR|MOZ|NAM|NER|NGA|RWA|SEN|SLE|SOM|ZAF|SDN|SWZ|TZA|TGO|TUN|UGA|ZMB|ZWE|AFG|ARM|AZE|BGD|MMR|KHM|CHN|GEO|IND|IDN|IRN|IRQ|ISR|JPN|JOR|KAZ|LAO|LBN|MYS|MNG|NPL|OMN|PAK|PHL|QAT|SAU|KOR|LKA|SYR|TWN|TJK|THA|TUR|TKM|ARE|UZB|VNM|YEM|ALB|AUT|BLR|BEL|BIH|BGR|HRV|CYP|CZE|DNK|EST|FIN|FRA|DEU|GRC|HUN|ISL|IRL|ITA|LVA|LTU|MKD|MDA|MNE|NLD|NOR|POL|PRT|ROU|RUS|SRB|SVK|SVN|ESP|SWE|CHE|UKR|GBR|CAN|CRI|SLV|GTM|HND|MEX|NIC|PAN|USA|AUS|NZL|PNG|ARG|BOL|BRA|CHL|COL|ECU|PRY|PER|SUR|URY|VEN,Caribbean,1,9
SLV,El Salvador,128,145,DZA|AGO|BEN|BWA|BFA|BDI|CMR|CAF|TCD|COG|COD|CIV|DJI|EGY|GNQ|ERI|ETH|GAB|GHA|GIN|GNB|KEN|LSO|LBR|LBY|MDG|MWI|MLI|MRT|MAR|MOZ|NAM|NER|NGA|RWA|SEN|SLE|SOM|ZAF|SDN|SWZ|TZA|TGO|TUN|UGA|ZMB|ZWE|AFG|ARM|AZE|BGD|MMR|KHM|CHN|GEO|IND|IDN|IRN|IRQ|ISR|JPN|JOR|KAZ|LAO|LBN|MYS|MNG|NPL|OMN|PAK|PHL|QAT|SAU|KOR|LKA|SYR|TWN|TJK|THA|TUR|TKM|ARE|UZB|VNM|YEM|ALB|AUT|BLR|BEL|BIH|BGR|HRV|CYP|CZE|DNK|EST|FIN|FRA|DEU|GRC|HUN|ISL|IRL|ITA|LVA|LTU|MKD|MDA|MNE|NLD|NOR|POL|PRT|ROU|RUS|SRB|SVK|SVN|ESP|SWE|CHE|UKR|GBR|BHS|CAN|CUB|DOM|HTI|JAM|PAN|USA|AUS|NZL|PNG|ARG|BOL|BRA|CHL|COL|ECU|PRY|PER|SUR|URY|VEN,Central America,2,6
GTM,Guatemala,129,146,DZA|AGO|BEN|BWA|BFA|BDI|CMR|CAF|TCD|COG|COD|CIV|DJI|EGY|GNQ|ERI|ETH|GAB|GHA|GIN|GNB|KEN|LSO|LBR|LBY|MDG|MWI|MLI|MRT|MAR|MOZ|NAM|NER|NGA|RWA|SEN|SLE|SOM|ZAF|SDN|SWZ|TZA|TGO|TUN|UGA|ZMB|ZWE|AFG|ARM|AZE|BGD|MMR|KHM|CHN|GEO|IND|IDN|IRN|IRQ|ISR|JPN|JOR|KAZ|LAO|LBN|MYS|MNG|NPL|OMN|PAK|PHL|QAT|SAU|KOR|LKA|SYR|TWN|TJK|THA|TUR|TKM|ARE|UZB|VNM|YEM|ALB|AUT|BLR|BEL|BIH|BGR|HRV|CYP|CZE|DNK|EST|FIN|FRA|DEU|GRC|HUN|ISL|IRL|ITA|LVA|LTU|MKD|MDA|MNE|NLD|NOR|POL|PRT|ROU|RUS|SRB|SVK|SVN|ESP|SWE|CHE|UKR|GBR|BHS|CAN|CRI|CUB|DOM|HTI|JAM|PAN|USA|AUS|NZL|PNG|ARG|BOL|BRA|CHL|COL|ECU|PRY|PER|SUR|URY|VEN,Central America,2,8
HTI,Haiti,130,145,DZA|AGO|BEN|BWA|BFA|BDI|CMR|CAF|TCD|COG|COD|CIV|DJI|EGY|GNQ|ERI|ETH|GAB|GHA|GIN|GNB|KEN|LSO|LBR|LBY|MDG|MWI|MLI|MRT|MAR|MOZ|NAM|NER|NGA|RWA|SEN|SLE|SOM|ZAF|SDN|SWZ|TZA|TGO|TUN|UGA|ZMB|ZWE|AFG|ARM|AZE|BGD|MMR|KHM|CHN|GEO|IND|IDN|IRN|IRQ|ISR|JPN|JOR|KAZ|LAO|LBN|MYS|MNG|NPL|OMN|PAK|PHL|QAT|SAU|KOR|LKA|SYR|TWN|TJK|THA|TUR|TKM|ARE|UZB|VNM|YEM|ALB|AUT|BLR|BEL|BIH|BGR|HRV|CYP|CZE|DNK|EST|FIN|FRA|DEU|GRC|HUN|ISL|IRL|ITA|LVA|LTU|MKD|MDA|MNE|NLD|NOR|POL|PRT|ROU|RUS|SRB|SVK|SVN|ESP|SWE|CHE|UKR|GBR|CAN|CRI|SLV|GTM|HND|MEX|NIC|PAN|USA|AUS|NZL|PNG|ARG|BOL|BRA|CHL|ECU|PRY|PER|SUR|URY|VEN,Caribbean,1,4
HND,Honduras,131,142,DZA|AGO|BEN|BWA|BFA|BDI|CMR|CAF|TCD|COG|COD|CIV|DJI|EGY|GNQ|ERI|ETH|GAB|GHA|GIN|GNB|KEN|LSO|LBR|LBY|MDG|MWI|MLI|MRT|MAR|MOZ|NAM|NER|NGA|RWA|SEN|SLE|SOM|ZAF|SDN|SWZ|TZA|TGO|TUN|UGA|ZMB|ZWE|AFG|ARM|AZE|BGD|MMR|KHM|CHN|GEO|IND|IDN|IRN|IRQ|ISR|JPN|JOR|KAZ|LAO|LBN|MYS|MNG|NPL|OMN|PAK|PHL|QAT|SAU|KOR|LKA|SYR|TWN|TJK|THA|TUR|TKM|ARE|UZB|VNM|YEM|ALB|AUT|BLR|BEL|BIH|BGR|HRV|CYP|CZE|DNK|EST|FIN|FRA|DEU|GRC|HUN|ISL|IRL|ITA|LVA|LTU|MKD|MDA|MNE|NLD|NOR|POL|PRT|ROU|RUS|SRB|SVK|SVN|ESP|SWE|CHE|UKR|GBR|BHS|CAN|DOM|HTI|PAN|USA|AUS|NZL|PNG|ARG|BOL|BRA|CHL|ECU|PRY|PER|SUR|URY|VEN,Central America,2,3
JAM,Jamaica,132,144,DZA|AGO|BEN|BWA|BFA|BDI|CMR|CAF|TCD|COG|COD|CIV|DJI|EGY|GNQ|ERI|ETH|GAB|GHA|GIN|GNB|KEN|LSO|LBR|LBY|MDG|MWI|MLI|MRT|MAR|MOZ|NAM|NER|NGA|RWA|SEN|SLE|SOM|ZAF|SDN|SWZ|TZA|TGO|TUN|UGA|ZMB|ZWE|AFG|ARM|AZE|BGD|MMR|KHM|CHN|GEO|IND|IDN|IRN|IRQ|ISR|JPN|JOR|KAZ|LAO|LBN|MYS|MNG|NPL|OMN|PAK|PHL|QAT|SAU|KOR|LKA|SYR|TWN|TJK|THA|TUR|TKM|ARE|UZB|VNM|YEM|ALB|AUT|BLR|BEL|BIH|BGR|HRV|CYP|CZE|DNK|EST|FIN|FRA|DEU|GRC|HUN|ISL|IRL|ITA|LVA|LTU|MKD|MDA|MNE|NLD|NOR|POL|PRT|ROU|RUS|SRB|SVK|SVN|ESP|SWE|CHE|UKR|GBR|CAN|CRI|SLV|GTM|MEX|NIC|PAN|USA|AUS|NZL|PNG|ARG|BOL|BRA|CHL|ECU|PRY|PER|SUR|URY|VEN,Caribbean,1,9
MEX,Mexico,133,144,DZA|AGO|BEN|BWA|BFA|BDI|CMR|CAF|TCD|COG|COD|CIV|DJI|EGY|GNQ|ERI|ETH|GAB|GHA|GIN|GNB|KEN|LSO|LBR|LBY|MDG|MWI|MLI|MRT|MAR|MOZ|NAM|NER|NGA|RWA|SEN|SLE|SOM|ZAF|SDN|SWZ|TZA|TGO|TUN|UGA|ZMB|ZWE|AFG|ARM|AZE|BGD|MMR|KHM|CHN|GEO|IND|IDN|IRN|IRQ|ISR|JPN|JOR|KAZ|LAO|LBN|MYS|MNG|NPL|OMN|PAK|PHL|QAT|SAU|KOR|LKA|SYR|TWN|TJK|THA|TUR|TKM|ARE|UZB|VNM|YEM|ALB|AUT|BLR|BEL|BIH|BGR|HRV|CYP|CZE|DNK|EST|FIN|FRA|DEU|GRC|HUN|ISL|IRL|ITA|LVA|LTU|MKD|MDA|MNE|NLD|NOR|POL|PRT|ROU|RUS|SRB|SVK|SVN|ESP|SWE|CHE|UKR|GBR|BHS|CAN|CRI|DOM|HTI|JAM|PAN|AUS|NZL|PNG|ARG|BOL|BRA|CHL|COL|ECU|PRY|PER|SUR|URY|VEN,Central America,2,4
NIC,Nicaragua,134,143,DZA|AGO|BEN|BWA|BFA|BDI|CMR|CAF|TCD|COG|COD|CIV|DJI|EGY|GNQ|ERI|ETH|GAB|GHA|GIN|GNB|KEN|LSO|LBR|LBY|MDG|MWI|MLI|MRT|MAR|MOZ|NAM|NER|NGA|RWA|SEN|SLE|SOM|ZAF|SDN|SWZ|TZA|TGO|TUN|UGA|ZMB|ZWE|AFG|ARM|AZE|BGD|MMR|KHM|CHN|GEO|IND|IDN|IRN|IRQ|ISR|JPN|JOR|KAZ|LAO|LBN|MYS|MNG|NPL|OMN|PAK|PHL|QAT|SAU|KOR|LKA|SYR|TWN|TJK|THA|TUR|TKM|ARE|UZB|VNM|YEM|ALB|AUT|BLR|BEL|BIH|BGR|HRV|CYP|CZE|DNK|EST|FIN|FRA|DEU|GRC|HUN|ISL|IRL|ITA|LVA|LTU|MKD|MDA|MNE|NLD|NOR|POL|PRT|ROU|RUS|SRB|SVK|SVN|ESP|SWE|CHE|UKR|GBR|BHS|CAN|CUB|DOM|HTI|JAM|USA|AUS|NZL|PNG|ARG|BOL|BRA|CHL|ECU|PRY|PER|SUR|URY|VEN,Central America,2,5
PAN,Panama,135,146,DZA|AGO|BEN|BWA|BFA|BDI|CMR|CAF|TCD|COG|COD|CIV|DJI|EGY|GNQ|ERI|ETH|GAB|GHA|GIN|GNB|KEN|LSO|LBR|LBY|MDG|MWI|MLI|MRT|MAR|MOZ|NAM|NER|NGA|RWA|SEN|SLE|SOM|ZAF|SDN|SWZ|TZA|TGO|TUN|UGA|ZMB|ZWE|AFG|ARM|AZE|BGD|MMR|KHM|CHN|GEO|IND|IDN|IRN|IRQ|ISR|JPN|JOR|KAZ|LAO|LBN|MYS|MNG|NPL|OMN|PAK|PHL|QAT|SAU|KOR|LKA|SYR|TWN|TJK|THA|TUR|TKM|ARE|UZB|VNM|YEM|ALB|AUT|BLR|BEL|BIH|BGR|HRV|CYP|CZE|DNK|EST|FIN|FRA|DEU|GRC|HUN|ISL|IRL|ITA|LVA|LTU|MKD|MDA|MNE|NLD|NOR|POL|PRT|ROU|RUS|SRB|SVK|SVN|ESP|SWE|CHE|UKR|GBR|BHS|CAN|CUB|DOM|SLV|GTM|HTI|HND|JAM|MEX|USA|AUS|NZL|PNG|ARG|BOL|BRA|CHL|ECU|PRY|PER|SUR|URY,Central America,2,1
USA,United States,136,145,DZA|AGO|BEN|BWA|BFA|BDI|CMR|CAF|TCD|COG|COD|CIV|DJI|EGY|GNQ|ERI|ETH|GAB|GHA|GIN|GNB|KEN|LSO|LBR|LBY|MDG|MWI|MLI|MRT|MAR|MOZ|NAM|NER|NGA|RWA|SEN|SLE|SOM|ZAF|SDN|SWZ|TZA|TGO|TUN|UGA|ZMB|ZWE|AFG|ARM|AZE|BGD|MMR|KHM|CHN|GEO|IND|IDN|IRN|IRQ|ISR|JPN|JOR|KAZ|LAO|LBN|MYS|MNG|NPL|OMN|PAK|PHL|QAT|SAU|KOR|LKA|SYR|TWN|TJK|THA|TUR|TKM|ARE|UZB|VNM|YEM|ALB|AUT|BLR|BEL|BIH|BGR|HRV|CYP|CZE|DNK|EST|FIN|FRA|DEU|GRC|HUN|ISL|IRL|ITA|LVA|LTU|MKD|MDA|MNE|NLD|NOR|POL|PRT|ROU|SRB|SVK|SVN|ESP|SWE|CHE|UKR|GBR|CRI|DOM|SLV|GTM|HTI|HND|JAM|NIC|PAN|AUS|NZL|PNG|ARG|BOL|BRA|CHL|COL|ECU|PRY|PER|SUR|URY|VEN,Northern America,10,4
AUS,Australia,137,148,DZA|AGO|BEN|BWA|BFA|BDI|CMR|CAF|TCD|COG|COD|CIV|DJI|EGY|GNQ|ERI|ETH|GAB|GHA|GIN|GNB|KEN|LSO|LBR|LBY|MDG|MWI|MLI|MRT|MAR|MOZ|NAM|NER|NGA|RWA|SEN|SLE|SOM|ZAF|SDN|SWZ|TZA|TGO|TUN|UGA|ZMB|ZWE|AFG|ARM|AZE|BGD|MMR|KHM|CHN|GEO|IND|IRN|IRQ|ISR|JPN|JOR|KAZ|LAO|LBN|MYS|MNG|NPL|OMN|PAK|PHL|QAT|SAU|KOR|LKA|SYR|TWN|TJK|THA|TUR|TKM|ARE|UZB|VNM|YEM|ALB|AUT|BLR|BEL|BIH|BGR|HRV|CYP|CZE|DNK|EST|FIN|FRA|DEU|GRC|HUN|ISL|IRL|ITA|LVA|LTU|MKD|MDA|MNE|NLD|NOR|POL|PRT|ROU|RUS|SRB|SVK|SVN|ESP|SWE|CHE|UKR|GBR|BHS|CAN|CRI|CUB|DOM|SLV|GTM|HTI|HND|JAM|MEX|NIC|PAN|USA|NZL|ARG|BOL|BRA|CHL|COL|ECU|PRY|PER|SUR|URY|VEN,Australia and New Zealand,0,7
NZL,New Zealand,138,150,DZA|AGO|BEN|BWA|BFA|BDI|CMR|CAF|TCD|COG|COD|CIV|DJI|EGY|GNQ|ERI|ETH|GAB|GHA|GIN|GNB|KEN|LSO|LBR|LBY|MDG|MWI|MLI|MRT|MAR|MOZ|NAM|NER|NGA|RWA|SEN|SLE|SOM|ZAF|SDN|SWZ|TZA|TGO|TUN|UGA|ZMB|ZWE|AFG|ARM|AZE|BGD|MMR|KHM|CHN|GEO|IND|IDN|IRN|IRQ|ISR|JPN|JOR|KAZ|LAO|LBN|MYS|MNG|NPL|OMN|PAK|PHL|QAT|SAU|KOR|LKA|SYR|TWN|TJK|THA|TUR|TKM|ARE|UZB|VNM|YEM|ALB|AUT|BLR|BEL|BIH|BGR|HRV|CYP|CZE|DNK|EST|FIN|FRA|DEU|GRC|HUN|ISL|IRL|ITA|LVA|LTU|MKD|MDA|MNE|NLD|NOR|POL|PRT|ROU|RUS|SRB|SVK|SVN|ESP|SWE|CHE|UKR|GBR|BHS|CAN|CRI|CUB|DOM|SLV|GTM|HTI|HND|JAM|MEX|NIC|PAN|USA|AUS|PNG|ARG|BOL|BRA|CHL|COL|ECU|PRY|PER|SUR|URY|VEN,Australia and New Zealand,0,6
PNG,Papua New Guinea,139,148,DZA|AGO|BEN|BWA|BFA|BDI|CMR|CAF|TCD|COG|COD|CIV|DJI|EGY|GNQ|ERI|ETH|GAB|GHA|GIN|GNB|KEN|LSO|LBR|LBY|MDG|MWI|MLI|MRT|MAR|MOZ|NAM|NER|NGA|RWA|SEN|SLE|SOM|ZAF|SDN|SWZ|TZA|TGO|TUN|UGA|ZMB|ZWE|AFG|ARM|AZE|BGD|MMR|KHM|CHN|GEO|IND|IRN|IRQ|ISR|JPN|JOR|KAZ|LAO|LBN|MYS|MNG|NPL|OMN|PAK|PHL|QAT|SAU|KOR|LKA|SYR|TWN|TJK|THA|TUR|TKM|ARE|UZB|VNM|YEM|ALB|AUT|BLR|BEL|BIH|BGR|HRV|CYP|CZE|DNK|EST|FIN|FRA|DEU|GRC|HUN|ISL|IRL|ITA|LVA|LTU|MKD|MDA|MNE|NLD|NOR|POL|PRT|ROU|RUS|SRB|SVK|SVN|ESP|SWE|CHE|UKR|GBR|BHS|CAN|CRI|CUB|DOM|SLV|GTM|HTI|HND|JAM|MEX|NIC|PAN|USA|NZL|ARG|BOL|BRA|CHL|COL|ECU|PRY|PER|SUR|URY|VEN,Melanesia,7,7
ARG,Argentina,140,145,DZA|AGO|BEN|BWA|BFA|BDI|CMR|CAF|TCD|COG|COD|CIV|DJI|EGY|GNQ|ERI|ETH|GAB|GHA|GIN|GNB|KEN|LSO|LBR|LBY|MDG|MWI|MLI|MRT|MAR|MOZ|NAM|NER|NGA|RWA|SEN|SLE|SOM|ZAF|SDN|SWZ|TZA|TGO|TUN|UGA|ZMB|ZWE|AFG|ARM|AZE|BGD|MMR|KHM|CHN|GEO|IND|IDN|IRN|IRQ|ISR|JPN|JOR|KAZ|LAO|LBN|MYS|MNG|NPL|OMN|PAK|PHL|QAT|SAU|KOR|LKA|SYR|TWN|TJK|THA|TUR|TKM|ARE|UZB|VNM|YEM|ALB|AUT|BLR|BEL|BIH|BGR|HRV|CYP|CZE|DNK|EST|FIN|FRA|DEU|GRC|HUN|ISL|IRL|ITA|LVA|LTU|MKD|MDA|MNE|NLD|NOR|POL|PRT|ROU|RUS|SRB|SVK|SVN|ESP|SWE|CHE|UKR|GBR|BHS|CAN|CRI|CUB|DOM|SLV|GTM|HTI|HND|JAM|MEX|NIC|PAN|USA|AUS|NZL|PNG|COL|ECU|PER|SUR|VEN,South America,12,0
BOL,Bolivia,141,145,DZA|AGO|BEN|BWA|BFA|BDI|CMR|CAF|TCD|COG|COD|CIV|DJI|EGY|GNQ|ERI|ETH|GAB|GHA|GIN|GNB|KEN|LSO|LBR|LBY|MDG|MWI|MLI|MRT|MAR|MOZ|NAM|NER|NGA|RWA|SEN|SLE|SOM|ZAF|SDN|SWZ|TZA|TGO|TUN|UGA|ZMB|ZWE|AFG|ARM|AZE|BGD|MMR|KHM|CHN|GEO|IND|IDN|IRN|IRQ|ISR|JPN|JOR|KAZ|LAO|LBN|MYS|MNG|NPL|OMN|PAK|PHL|QAT|SAU|KOR|LKA|SYR|TWN|TJK|THA|TUR|TKM|ARE|UZB|VNM|YEM|ALB|AUT|BLR|BEL|BIH|BGR|HRV|CYP|CZE|DNK|EST|FIN|FRA|DEU|GRC|HUN|ISL|IRL|ITA|LVA|LTU|MKD|MDA|MNE|NLD|NOR|POL|PRT|ROU|RUS|SRB|SVK|SVN|ESP|SWE|CHE|UKR|GBR|BHS|CAN|CRI|CUB|DOM|SLV|GTM|HTI|HND|JAM|MEX|NIC|PAN|USA|AUS|NZL|PNG|COL|ECU|SUR|URY|VEN,South America,12,9
BRA,Brazil,142,141,DZA|AGO|BEN|BWA|BFA|BDI|CMR|CAF|TCD|COG|COD|CIV|DJI|EGY|GNQ|ERI|ETH|GAB|GHA|GIN|GNB|KEN|LSO|LBR|LBY|MDG|MWI|MLI|MRT|MAR|MOZ|NAM|NER|NGA|RWA|SEN|SLE|SOM|ZAF|SDN|SWZ|TZA|TGO|TUN|UGA|ZMB|ZWE|AFG|ARM|AZE|BGD|MMR|KHM|CHN|GEO|IND|IDN|IRN|IRQ|ISR|JPN|JOR|KAZ|LAO|LBN|MYS|MNG|NPL|OMN|PAK|PHL|QAT|SAU|KOR|LKA|SYR|TWN|TJK|THA|TUR|TKM|ARE|UZB|VNM|YEM|ALB|AUT|BLR|BEL|BIH|BGR|HRV|CYP|CZE|DNK|EST|FIN|FRA|DEU|GRC|HUN|ISL|IRL|ITA|LVA|LTU|MKD|MDA|MNE|NLD|NOR|POL|PRT|ROU|RUS|SRB|SVK|SVN|ESP|SWE|CHE|UKR|GBR|BHS|CAN|CRI|CUB|DOM|SLV|GTM|HTI|HND|JAM|MEX|NIC|PAN|USA|AUS|NZL|PNG|CHL,South America,12,3
CHL,Chile,143,146,DZA|AGO|BEN|BWA|BFA|BDI|CMR|CAF|TCD|COG|COD|CIV|DJI|EGY|GNQ|ERI|ETH|GAB|GHA|GIN|GNB|KEN|LSO|LBR|LBY|MDG|MWI|MLI|MRT|MAR|MOZ|NAM|NER|NGA|RWA|SEN|SLE|SOM|ZAF|SDN|SWZ|TZA|TGO|TUN|UGA|ZMB|ZWE|AFG|ARM|AZE|BGD|MMR|KHM|CHN|GEO|IND|IDN|IRN|IRQ|ISR|JPN|JOR|KAZ|LAO|LBN|MYS|MNG|NPL|OMN|PAK|PHL|QAT|SAU|KOR|LKA|SYR|TWN|TJK|THA|TUR|TKM|ARE|UZB|VNM|YEM|ALB|AUT|BLR|BEL|BIH|BGR|HRV|CYP|CZE|DNK|EST|FIN|FRA|DEU|GRC|HUN|ISL|IRL|ITA|LVA|LTU|MKD|MDA|MNE|NLD|NOR|POL|PRT|ROU|RUS|SRB|SVK|SVN|ESP|SWE|CHE|UKR|GBR|BHS|CAN|CRI|CUB|DOM|SLV|GTM|HTI|HND|JAM|MEX|NIC|PAN|USA|AUS|NZL|PNG|BRA|COL|ECU|SUR|URY|VEN,South America,12,7
COL,Colombia,144,139,DZA|AGO|BEN|BWA|BFA|BDI|CMR|CAF|TCD|COG|COD|CIV|DJI|EGY|GNQ|ERI|ETH|GAB|GHA|GIN|GNB|KEN|LSO|LBR|LBY|MDG|MWI|MLI|MRT|MAR|MOZ|NAM|NER|NGA|RWA|SEN|SLE|SOM|ZAF|SDN|SWZ|TZA|TGO|TUN|UGA|ZMB|ZWE|AFG|ARM|AZE|BGD|MMR|KHM|CHN|GEO|IND|IDN|IRN|IRQ|ISR|JPN|JOR|KAZ|LAO|LBN|MYS|MNG|NPL|OMN|PAK|PHL|QAT|SAU|KOR|LKA|SYR|TWN|TJK|THA|TUR|TKM|ARE|UZB|VNM|YEM|ALB|AUT|BLR|BEL|BIH|BGR|HRV|CYP|CZE|DNK|EST|FIN|FRA|DEU|GRC|HUN|ISL|IRL|ITA|LVA|LTU|MKD|MDA|MNE|NLD|NOR|POL|PRT|ROU|RUS|SRB|SVK|SVN|ESP|SWE|CHE|UKR|GBR|BHS|CAN|DOM|SLV|GTM|MEX|USA|AUS|NZL|PNG|ARG|BOL|CHL|PRY|SUR|URY,South America,12,1
ECU,Ecuador,145,147,DZA|AGO|BEN|BWA|BFA|BDI|CMR|CAF|TCD|COG|COD|CIV|DJI|EGY|GNQ|ERI|ETH|GAB|GHA|GIN|GNB|KEN|LSO|LBR|LBY|MDG|MWI|MLI|MRT|MAR|MOZ|NAM|NER|NGA|RWA|SEN|SLE|SOM|ZAF|SDN|SWZ|TZA|TGO|TUN|UGA|ZMB|ZWE|AFG|ARM|AZE|BGD|MMR|KHM|CHN|GEO|IND|IDN|IRN|IRQ|ISR|JPN|JOR|KAZ|LAO|LBN|MYS|MNG|NPL|OMN|PAK|PHL|QAT|SAU|KOR|LKA|SYR|TWN|TJK|THA|TUR|TKM|ARE|UZB|VNM|YEM|ALB|AUT|BLR|BEL|BIH|BGR|HRV|CYP|CZE|DNK|EST|FIN|FRA|DEU|GRC|HUN|ISL|IRL|ITA|LVA|LTU|MKD|MDA|MNE|NLD|NOR|POL|PRT|ROU|RUS|SRB|SVK|SVN|ESP|SWE|CHE|UKR|GBR|BHS|CAN|CRI|CUB|DOM|SLV|GTM|HTI|HND|JAM|MEX|NIC|PAN|USA|AUS|NZL|PNG|ARG|BOL|CHL|PRY|SUR|URY|VEN,South America,12,8
PRY,Paraguay,146,145,DZA|AGO|BEN|BWA|BFA|BDI|CMR|CAF|TCD|COG|COD|CIV|DJI|EGY|GNQ|ERI|ETH|GAB|GHA|GIN|GNB|KEN|LSO|LBR|LBY|MDG|MWI|MLI|MRT|MAR|MOZ|NAM|NER|NGA|RWA|SEN|SLE|SOM|ZAF|SDN|SWZ|TZA|TGO|TUN|UGA|ZMB|ZWE|AFG|ARM|AZE|BGD|MMR|KHM|CHN|GEO|IND|IDN|IRN|IRQ|ISR|JPN|JOR|KAZ|LAO|LBN|MYS|MNG|NPL|OMN|PAK|PHL|QAT|SAU|KOR|LKA|SYR|TWN|TJK|THA|TUR|TKM|ARE|UZB|VNM|YEM|ALB|AUT|BLR|BEL|BIH|BGR|HRV|CYP|CZE|DNK|EST|FIN|FRA|DEU|GRC|HUN|ISL|IRL|ITA|LVA|LTU|MKD|MDA|MNE|NLD|NOR|POL|PRT|ROU|RUS|SRB|SVK|SVN|ESP|SWE|CHE|UKR|GBR|BHS|CAN|CRI|CUB|DOM|SLV|GTM|HTI|HND|JAM|MEX|NIC|PAN|USA|AUS|NZL|PNG|COL|ECU|PER|SUR|VEN,South America,12,0
PER,Peru,147,145,DZA|AGO|BEN|BWA|BFA|BDI|CMR|CAF|TCD|COG|COD|CIV|DJI|EGY|GNQ|ERI|ETH|GAB|GHA|GIN|GNB|KEN|LSO|LBR|LBY|MDG|MWI|MLI|MRT|MAR|MOZ|NAM|NER|NGA|RWA|SEN|SLE|SOM|ZAF|SDN|SWZ|TZA|TGO|TUN|UGA|ZMB|ZWE|AFG|ARM|AZE|BGD|MMR|KHM|CHN|GEO|IND|IDN|IRN|IRQ|ISR|JPN|JOR|KAZ|LAO|LBN|MYS|MNG|NPL|OMN|PAK|PHL|QAT|SAU|KOR|LKA|SYR|TWN|TJK|THA|TUR|TKM|ARE|UZB|VNM|YEM|ALB|AUT|BLR|BEL|BIH|BGR|HRV|CYP|CZE|DNK|EST|FIN|FRA|DEU|GRC|HUN|ISL|IRL|ITA|LVA|LTU|MKD|MDA|MNE|NLD|NOR|POL|PRT|ROU|RUS|SRB|SVK|SVN|ESP|SWE|CHE|UKR|GBR|BHS|CAN|CRI|CUB|DOM|SLV|GTM|HTI|HND|JAM|MEX|NIC|PAN|USA|AUS|NZL|PNG|ARG|PRY|SUR|URY|VEN,South America,12,9
SUR,Suriname,148,148,DZA|AGO|BEN|BWA|BFA|BDI|CMR|CAF|TCD|COG|COD|CIV|DJI|EGY|GNQ|ERI|ETH|GAB|GHA|GIN|GNB|KEN|LSO|LBR|LBY|MDG|MWI|MLI|MRT|MAR|MOZ|NAM|NER|NGA|RWA|SEN|SLE|SOM|ZAF|SDN|SWZ|TZA|TGO|TUN|UGA|ZMB|ZWE|AFG|ARM|AZE|BGD|MMR|KHM|CHN|GEO|IND|IDN|IRN|IRQ|ISR|JPN|JOR|KAZ|LAO|LBN|MYS|MNG|NPL|OMN|PAK|PHL|QAT|SAU|KOR|LKA|SYR|TWN|TJK|THA|TUR|TKM|ARE|UZB|VNM|YEM|ALB|AUT|BLR|BEL|BIH|BGR|HRV|CYP|CZE|DNK|EST|FIN|FRA|DEU|GRC|HUN|ISL|IRL|ITA|LVA|LTU|MKD|MDA|MNE|NLD|NOR|POL|PRT|ROU|RUS|SRB|SVK|SVN|ESP|SWE|CHE|UKR|GBR|BHS|CAN|CRI|CUB|DOM|SLV|GTM|HTI|HND|JAM|MEX|NIC|PAN|USA|AUS|NZL|PNG|ARG|BOL|CHL|COL|ECU|PRY|PER|URY,South America,12,9
URY,Uruguay,149,147,DZA|AGO|BEN|BWA|BFA|BDI|CMR|CAF|TCD|COG|COD|CIV|DJI|EGY|GNQ|ERI|ETH|GAB|GHA|GIN|GNB|KEN|LSO|LBR|LBY|MDG|MWI|MLI|MRT|MAR|MOZ|NAM|NER|NGA|RWA|SEN|SLE|SOM|ZAF|SDN|SWZ|TZA|TGO|TUN|UGA|ZMB|ZWE|AFG|ARM|AZE|BGD|MMR|KHM|CHN|GEO|IND|IDN|IRN|IRQ|ISR|JPN|JOR|KAZ|LAO|LBN|MYS|MNG|NPL|OMN|PAK|PHL|QAT|SAU|KOR|LKA|SYR|TWN|TJK|THA|TUR|TKM|ARE|UZB|VNM|YEM|ALB|AUT|BLR|BEL|BIH|BGR|HRV|CYP|CZE|DNK|EST|FIN|FRA|DEU|GRC|HUN|ISL|IRL|ITA|LVA|LTU|MKD|MDA|MNE|NLD|NOR|POL|PRT|ROU|RUS|SRB|SVK|SVN|ESP|SWE|CHE|UKR|GBR|BHS|CAN|CRI|CUB|DOM|SLV|GTM|HTI|HND|JAM|MEX|NIC|PAN|USA|AUS|NZL|PNG|BOL|CHL|COL|ECU|PER|SUR|VEN,South America,12,3
VEN,Venezuela,150,146,DZA|AGO|BEN|BWA|BFA|BDI|CMR|CAF|TCD|COG|COD|CIV|DJI|EGY|GNQ|ERI|ETH|GAB|GHA|GIN|GNB|KEN|LSO|LBR|LBY|MDG|MWI|MLI|MRT|MAR|MOZ|NAM|NER|NGA|RWA|SEN|SLE|SOM|ZAF|SDN|SWZ|TZA|TGO|TUN|UGA|ZMB|ZWE|AFG|ARM|AZE|BGD|MMR|KHM|CHN|GEO|IND|IDN|IRN|IRQ|ISR|JPN|JOR|KAZ|LAO|LBN|MYS|MNG|NPL|OMN|PAK|PHL|QAT|SAU|KOR|LKA|SYR|TWN|TJK|THA|TUR|TKM|ARE|UZB|VNM|YEM|ALB|AUT|BLR|BEL|BIH|BGR|HRV|CYP|CZE|DNK|EST|FIN|FRA|DEU|GRC|HUN|ISL|IRL|ITA|LVA|LTU|MKD|MDA|MNE|NLD|NOR|POL|PRT|ROU|RUS|SRB|SVK|SVN|ESP|SWE|CHE|UKR|GBR|BHS|CAN|CRI|CUB|DOM|SLV|GTM|HTI|HND|JAM|MEX|NIC|USA|AUS|NZL|PNG|ARG|BOL|CHL|ECU|PRY|PER|URY,South America,12,5
