iso3,Country,terrestrial_area_km2,valid_area_km2,missing_area_km2,coverage,passes_0_98,n_support_cells,n_invalid_support_cells,missing_area_both_pre_and_pet_masked_km2,missing_area_pet_masked_pre_valid_km2,missing_area_pre_masked_pet_valid_km2,missing_area_temporal_partial_km2,missing_area_nonpositive_mean_km2,missing_area_masked_all_1500_months_km2,missing_cells_area_weighted_mean_151_country_land_fraction,missing_cells_max_151_country_land_fraction
DZA,Algeria,2314399.6540701627,2314350.7300433666,48.92402679596162,0.9999788610291614,True,903,2,0.0,48.92402679596162,0,0,0,48.92402679596162,0.01214285404037372,0.014619679742956158
AGO,Angola,1255422.9230849745,1255380.7863109945,42.136773980097985,0.9999664361919754,True,450,4,27.953000536650222,14.183773443447759,0,0,0,42.136773980097985,0.004530601682968978,0.005933303082703617
BEN,Benin,114531.48085091083,114531.48085091083,0.0,1.0,True,52,0,0.0,0.0,0,0,0,0.0,,
BWA,Botswana,579596.5065838462,579596.5065838462,0.0,1.0,True,219,0,0.0,0.0,0,0,0,0.0,,
BFA,Burkina Faso,276301.3446657295,276301.3446657295,0.0,1.0,True,105,0,0.0,0.0,0,0,0,0.0,,
BDI,Burundi,24950.97648597405,24950.97648597405,0.0,1.0,True,14,0,0.0,0.0,0,0,0,0.0,,
CMR,Cameroon,461707.74774887605,461707.74774887605,0.0,1.0,True,178,0,0.0,0.0,0,0,0,0.0,,
CAF,Central African Republic,623105.9093908592,623105.9093908592,0.0,1.0,True,224,0,0.0,0.0,0,0,0,0.0,,
TCD,Chad,1272599.6589388547,1272599.6589388547,0.0,1.0,True,458,0,0.0,0.0,0,0,0,0.0,,
COG,Congo,340981.56873713405,340979.94396149815,1.6247756359127472,0.9999952350045138,True,134,1,1.6247756359127472,0.0,0,0,0,1.6247756359127472,0.0005278485724588513,0.0005278485724588513
COD,Congo (Democratic Republic Of The),2301556.6931787813,2301556.6931787813,0.0,1.0,True,807,0,0.0,0.0,0,0,0,0.0,,
CIV,Côte D'Ivoire,321055.45409472036,321048.57431403355,6.879780686822067,0.9999785713632986,True,122,1,6.879780686822067,0.0,0,0,0,6.879780686822067,0.0022333612105454367,0.0022333612105454367
DJI,Djibouti,22046.795631038593,22046.795631038593,0.0,1.0,True,12,0,0.0,0.0,0,0,0,0.0,,
EGY,Egypt,997578.3068025362,997274.0026192316,304.3041833046254,0.9996949570963707,True,398,9,242.48375798133088,61.82042532329449,0,0,0,304.3041833046254,0.02177962205528546,0.03198346406280588
GNQ,Equatorial Guinea,27095.440164328564,27079.776075861628,15.664088466934341,0.9994218920832458,True,18,1,15.664088466934341,0.0,0,0,0,15.664088466934341,0.005068724820807359,0.005068724820807359
ERI,Eritrea,120700.07481728542,120178.16699807525,521.90781921018,0.9956759942361243,True,63,8,354.9369902520636,166.97082895811639,0,0,0,521.90781921018,0.04154671681839818,0.056269905684759536
ETH,Ethiopia,1127266.4671364443,1127266.4671364443,0.0,1.0,True,396,0,0.0,0.0,0,0,0,0.0,,
GAB,Gabon,268289.02853286813,268150.5380583317,138.49047453644903,0.9994838012001692,True,106,1,138.49047453644903,0.0,0,0,0,138.49047453644903,0.04483788121602859,0.04483788121602859
GHA,Ghana,229026.4018367001,228973.92349897802,52.47833772206215,0.9997708633707677,True,93,2,13.479760985341773,38.99857673672038,0,0,0,52.47833772206215,0.010533907977347795,0.012659983292360372
GIN,Guinea,246704.1990424227,246679.09536088508,25.103681537617145,0.999898243801139,True,99,2,25.103681537617145,0.0,0,0,0,25.103681537617145,0.00697074308728351,0.007542300086695665
GNB,Guinea Bissau,34238.115277493336,34236.33382612827,1.7814513650638206,0.9999479687666617,True,22,1,1.7814513650638206,0.0,0,0,0,1.7814513650638206,0.0005866155374573499,0.0005866155374573499
KEN,Kenya,581504.888869616,581418.3644217994,86.52444781655767,0.9998512059838659,True,210,1,0.0,86.52444781655767,0,0,0,86.52444781655767,0.02802395895869091,0.028023958958690906
LSO,Lesotho,30914.73783034189,30914.73783034189,0.0,1.0,True,15,0,0.0,0.0,0,0,0,0.0,,
LBR,Liberia,96519.24037196237,96402.77993887826,116.46043308411046,0.9987933967089329,True,44,2,11.425209308703431,105.03522377540703,0,0,0,116.46043308411046,0.031139527588217916,0.03412329167319072
LBY,Libya,1618836.5705896516,1618640.8196710816,195.75091856995,0.9998790792584463,True,631,8,95.59335965251385,100.15755891743612,0,0,0,195.75091856995,0.021728379998947982,0.03328584109237028
MDG,Madagascar,592900.1819546571,592527.9632133007,372.21874135641013,0.9993722067344806,True,256,14,2.2769530797555366,369.94178827665456,0,0,0,372.21874135641013,0.02165714111343952,0.035262202090647614
MWI,Malawi,98041.78596979097,98041.78596979097,0.0,1.0,True,50,0,0.0,0.0,0,0,0,0.0,,
MLI,Mali,1251659.479751496,1251659.479751496,0.0,1.0,True,460,0,0.0,0.0,0,0,0,0.0,,
MRT,Mauritania,1041473.3518872622,1041094.3402556475,379.0116316146926,0.9996360812968207,True,392,4,313.9488247256712,65.06280688902137,0,0,0,379.0116316146926,0.08293675760344014,0.10186158371293555
MAR,Morocco,409414.6933406997,409391.0449057459,23.648434953837096,0.999942238431257,True,191,4,23.648434953837096,0.0,0,0,0,23.648434953837096,0.003506207789671336,0.004343609445148675
MOZ,Mozambique,779436.999430529,779003.9905809179,433.0088496110936,0.9994444594624999,True,321,11,289.58136360382355,143.4274860072701,0,0,0,433.0088496110936,0.030806991185818335,0.04748159811587615
NAM,Namibia,820093.3269202465,819855.2300749583,238.09684528815254,0.9997096710368534,True,315,5,134.71534499200004,103.38150029615252,0,0,0,238.09684528815254,0.020956119186136105,0.026971378479283936
NER,Niger,1187341.3996928008,1187341.3996928008,0.0,1.0,True,436,0,0.0,0.0,0,0,0,0.0,,
NGA,Nigeria,894660.4336191333,894521.8209522432,138.61266689017813,0.9998450667295865,True,332,2,61.248477029831314,77.36418986034683,0,0,0,138.61266689017813,0.0227967853837623,0.025114489630509333
RWA,Rwanda,24860.68554957597,24860.68554957597,0.0,1.0,True,13,0,0.0,0.0,0,0,0,0.0,,
SEN,Senegal,192440.60717483712,192349.25835145643,91.34882338067408,0.99952531420098,True,82,3,32.650501517978846,58.698321862695224,0,0,0,91.34882338067408,0.013385858056284478,0.016755961915769516
SLE,Sierra Leone,74510.3480222396,74439.45537861595,70.89264362364462,0.999048553046585,True,32,2,9.000762212249594,61.891881411395026,0,0,0,70.89264362364462,0.017975723234441725,0.020162515836314728
SOM,Somalia,633117.3597401825,632952.1534104182,165.20632976430696,0.9997390589166089,True,252,7,111.99133956392402,53.21499020038295,0,0,0,165.20632976430696,0.011335615749263233,0.01723552982995507
ZAF,South Africa,1220021.7881339747,1219852.7336805868,169.054453387971,0.9998614332505926,True,512,5,2.41922416473289,166.6352292232381,0,0,0,169.054453387971,0.016156208802334624,0.018452548049179646
SDN,Sudan,1862259.576883068,1862172.8786054887,86.6982775794479,0.999953444579555,True,660,5,86.6982775794479,0.0,0,0,0,86.6982775794479,0.01514828524568651,0.020432751125844327
SWZ,Swaziland,17279.721670219784,17279.721670219784,0.0,1.0,True,11,0,0.0,0.0,0,0,0,0.0,,
TZA,Tanzania,890809.8439538183,890539.5167863787,270.3271674396573,0.999696537741164,True,340,4,210.32171686779543,60.00545057186184,0,0,0,270.3271674396573,0.0482564990817993,0.06318051835140376
TGO,Togo,61396.61797970473,61396.61797970473,0.0,1.0,True,28,0,0.0,0.0,0,0,0,0.0,,
TUN,Tunisia,155502.67779252777,155391.5710511032,111.10674142456452,0.999285499497489,True,84,3,0.0,111.10674142456452,0,0,0,111.10674142456452,0.0194722184255457,0.022071036605059484
UGA,Uganda,205926.3482680487,205926.3482680487,0.0,1.0,True,87,0,0.0,0.0,0,0,0,0.0,,
ZMB,Zambia,741216.9132317905,741216.9132317905,0.0,1.0,True,275,0,0.0,0.0,0,0,0,0.0,,
ZWE,Zimbabwe,388795.5575149592,388795.5575149592,0.0,1.0,True,148,0,0.0,0.0,0,0,0,0.0,,
AFG,Afghanistan,642179.4188530908,642179.4188530908,0.0,1.0,True,276,0,0.0,0.0,0,0,0,0.0,,
ARM,Armenia,29225.768207239817,29225.768207239817,0.0,1.0,True,18,0,0.0,0.0,0,0,0,0.0,,
AZE,Azerbaijan,85759.91761451519,85712.52095198055,47.39666253463279,0.9994473331615397,True,54,2,47.39666253463279,0.0,0,0,0,47.39666253463279,0.010550688940142692,0.012380273125502864
BGD,Bangladesh,135738.43017362972,135597.77246060732,140.65771302241444,0.9989637591001864,True,69,2,103.63024152543488,37.027471496979544,0,0,0,140.65771302241444,0.029976762670273077,0.03609525058188522
MMR,Burma,667744.3362052138,665663.3055894625,2081.0306157513296,0.9968834919251015,True,299,27,1748.607370964401,332.42324478692854,0,0,0,2081.0306157513296,0.06513958679596495,0.12450367212505097
KHM,Cambodia,176115.28073262883,176070.52626563047,44.754466998350935,0.9997458797055419,True,73,4,44.754466998350935,0.0,0,0,0,44.754466998350935,0.00730970426653347,0.009923635248987928
CHN,China,9314818.081733596,9312961.740522854,1856.3412107423742,0.9998007109538315,True,4018,42,1360.566890320668,495.7743204217058,0,0,0,1856.3412107423742,0.04464577935477612,0.10237405852739076
GEO,Georgia,69286.78068560013,69279.1207481076,7.659937492534768,0.9998894459027143,True,42,1,0.0,7.659937492534768,0,0,0,7.659937492534768,0.003374649006114646,0.003374649006114646
IND,India,3158591.419039531,3156446.603623556,2144.815415975048,0.9993209582591004,True,1267,39,2012.7690031146647,132.04641286038296,0,0,0,2144.815415975048,0.058878620358611876,0.1305006158193711
IDN,Indonesia,1897440.3510512533,1880615.0984405393,16825.252610714015,0.9911326579508062,True,1214,299,15923.149421253569,902.1031894604533,0,0,0,16825.252610714015,0.057706382860377804,0.14183825624864987
IRN,Iran,1617661.0020883293,1616601.3779067781,1059.6241815510837,0.9993449652429135,True,687,12,934.0063752360606,125.61780631502305,0,0,0,1059.6241815510837,0.19433317746735332,0.2807161069503255
IRQ,Iraq,440934.90216792875,440934.90216792875,0.0,1.0,True,191,0,0.0,0.0,0,0,0,0.0,,
ISR,Israel,21870.81354761619,21870.81354761619,0.0,1.0,True,15,0,0.0,0.0,0,0,0,0.0,,
JPN,Japan,371511.12039189885,369090.66995103244,2420.4504408664347,0.9934848506329687,True,324,83,1702.5778248504375,717.8726160159968,0,0,0,2420.4504408664347,0.037273832245358164,0.11911972713795663
JOR,Jordan,86155.66690495024,86155.66690495024,0.0,1.0,True,43,0,0.0,0.0,0,0,0,0.0,,
KAZ,Kazakhstan,2641278.198891676,2638585.379534244,2692.8193574317693,0.9989804862817699,True,1402,12,2692.8193574317693,0.0,0,0,0,2692.8193574317693,0.2251919939917609,0.3220593229716597
LAO,Laos,230512.62345037505,230512.62345037505,0.0,1.0,True,98,0,0.0,0.0,0,0,0,0.0,,
LBN,Lebanon,10045.025840654696,10045.025840654696,0.0,1.0,True,8,0,0.0,0.0,0,0,0,0.0,,
MYS,Malaysia,330713.55186486396,329014.8862319239,1698.6656329400494,0.9948636346367984,True,164,18,1555.9047875661267,142.76084537392262,0,0,0,1698.6656329400494,0.11999057333915117,0.1798773480280472
MNG,Mongolia,1549501.6943611458,1549501.6943611458,0.0,1.0,True,784,0,0.0,0.0,0,0,0,0.0,,
NPL,Nepal,143584.1935917943,143584.1935917943,0.0,1.0,True,65,0,0.0,0.0,0,0,0,0.0,,
OMN,Oman,311210.7174326561,310803.65855493833,407.05887771778924,0.9986920152330363,True,143,8,268.8138780017162,138.24499971607298,0,0,0,407.05887771778924,0.02949457426385051,0.04106876405208445
PAK,Pakistan,879331.2324353191,879284.7616479036,46.47078741556941,0.9999471521245904,True,375,1,46.47078741556941,0.0,0,0,0,46.47078741556941,0.016424847527664422,0.016424847527664422
PHL,Philippines,296328.01390719955,289237.11757365684,7090.896333542737,0.9760707864233067,False,269,80,6666.018584021376,424.8777495213589,0,0,0,7090.896333542737,0.06786317970355117,0.16905599681434938
QAT,Qatar,11392.419132409688,11392.419132409688,0.0,1.0,True,10,0,0.0,0.0,0,0,0,0.0,,
SAU,Saudi Arabia,1913198.1630730159,1911876.636302256,1321.5267707597989,0.9993092577672994,True,746,21,1297.587928571156,23.938842188642766,0,0,0,1321.5267707597989,0.080230196560271,0.16017126342862845
KOR,South Korea,98071.79394883121,97126.25067465517,945.5432741760386,0.9903586624032861,True,74,17,423.41017536037936,522.1330988156594,0,0,0,945.5432741760386,0.04663710828453778,0.09049255987988639
LKA,Sri Lanka,66241.20320277511,66058.1974045986,183.00579817651376,0.9972372814905505,True,37,4,40.56809592751919,142.43770224899458,0,0,0,183.00579817651376,0.03780774716968582,0.046687393618587425
SYR,Syria,186304.8916848154,186304.8916848154,0.0,1.0,True,89,0,0.0,0.0,0,0,0,0.0,,
TWN,Taiwan,36340.24662053837,36163.79920915869,176.44741137967767,0.995144573089387,True,41,16,80.99511939296157,95.45229198671608,0,0,0,176.44741137967767,0.016407573801974138,0.02556523677542098
TJK,Tajikistan,139993.581148512,139993.581148512,0.0,1.0,True,75,0,0.0,0.0,0,0,0,0.0,,
THA,Thailand,516325.4675294074,515476.6598565887,848.8076728187257,0.9983560608062193,True,228,17,531.3521267211327,317.455546097593,0,0,0,848.8076728187257,0.03881375316073724,0.08988363613444686
TUR,Turkey,771186.4309044062,770878.6465007167,307.78440368950385,0.9996008949440038,True,381,9,116.26780125779997,191.5166024317039,0,0,0,307.78440368950385,0.020385752353210034,0.0317415450846236
TKM,Turkmenistan,468851.51418843394,466591.88177189964,2259.6324165342667,0.9951804945741817,True,233,6,2259.6324165342667,0.0,0,0,0,2259.6324165342667,0.2805836417114343,0.34156551647183103
ARE,United Arab Emirates,79471.90601817542,79229.0584478808,242.84757029461613,0.996944233724065,True,49,9,242.84757029461613,0.0,0,0,0,242.84757029461613,0.031903421283693986,0.04872630353500767
UZB,Uzbekistan,417484.20640059625,417484.20640059625,0.0,1.0,True,223,0,0.0,0.0,0,0,0,0.0,,
VNM,Vietnam,329367.5859413006,328800.16517804714,567.4207632534415,0.9982772416367814,True,168,17,480.9743664178443,86.44639683559713,0,0,0,567.4207632534415,0.034757257936327564,0.05187695537251853
YEM,Yemen,454853.66345022945,454291.2359874034,562.4274628260907,0.9987634980038198,True,193,11,95.20915375061914,467.21830907547167,0,0,0,562.4274628260907,0.029547466083175048,0.04537458833572787
ALB,Albania,27823.331212047622,27823.331212047622,0.0,1.0,True,19,0,0.0,0.0,0,0,0,0.0,,
AUT,Austria,83605.16160251292,83605.16160251292,0.0,1.0,True,50,0,0.0,0.0,0,0,0,0.0,,
BLR,Belarus,205772.92251152458,205772.92251152458,0.0,1.0,True,128,0,0.0,0.0,0,0,0,0.0,,
BEL,Belgium,30652.429669957946,30652.429669957946,0.0,1.0,True,23,0,0.0,0.0,0,0,0,0.0,,
BIH,Bosnia And Herzegovina,51472.60275863837,51472.60275863837,0.0,1.0,True,30,0,0.0,0.0,0,0,0,0.0,,
BGR,Bulgaria,111389.75196961852,111340.91245065891,48.83951895960316,0.9995615438754821,True,62,2,3.0665763192588473,45.77294264034431,0,0,0,48.83951895960316,0.019138052571574422,0.020330423680708327
HRV,Croatia,56417.123384299884,56126.95187218,290.1715121198868,0.9948566765777244,True,52,9,16.740699161036392,273.43081295885037,0,0,0,290.1715121198868,0.07774795468068367,0.09756743997267073
CYP,Cyprus,9300.166612860025,9239.332580945229,60.83403191479567,0.9934588234332624,True,12,2,60.83403191479567,0.0,0,0,0,60.83403191479567,0.012854418002391054,0.015182548090414532
CZE,Czech Republic,79805.01711055235,79805.01711055235,0.0,1.0,True,51,0,0.0,0.0,0,0,0,0.0,,
DNK,Denmark,43336.56120797192,43167.49543911361,169.06576885831203,0.9960987728572426,True,58,9,48.66972712818041,120.3960417301316,0,0,0,169.06576885831203,0.02260367319789243,0.03846528503865863
EST,Estonia,43810.24217912949,43531.19165599866,279.0505231308327,0.9936304729385,True,50,8,118.55664436745602,160.49387876337667,0,0,0,279.0505231308327,0.04329405037935832,0.06466687777774865
FIN,Finland,303261.8418936879,302869.9067616858,391.93513200208525,0.9987076015579319,True,300,10,194.2343638105285,197.70076819155673,0,0,0,391.93513200208525,0.04788501598395912,0.072172530122929
FRA,France,547027.0846306175,546709.1159345643,317.96869605320285,0.9994187331761315,True,307,8,82.70329332881016,235.26540272439274,0,0,0,317.96869605320285,0.03623943524521785,0.051805496901248686
DEU,Germany,355499.4566974893,355232.5753099906,266.8813874987099,0.9992492776501603,True,216,5,72.73492728874947,194.14646020996042,0,0,0,266.8813874987099,0.07235738646972796,0.0984306543321383
GRC,Greece,132579.6342998765,130774.23310403958,1805.4011958369108,0.9863825148909874,True,155,37,411.80175120138955,1393.5994446355216,0,0,0,1805.4011958369108,0.056633132380666806,0.11577837952937843
HUN,Hungary,90770.44461845413,90770.44461845413,0.0,1.0,True,55,0,0.0,0.0,0,0,0,0.0,,
ISL,Iceland,101298.87535857853,101013.83187297585,285.0434856026852,0.9971861140156425,True,130,19,162.3224668447987,122.72101875788653,0,0,0,285.0434856026852,0.028809963157544274,0.04520799988136746
IRL,Ireland,69129.1556382827,69028.74145012203,100.41418816066171,0.9985474408412266,True,63,7,54.665976117414566,45.74821204324715,0,0,0,100.41418816066171,0.01920770181536038,0.02364520653140446
ITA,Italy,298917.6442653434,298371.8818875895,545.7623777538786,0.9981742048747401,True,221,28,63.600827262864954,482.1615504910137,0,0,0,545.7623777538786,0.020649274601367226,0.047090615789275196
LVA,Latvia,63182.45063626643,63136.92742919202,45.523207074406415,0.9992794960211898,True,55,3,45.523207074406415,0.0,0,0,0,45.523207074406415,0.014415345535717494,0.018197024521428358
LTU,Lithuania,63429.16212519105,63411.47699295842,17.68513223262244,0.9997211829442469,True,46,1,17.68513223262244,0.0,0,0,0,17.68513223262244,0.04228529377918985,0.04228529377918985
MKD,Macedonia,23833.290018225383,23833.290018225383,0.0,1.0,True,14,0,0.0,0.0,0,0,0,0.0,,
MDA,Moldova,34578.65377507811,34578.65377507811,0.0,1.0,True,22,0,0.0,0.0,0,0,0,0.0,,
MNE,Montenegro,13085.095639931169,13085.095639931169,0.0,1.0,True,10,0,0.0,0.0,0,0,0,0.0,,
NLD,Netherlands,34324.00841544509,33724.4349814102,599.5734340348844,0.9825319517820333,True,33,3,599.5734340348844,0.0,0,0,0,599.5734340348844,0.28281705963859427,0.30070038315822895
NOR,Norway,320144.7624475174,319017.40391059656,1127.3585369208367,0.9964785975934694,True,361,34,932.1573811172822,195.2011558035547,0,0,0,1127.3585369208367,0.09615687030753042,0.22983039421670304
POL,Poland,307428.6074259775,307346.4466607808,82.1607651966549,0.9997327484716384,True,188,2,5.476602106939871,76.68416308971504,0,0,0,82.1607651966549,0.04032380565037741,0.04298439573346313
PRT,Portugal,92423.01380582534,91865.28398625796,557.7298195673807,0.9939654659959571,True,75,17,432.63756194989014,125.09225761749049,0,0,0,557.7298195673807,0.05885228343022166,0.10325691181427096
ROU,Romania,235923.34154926546,235923.34154926546,0.0,1.0,True,130,0,0.0,0.0,0,0,0,0.0,,
RUS,Russia,16653692.815023635,16639053.711419784,14639.103603851181,0.999120969519106,True,12894,392,12008.32686176485,2630.776742086333,0,0,0,14639.103603851181,0.09259144918506271,0.3145273296272199
SRB,Serbia,79153.40496146055,79153.40496146055,0.0,1.0,True,46,0,0.0,0.0,0,0,0,0.0,,
SVK,Slovakia,49893.73736667935,49893.73736667935,0.0,1.0,True,31,0,0.0,0.0,0,0,0,0.0,,
SVN,Slovenia,22029.139026511366,22029.139026511366,0.0,1.0,True,14,0,0.0,0.0,0,0,0,0.0,,
ESP,Spain,503318.3413226153,502939.48468837416,378.8566342411325,0.9992472822801459,True,287,17,266.1784842255903,112.6781500155422,0,0,0,378.8566342411325,0.02978490477870098,0.051339727718151866
SWE,Sweden,428160.6151889965,427763.83357274765,396.78161624880556,0.9990732879153921,True,386,20,164.8188435060816,231.962772742724,0,0,0,396.78161624880556,0.033954874027658594,0.059265700580756704
CHE,Switzerland,38494.095721658705,38494.095721658705,0.0,1.0,True,25,0,0.0,0.0,0,0,0,0.0,,
UKR,Ukraine,589296.2560292487,589143.452507864,152.80352138476073,0.9997407016932123,True,344,6,117.09776534107392,35.70575604368681,0,0,0,152.80352138476073,0.04282519767018515,0.053144193969244115
GBR,United Kingdom,243711.52635704432,242907.202973432,804.3233836123374,0.9966996908368053,True,230,32,167.09762796386207,637.2257556484753,0,0,0,804.3233836123374,0.05690065859976597,0.14491399741545485
BHS,Bahamas,13425.890782776787,11901.722933903167,1524.1678488736202,0.8864754768578278,False,79,50,992.533233244258,531.6346156293617,0,0,0,1524.1678488736202,0.029868474190602488,0.06743213727801856
CAN,Canada,9489886.84648773,9471959.17725696,17927.669230771215,0.9981108658595433,True,8154,454,15664.402067312565,2263.2671634586527,0,0,0,17927.669230771215,0.12079428610423118,0.42653856718353944
CRI,Costa Rica,51490.99541275381,51393.1417070956,97.85370565820968,0.9980995957667198,True,29,3,30.311371140864424,67.54233451734525,0,0,0,97.85370565820968,0.01744169254114933,0.022079236637788963
CUB,Cuba,111480.89220313313,110028.72464686206,1452.16755627108,0.9869738434311682,True,89,22,1162.6594291024915,289.5081271685884,0,0,0,1452.16755627108,0.042345470792875435,0.063002402101227
DOM,Dominican Republic,48032.37687363699,48000.24962774315,32.12724589383833,0.999331133539813,True,31,2,0.0,32.12724589383833,0,0,0,32.12724589383833,0.010196717576438145,0.01058679045572365
SLV,El Salvador,21360.307760144136,21357.962042309253,2.345717834883064,0.9998901833315689,True,14,1,2.345717834883064,0.0,0,0,0,2.345717834883064,0.0007796216778954696,0.0007796216778954696
GTM,Guatemala,104897.63499832703,104897.63499832703,0.0,1.0,True,48,0,0.0,0.0,0,0,0,0.0,,
HTI,Haiti,27247.494304700886,27247.494304700886,0.0,1.0,True,20,0,0.0,0.0,0,0,0,0.0,,
HND,Honduras,111051.69085705726,110715.89589697291,335.79496008434035,0.9969762282996972,True,61,11,259.96500699720974,75.82995308713055,0,0,0,335.79496008434035,0.033069280488656615,0.04260189699855588
JAM,Jamaica,11034.236497993465,10990.024929699744,44.21156829371967,0.9959932372029764,True,11,2,0.32712840873290283,43.88443988498677,0,0,0,44.21156829371967,0.014882689291428618,0.014992803490285107
MEX,Mexico,1952540.3467031773,1950804.000236837,1736.3464663402933,0.9991107244112665,True,852,40,1045.3316426829872,691.0148236573065,0,0,0,1736.3464663402933,0.03200410607105659,0.06194672869187834
NIC,Nicaragua,120725.5340314764,120647.03959901063,78.49443246576388,0.9993498108490843,True,62,5,78.49443246576388,0.0,0,0,0,78.49443246576388,0.012717685466395508,0.01598145331628725
PAN,Panama,75970.09424692464,73904.97092042462,2065.1233265000233,0.9728166280827851,False,54,17,1901.144528353764,163.97879814625938,0,0,0,2065.1233265000233,0.08580032884849227,0.12324331712415497
USA,United States,9254174.953779103,9246400.255109418,7774.698669685329,0.9991598712247697,True,4972,168,6610.4638823223495,1164.234787362981,0,0,0,7774.698669685329,0.06110931844205916,0.17730433908691204
AUS,Australia,7699513.320182274,7694226.488389826,5286.831792447773,0.9993133550690029,True,3127,162,1026.7871441751508,4260.044648272623,0,0,0,5286.831792447773,0.03534568458242797,0.09257726854100871
NZL,New Zealand,265218.33784224093,262551.96700033575,2666.370841905211,0.9899465064761427,True,214,49,2421.8733518150116,244.49749009019922,0,0,0,2666.370841905211,0.06846302704932522,0.13977033729074076
PNG,Papua New Guinea,464899.81536786846,461058.5295136292,3841.2858542392587,0.9917373900198267,True,312,95,3536.36365305375,304.9222011855086,0,0,0,3841.2858542392587,0.04506984114655104,0.11575189951220195
ARG,Argentina,2763075.870066645,2762326.054273833,749.8157928119176,0.9997286300383804,True,1209,17,674.7610154143674,75.0547773975502,0,0,0,749.8157928119176,0.045683921719037984,0.07239217174750806
BOL,Bolivia,1080947.4824258336,1080947.4824258336,0.0,1.0,True,396,0,0.0,0.0,0,0,0,0.0,,
BRA,Brazil,8471386.253353005,8467628.676734759,3757.5766182459865,0.9995564389928792,True,2992,44,3520.2621870815155,237.31443116447164,0,0,0,3757.5766182459865,0.08425355884110847,0.15311406172719824
CHL,Chile,753162.0685505872,751085.1283378067,2076.9402127805015,0.9972423727913204,True,475,34,1692.8228923127856,384.11732046771624,0,0,0,2076.9402127805015,0.07312375955387106,0.14286783030823966
COL,Colombia,1140967.155512921,1139567.1068666782,1400.0486462428462,0.9987729281781004,True,428,18,1346.557033517633,53.49161272521303,0,0,0,1400.0486462428462,0.13863906616251692,0.21217034567696158
ECU,Ecuador,256246.8629778858,254770.97453787056,1475.888440015226,0.9942403648463685,True,120,18,1339.7700888355646,136.11835117966166,0,0,0,1475.888440015226,0.08225408032045008,0.1388050858672248
PRY,Paraguay,399107.8322964433,399107.8322964433,0.0,1.0,True,160,0,0.0,0.0,0,0,0,0.0,,
PER,Peru,1288539.540529428,1288474.6244508403,64.91607858777924,0.9999496204217675,True,480,5,41.90354688121864,23.01253170656061,0,0,0,64.91607858777924,0.007007196306865898,0.008910850395860903
SUR,Suriname,144636.72861982623,144634.82700037217,1.9016194540671094,0.9999868524442429,True,57,1,1.9016194540671094,0.0,0,0,0,1.9016194540671094,0.0006188748544742917,0.0006188748544742917
URY,Uruguay,176131.99640793327,176091.00642645077,40.989981482510046,0.9997672769155039,True,82,2,0.04559381124525081,40.94438767126479,0,0,0,40.989981482510046,0.016103362180277452,0.016121274162870604
VEN,Venezuela,906978.7757910959,905648.2503044071,1330.5254866888417,0.9985330136468428,True,357,13,1288.4530356588566,42.07245102998535,0,0,0,1330.5254866888417,0.0710118875911758,0.11043075124163837
