iso3,Country,baseline_dryness
DZA,Algeria,-1.690578010284271
AGO,Angola,-0.10409120298364477
BEN,Benin,-0.13267832911618943
BWA,Botswana,-0.5583172208393922
BFA,Burkina Faso,-0.3373503232509182
BDI,Burundi,0.012912130170718556
CMR,Cameroon,0.12346338813156389
CAF,Central African Republic,0.00016536268803249142
TCD,Chad,-1.0904460945639662
COG,Congo,0.1990557836864496
COD,Congo (Democratic Republic Of The),0.1203669372525435
CIV,Côte D'Ivoire,0.06251172185873671
DJI,Djibouti,-1.004749439005027
EGY,Egypt,-2.444343663635309
GNQ,Equatorial Guinea,0.4142862575969018
ERI,Eritrea,-0.8641918748458367
ETH,Ethiopia,-0.34692630068529023
GAB,Gabon,0.3113931468800155
GHA,Ghana,-0.004130773443013801
GIN,Guinea,0.11176886913096312
GNB,Guinea Bissau,0.047536494157835854
KEN,Kenya,-0.4484535002723071
LSO,Lesotho,-0.13873181685035302
LBR,Liberia,0.358731346892035
LBY,Libya,-2.1503039067805454
MDG,Madagascar,0.03762112082789006
MWI,Malawi,-0.1156496838005782
MLI,Mali,-1.0709636454013889
MRT,Mauritania,-1.4113313266854213
MAR,Morocco,-0.7211489615863158
MOZ,Mozambique,-0.16513649290836926
NAM,Namibia,-0.8600057182015991
NER,Niger,-1.4325546391666584
NGA,Nigeria,-0.1535231212042771
RWA,Rwanda,0.03726627477817363
SEN,Senegal,-0.37171877874727005
SLE,Sierra Leone,0.29047149568629144
SOM,Somalia,-0.9478741929276064
ZAF,South Africa,-0.557060290850058
SDN,Sudan,-1.2108183796659135
SWZ,Swaziland,-0.19782008933855233
TZA,Tanzania,-0.18166772243238533
TGO,Togo,-0.04055048665777438
TUN,Tunisia,-0.9174216711751012
UGA,Uganda,-0.0946799516102337
ZMB,Zambia,-0.11958188952068632
ZWE,Zimbabwe,-0.2936083616964398
AFG,Afghanistan,-0.7146694628589113
ARM,Armenia,-0.21202360060967626
AZE,Azerbaijan,-0.3116949698066961
BGD,Bangladesh,0.29601280246847184
MMR,Burma,0.2260011424818178
KHM,Cambodia,0.11051562928577324
CHN,China,-0.3877733313185877
GEO,Georgia,0.0931645259418555
IND,India,-0.19991309041672486
IDN,Indonesia,0.3355729762355394
IRN,Iran,-0.8645129683153921
IRQ,Iraq,-1.0537321397250505
ISR,Israel,-0.8506789745873258
JPN,Japan,0.320535394822658
JOR,Jordan,-1.258017536526211
KAZ,Kazakhstan,-0.6442971728973248
LAO,Laos,0.16228199007175143
LBN,Lebanon,-0.2537877927356001
MYS,Malaysia,0.4212627534642557
MNG,Mongolia,-0.6066728988395625
NPL,Nepal,0.07756874036152775
OMN,Oman,-1.5522728923735496
PAK,Pakistan,-0.8160693012583196
PHL,Philippines,0.34045597674474565
QAT,Qatar,-1.465321596828846
SAU,Saudi Arabia,-1.387253239703704
KOR,South Korea,0.1746544316715484
LKA,Sri Lanka,0.074532536214906
SYR,Syria,-0.796617529834009
TWN,Taiwan,0.31460993248404734
TJK,Tajikistan,-0.1877410641243553
THA,Thailand,0.06957088539128392
TUR,Turkey,-0.25643769062345745
TKM,Turkmenistan,-1.0264745521199563
ARE,United Arab Emirates,-1.551329888163533
UZB,Uzbekistan,-0.9080445388031221
VNM,Vietnam,0.17837608184109507
YEM,Yemen,-1.1096930652914399
ALB,Albania,0.1038326817933687
AUT,Austria,0.21969659624808846
BLR,Belarus,0.011670253440293297
BEL,Belgium,0.09861927026964269
BIH,Bosnia And Herzegovina,0.13530764297454892
BGR,Bulgaria,-0.13417268676785168
HRV,Croatia,0.13201739933272547
CYP,Cyprus,-0.4604581975853567
CZE,Czech Republic,0.013303254127415405
DNK,Denmark,0.08599930218505153
EST,Estonia,0.06731567008493493
FIN,Finland,0.07710932682809865
FRA,France,0.005024222224609726
DEU,Germany,0.04270898297388369
GRC,Greece,-0.15550871622581305
HUN,Hungary,-0.10142803766628666
ISL,Iceland,0.4176283199440256
IRL,Ireland,0.3405673041767463
ITA,Italy,-0.05505393802754707
LVA,Latvia,0.07603311696457922
LTU,Lithuania,0.07369739828251798
MKD,Macedonia,-0.1286631474920621
MDA,Moldova,-0.26244803119608257
MNE,Montenegro,0.19005224952157956
NLD,Netherlands,0.08540957203065813
NOR,Norway,0.33364592933939785
POL,Poland,-0.0168633521394114
PRT,Portugal,-0.1361969463090637
ROU,Romania,-0.0868540711419185
RUS,Russia,-0.004005987699061687
SRB,Serbia,-0.060714036139097774
SVK,Slovakia,0.04114980200147669
SVN,Slovenia,0.3067931666120929
ESP,Spain,-0.2694517642709331
SWE,Sweden,0.10553142986825702
CHE,Switzerland,0.272105748046081
UKR,Ukraine,-0.16735689412167779
GBR,United Kingdom,0.30684676431724744
BHS,Bahamas,-0.09209267891896572
CAN,Canada,-0.02505125484859235
CRI,Costa Rica,0.31014059541653327
CUB,Cuba,-0.014209444129554346
DOM,Dominican Republic,0.05838858754507957
SLV,El Salvador,0.041475569449779315
GTM,Guatemala,0.1749307724507974
HTI,Haiti,0.03061640594969638
HND,Honduras,0.04850687469601667
JAM,Jamaica,0.14284664686874088
MEX,Mexico,-0.41761861319445376
NIC,Nicaragua,0.16241895615001312
PAN,Panama,0.24981017998811644
USA,United States,-0.23839997607609079
AUS,Australia,-0.728078037575678
NZL,New Zealand,0.3183594439092207
PNG,Papua New Guinea,0.3725971098455793
ARG,Argentina,-0.4688551296894184
BOL,Bolivia,-0.1993715943245521
BRA,Brazil,0.14962926980427374
CHL,Chile,-0.37991846926782363
COL,Colombia,0.31216620063186956
ECU,Ecuador,0.18954489223139528
PRY,Paraguay,-0.18005852603755143
PER,Peru,-0.0548741840214602
SUR,Suriname,0.2704627746089735
URY,Uruguay,-0.019101760673854266
VEN,Venezuela,0.13021118088714045
