iso3,Country,abs_latitude,elevation,continentality,climate_zone,hemisphere,spatial_block
DZA,Algeria,27.988472911053748,557.412278924512,755.7776573398834,B,N,Africa
AGO,Angola,12.294021891679662,1066.3845950214652,490.03807158764164,A,S,Africa
BEN,Benin,9.68824863231078,266.36051336049957,386.4750053302424,A,N,Africa
BWA,Botswana,22.14035581849519,1030.6506075537814,809.7426452606967,B,S,Africa
BFA,Burkina Faso,12.276695235758803,297.93037330882635,753.2786512004666,B,N,Africa
BDI,Burundi,3.337967818310983,1556.1509269757755,1018.2756356984105,A,S,Africa
CMR,Cameroon,5.682821845053887,642.6655590133564,456.33414211290784,A,N,Africa
CAF,Central African Republic,6.572917337775946,593.7614743414721,1251.7738853589562,A,N,Africa
TCD,Chad,15.29009350032433,516.4185522906348,1322.3596562859764,B,N,Africa
COG,Congo,2.1223028681709777,408.67332403708895,540.518999328677,A,S,Africa
COD,Congo (Democratic Republic Of The),4.295074901175064,676.9466083021684,1171.6884711953446,A,S,Africa
CIV,Côte D'Ivoire,7.623240002795848,257.4250838599455,293.8899741238431,A,N,Africa
DJI,Djibouti,11.746369240759714,458.56110619834743,46.494584472361076,B,N,Africa
EGY,Egypt,26.436542779191623,302.1594497526433,320.8096460891413,B,N,Africa
GNQ,Equatorial Guinea,1.7335973075142619,463.50169306667243,98.775509966501,A,N,Africa
ERI,Eritrea,15.363352952945636,769.6237002322599,109.00304647936811,B,N,Africa
ETH,Ethiopia,8.598219776212193,1251.322399834335,510.51730915058334,B,N,Africa
GAB,Gabon,1.2510814268321522,364.6482802051221,248.40075643239473,A,S,Africa
GHA,Ghana,7.979498116212061,181.7630064271013,300.5760124843382,A,N,Africa
GIN,Guinea,10.46012302217475,436.22356628216374,304.34897201468203,A,N,Africa
GNB,Guinea Bissau,12.05066056530468,32.57025273713615,99.11712880682114,A,N,Africa
KEN,Kenya,1.9332300316014852,787.5803421829214,454.71623759368026,B,N,Africa
LSO,Lesotho,29.574081620049874,2188.8416072663185,236.96594731778995,C,S,Africa
LBR,Liberia,6.435367628090752,206.24042372380197,116.37257196373822,A,N,Africa
LBY,Libya,26.950202804174335,415.7450045482115,502.03235018792856,B,N,Africa
MDG,Madagascar,19.312634985615816,539.777911250935,95.62894141241759,A,S,Africa
MWI,Malawi,13.422552940220916,954.5437655136984,531.2220119449437,C,S,Africa
MLI,Mali,17.297889704874155,317.519588777789,1058.180873695036,B,N,Africa
MRT,Mauritania,20.204378553203522,260.77186253294667,553.4516747553963,B,N,Africa
MAR,Morocco,31.838021583836717,875.9900741772666,171.6663230091668,B,N,Africa
MOZ,Mozambique,17.20135241247984,353.2952879799799,222.26652017071027,A,S,Africa
NAM,Namibia,22.10164822917238,1091.1543704759322,329.02912655125397,B,S,Africa
NER,Niger,17.375063951131988,458.33205056003294,1202.10814884376,B,N,Africa
NGA,Nigeria,9.538484373568563,326.2063069161272,509.10934176180297,A,N,Africa
RWA,Rwanda,1.9712447312103618,1705.504218813722,1067.7347815362707,A,S,Africa
SEN,Senegal,14.374449154444338,49.71412429942384,222.93758643600805,B,N,Africa
SLE,Sierra Leone,8.556548525581462,196.6324841514444,127.63732339742312,A,N,Africa
SOM,Somalia,6.081605029217402,419.24139472079736,136.8940604355091,B,N,Africa
ZAF,South Africa,28.914148941647042,1031.7255632089461,304.3282827315917,B,S,Africa
SDN,Sudan,15.92972322132045,529.9570054983617,878.3694680976688,B,N,Africa
SWZ,Swaziland,26.55366729810427,644.23699697905,121.09503961154786,C,S,Africa
TZA,Tanzania,6.421336926263581,1015.5396083759366,468.4152228608486,A,S,Africa
TGO,Togo,8.482319525421905,255.09907970267395,276.48138821972964,A,N,Africa
TUN,Tunisia,34.07426198936969,256.42913446645343,114.78153594515533,B,N,Africa
UGA,Uganda,1.6799432486088925,1156.7355034082102,999.7748732227714,A,N,Africa
ZMB,Zambia,13.468932390446058,1123.055285870512,984.5775070167462,C,S,Africa
ZWE,Zimbabwe,18.97800643745139,976.017068772015,546.0859407785166,B,S,Africa
AFG,Afghanistan,33.76817950299666,1802.3079047601627,912.5023276981528,B,N,Asia
ARM,Armenia,40.33621087456007,1852.888530193389,271.4791490683092,D,N,Asia
AZE,Azerbaijan,40.266549410824354,643.473824875718,137.05014722856495,B,N,Asia
BGD,Bangladesh,23.824871125395287,25.37462280575267,154.98310096737114,A,N,Asia
MMR,Burma,21.01194737341006,570.5016546502317,330.917623021011,A,N,Asia
KHM,Cambodia,12.704304304190087,123.1620801327417,193.78765404184912,A,N,Asia
CHN,China,35.90562553970296,1829.0466435350136,1002.0085868368709,B,N,Asia
GEO,Georgia,42.19246465263545,1239.5388294943834,138.3790431405706,D,N,Asia
IND,India,22.662846267196468,565.3964098046754,456.9450938820592,A,N,Asia
IDN,Indonesia,3.1605983648272575,329.9082870566105,83.05978684615347,A,S,Asia
IRN,Iran,32.42565816299135,1252.0120785055553,291.1144392049931,B,N,Asia
IRQ,Iraq,32.93695137550909,300.6508917252356,430.4027038100381,B,N,Asia
ISR,Israel,31.45335382069908,306.86757127852195,51.529693744339255,B,N,Asia
JPN,Japan,37.32577149945765,388.7242538069018,46.52167473737616,D,N,Asia
JOR,Jordan,31.257354786844438,766.845265819918,189.07205569240185,B,N,Asia
KAZ,Kazakhstan,48.01183103871047,360.17199021852525,1113.8547333348788,B,N,Asia
LAO,Laos,18.50787735402101,659.1269702201769,285.76150756420714,A,N,Asia
LBN,Lebanon,33.91600644450052,979.0885785047523,28.207216614306407,C,N,Asia
MYS,Malaysia,3.7869025369073386,266.5507579374853,71.66835985938835,A,N,Asia
MNG,Mongolia,46.72946041089618,1489.2477545236122,1496.291211685167,B,N,Asia
NPL,Nepal,28.263426520718873,2122.0242024122344,821.9975029382396,C,N,Asia
OMN,Oman,20.55673912615902,275.3275104687551,116.41141377127529,B,N,Asia
PAK,Pakistan,29.86104423761397,1012.4713140623363,622.0939811563662,B,N,Asia
PHL,Philippines,11.680476829584695,,30.834405170278583,A,N,Asia
QAT,Qatar,25.296896981031818,25.908567167213757,17.94138821212011,B,N,Asia
SAU,Saudi Arabia,24.002935381565045,642.1176957346472,318.2644395206688,B,N,Asia
KOR,South Korea,36.31544183047719,258.94335192285206,53.751038231302694,D,N,Asia
LKA,Sri Lanka,7.617747004925853,172.5989238682765,39.94034083073147,A,N,Asia
SYR,Syria,35.01463367718799,519.2317443162614,232.97105536447924,B,N,Asia
TWN,Taiwan,23.74948676745924,774.2739747979415,23.990792247945464,C,N,Asia
TJK,Tajikistan,38.500377240079914,2929.6269093882756,1389.6118686225652,E,N,Asia
THA,Thailand,15.024109470996702,279.2175756089648,217.58103318998292,A,N,Asia
TUR,Turkey,39.03787712616993,1138.374647226716,157.2288206337708,D,N,Asia
TKM,Turkmenistan,39.07793399940572,204.04478471591483,457.11232801841,B,N,Asia
ARE,United Arab Emirates,23.845448709690675,115.80898727177652,76.17564673573334,B,N,Asia
UZB,Uzbekistan,41.497100606282004,383.48630044003545,773.1202206248771,B,N,Asia
VNM,Vietnam,16.500838305536153,389.25157489460383,118.7510977185727,A,N,Asia
YEM,Yemen,15.898842171459473,934.0479236302248,164.58392246120584,B,N,Asia
ALB,Albania,41.09828318324347,672.1025132055724,51.04033366689139,C,N,Europe
AUT,Austria,47.577670134386686,956.0195005837575,241.63720185843792,D,N,Europe
BLR,Belarus,53.5058536910757,160.267702727341,449.94106062018096,D,N,Europe
BEL,Belgium,50.65311790735915,148.25996121106743,123.72560507771526,C,N,Europe
BIH,Bosnia And Herzegovina,44.14190988311098,686.7043748919427,124.45154397052242,D,N,Europe
BGR,Bulgaria,42.7644031630276,464.9544054132046,152.69957536700113,D,N,Europe
HRV,Croatia,45.01518813473553,310.58240263555984,108.20251996570109,D,N,Europe
CYP,Cyprus,35.05069551652412,297.7131921010304,13.987739298984163,C,N,Europe
CZE,Czech Republic,49.725623554790076,448.6049988720529,425.1072348750534,D,N,Europe
DNK,Denmark,55.93421688513106,,25.47368218884882,D,N,Europe
EST,Estonia,58.64167185417578,55.17520764904898,63.07831448629588,D,N,Europe
FIN,Finland,64.31820301292775,157.83238889445792,131.93288504532637,D,N,Europe
FRA,France,46.47534333027907,346.3535486036368,173.2995457907336,C,N,Europe
DEU,Germany,51.02600483760894,261.4466266429641,252.13709780223414,D,N,Europe
GRC,Greece,39.003035216298144,487.79685937184325,45.449142028293664,C,N,Europe
HUN,Hungary,47.16930881641803,148.76444565242372,421.09215090616226,D,N,Europe
ISL,Iceland,64.97231406272311,511.244054470814,45.165808637881064,E,N,Europe
IRL,Ireland,53.15822363454746,109.7344406754156,36.58398830458033,C,N,Europe
ITA,Italy,42.658580375036095,538.6750980124737,61.923449480428964,C,N,Europe
LVA,Latvia,56.839398097556334,86.20871179049894,96.32687901018754,D,N,Europe
LTU,Lithuania,55.34048214692128,102.07895413401928,147.51771305806307,D,N,Europe
MKD,Macedonia,41.61006343580521,819.7702752723376,139.1994381715285,D,N,Europe
MDA,Moldova,47.244466179755854,146.6819313467185,192.7789544455771,D,N,Europe
MNE,Montenegro,42.798202968301624,1053.1076657865576,67.92731477030372,D,N,Europe
NLD,Netherlands,52.25290816445503,8.981316487800882,72.98557630759639,C,N,Europe
NOR,Norway,63.891885066158004,,82.90539038721754,D,N,Europe
POL,Poland,52.083096110996514,170.70385203031742,275.9282817700202,D,N,Europe
PRT,Portugal,39.56830969786049,326.36192902875024,125.93870413073437,C,N,Europe
ROU,Romania,45.83813350585728,400.3165024344931,321.82274858026454,D,N,Europe
RUS,Russia,60.32552966533366,374.23922209082684,653.4877962696157,D,N,Europe
SRB,Serbia,44.205562638185945,416.83039504314195,275.9312477378989,D,N,Europe
SVK,Slovakia,48.710250137318454,455.22305025640264,526.468672482207,D,N,Europe
SVN,Slovenia,46.13308864903622,560.0045388666218,95.87435208588865,D,N,Europe
ESP,Spain,40.147551096591386,686.537744135805,139.36919941878452,C,N,Europe
SWE,Sweden,62.40060248590088,319.3194837888503,109.0357116420047,D,N,Europe
CHE,Switzerland,46.81075410573527,1337.1649460074736,282.0276128778295,D,N,Europe
UKR,Ukraine,48.95902844937982,179.77107913283606,308.0678448617863,D,N,Europe
GBR,United Kingdom,54.022131292536606,160.07531186211406,47.02875773876757,C,N,Europe
BHS,Bahamas,24.24208126295831,,73.99425875165343,,N,North America
CAN,Canada,58.72198661221544,473.71001945497,336.29080853540756,D,N,North America
CRI,Costa Rica,9.968397007769868,546.8992244465401,36.918340901452474,A,N,North America
CUB,Cuba,21.62016332765592,97.44399574100673,26.446201130840006,A,N,North America
DOM,Dominican Republic,18.90135131828218,401.9666475660149,32.679658447146906,A,N,North America
SLV,El Salvador,13.743904650009679,454.9373143469391,43.43075944213683,A,N,North America
GTM,Guatemala,15.642142399211087,745.324143096805,108.94984003261169,A,N,North America
HTI,Haiti,18.92558956492971,405.4744627968306,21.706054365565503,A,N,North America
HND,Honduras,14.829086021786997,628.9873059141655,80.59319997157682,A,N,North America
JAM,Jamaica,18.157183404751507,322.7838072476137,16.305128220958615,A,N,North America
MEX,Mexico,23.773980087806027,1046.6296020731243,195.1954490396614,B,N,North America
NIC,Nicaragua,12.939186508162168,233.19043109075545,90.06486835368099,A,N,North America
PAN,Panama,8.500185668364015,315.6511349565649,25.720680560747066,A,N,North America
USA,United States,42.93007152361303,732.8647071676965,578.5908478273587,D,N,North America
AUS,Australia,25.40385656083693,274.35418246461154,350.03945351002415,B,S,Oceania
NZL,New Zealand,41.65473108578579,484.77944657906744,44.69937863510879,C,S,Oceania
PNG,Papua New Guinea,6.474130201905024,596.9188806321678,92.12694236909911,A,S,Oceania
ARG,Argentina,34.60305430630786,709.5783840059182,369.55678336681314,B,S,South America
BOL,Bolivia,16.661748708056738,1250.7949360369805,699.3227845857851,A,S,South America
BRA,Brazil,10.741341722090883,316.5946161720511,727.1504019605512,A,S,South America
CHL,Chile,36.25361676786006,1340.3784579565934,87.84050280921375,B,S,South America
COL,Colombia,4.207139911844255,552.1536982889058,416.5903219432334,A,N,South America
ECU,Ecuador,1.574626991669516,1044.7775518047736,208.85634716740893,A,S,South America
PRY,Paraguay,23.195019175785408,162.23080552816367,922.0357049893252,A,S,South America
PER,Peru,9.091584195649625,1461.7729602027516,360.594976136273,A,S,South America
SUR,Suriname,4.122796763561867,141.22081453807067,194.91880431194392,A,N,South America
URY,Uruguay,32.777344513863774,109.07839193784872,174.13995700074636,C,S,South America
VEN,Venezuela,7.113188457416796,340.8206385086981,326.91019393822125,A,N,South America
