iso3,Country,feature,coverage_basis,achieved,required,rule,passes,missing_area_km2,missing_support_source,classification
DZA,Algeria,abs_latitude,geometry,1.0,1.0,100% geometry,True,0.0,,
DZA,Algeria,hemisphere,geometry,1.0,1.0,100% geometry,True,0.0,,
DZA,Algeria,elevation,valid terrestrial area (land-centred ETOPO pixels),0.9998838329022972,0.98,>= 98%,True,268.8570907379792,,
DZA,Algeria,continentality,terrestrial area with a distance value,0.9999999999987744,0.98,>= 98%,True,2.836470811707856e-06,,
DZA,Algeria,climate_zone,classified terrestrial area,0.9999403446122237,0.95,>= 95% and A1 - A2 > unclassified,True,138.06640883305377,,
DZA,Algeria,spatial_block,OWID label present,1.0,1.0,nonmissing,True,0.0,,
AGO,Angola,abs_latitude,geometry,1.0,1.0,100% geometry,True,0.0,,
AGO,Angola,hemisphere,geometry,1.0,1.0,100% geometry,True,0.0,,
AGO,Angola,elevation,valid terrestrial area (land-centred ETOPO pixels),0.9996178078321064,0.98,>= 98%,True,479.8128085970981,,
AGO,Angola,continentality,terrestrial area with a distance value,1.0000000000001394,0.98,>= 98%,True,-1.750612090172841e-07,,
AGO,Angola,climate_zone,classified terrestrial area,0.9997854230288026,0.95,>= 95% and A1 - A2 > unclassified,True,269.3848484073557,,
AGO,Angola,spatial_block,OWID label present,1.0,1.0,nonmissing,True,0.0,,
BEN,Benin,abs_latitude,geometry,1.0,1.0,100% geometry,True,0.0,,
BEN,Benin,hemisphere,geometry,1.0,1.0,100% geometry,True,0.0,,
BEN,Benin,elevation,valid terrestrial area (land-centred ETOPO pixels),0.9995666173159872,0.98,>= 98%,True,49.635960575134206,,
BEN,Benin,continentality,terrestrial area with a distance value,0.9999999999999586,0.98,>= 98%,True,4.742899668274345e-09,,
BEN,Benin,climate_zone,classified terrestrial area,1.0,0.95,>= 95% and A1 - A2 > unclassified,True,0.0,,
BEN,Benin,spatial_block,OWID label present,1.0,1.0,nonmissing,True,0.0,,
BWA,Botswana,abs_latitude,geometry,1.0,1.0,100% geometry,True,0.0,,
BWA,Botswana,hemisphere,geometry,1.0,1.0,100% geometry,True,0.0,,
BWA,Botswana,elevation,valid terrestrial area (land-centred ETOPO pixels),0.9999518088528077,0.98,>= 98%,True,27.93142056095045,,
BWA,Botswana,continentality,terrestrial area with a distance value,0.999999999999972,0.98,>= 98%,True,1.6215730942362394e-08,,
BWA,Botswana,climate_zone,classified terrestrial area,1.0,0.95,>= 95% and A1 - A2 > unclassified,True,0.0,,
BWA,Botswana,spatial_block,OWID label present,1.0,1.0,nonmissing,True,0.0,,
BFA,Burkina Faso,abs_latitude,geometry,1.0,1.0,100% geometry,True,0.0,,
BFA,Burkina Faso,hemisphere,geometry,1.0,1.0,100% geometry,True,0.0,,
BFA,Burkina Faso,elevation,valid terrestrial area (land-centred ETOPO pixels),1.0,0.98,>= 98%,True,0.0,,
BFA,Burkina Faso,continentality,terrestrial area with a distance value,0.9999999999999912,0.98,>= 98%,True,2.4233733052040165e-09,,
BFA,Burkina Faso,climate_zone,classified terrestrial area,1.0,0.95,>= 95% and A1 - A2 > unclassified,True,0.0,,
BFA,Burkina Faso,spatial_block,OWID label present,1.0,1.0,nonmissing,True,0.0,,
BDI,Burundi,abs_latitude,geometry,1.0,1.0,100% geometry,True,0.0,,
BDI,Burundi,hemisphere,geometry,1.0,1.0,100% geometry,True,0.0,,
BDI,Burundi,elevation,valid terrestrial area (land-centred ETOPO pixels),0.9980958575179472,0.98,>= 98%,True,47.51021429564528,,
BDI,Burundi,continentality,terrestrial area with a distance value,0.99999999999999,0.98,>= 98%,True,2.493103372344866e-10,,
BDI,Burundi,climate_zone,classified terrestrial area,1.0,0.95,>= 95% and A1 - A2 > unclassified,True,0.0,,
BDI,Burundi,spatial_block,OWID label present,1.0,1.0,nonmissing,True,0.0,,
CMR,Cameroon,abs_latitude,geometry,1.0,1.0,100% geometry,True,0.0,,
CMR,Cameroon,hemisphere,geometry,1.0,1.0,100% geometry,True,0.0,,
CMR,Cameroon,elevation,valid terrestrial area (land-centred ETOPO pixels),0.99921828099758,0.98,>= 98%,True,360.92571997984385,,
CMR,Cameroon,continentality,terrestrial area with a distance value,0.9999999999999062,0.98,>= 98%,True,4.331457935078661e-08,,
CMR,Cameroon,climate_zone,classified terrestrial area,1.0,0.95,>= 95% and A1 - A2 > unclassified,True,0.0,,
CMR,Cameroon,spatial_block,OWID label present,1.0,1.0,nonmissing,True,0.0,,
CAF,Central African Republic,abs_latitude,geometry,1.0,1.0,100% geometry,True,0.0,,
CAF,Central African Republic,hemisphere,geometry,1.0,1.0,100% geometry,True,0.0,,
CAF,Central African Republic,elevation,valid terrestrial area (land-centred ETOPO pixels),1.0,0.98,>= 98%,True,0.0,,
CAF,Central African Republic,continentality,terrestrial area with a distance value,1.0000000000002516,0.98,>= 98%,True,-1.567588271055667e-07,,
CAF,Central African Republic,climate_zone,classified terrestrial area,1.0,0.95,>= 95% and A1 - A2 > unclassified,True,0.0,,
CAF,Central African Republic,spatial_block,OWID label present,1.0,1.0,nonmissing,True,0.0,,
TCD,Chad,abs_latitude,geometry,1.0,1.0,100% geometry,True,0.0,,
TCD,Chad,hemisphere,geometry,1.0,1.0,100% geometry,True,0.0,,
TCD,Chad,elevation,valid terrestrial area (land-centred ETOPO pixels),0.9999005782327556,0.98,>= 98%,True,126.52410708637798,,
TCD,Chad,continentality,terrestrial area with a distance value,0.9999999999998184,0.98,>= 98%,True,2.3114544079043786e-07,,
TCD,Chad,climate_zone,classified terrestrial area,1.0,0.95,>= 95% and A1 - A2 > unclassified,True,0.0,,
TCD,Chad,spatial_block,OWID label present,1.0,1.0,nonmissing,True,0.0,,
COG,Congo,abs_latitude,geometry,1.0,1.0,100% geometry,True,0.0,,
COG,Congo,hemisphere,geometry,1.0,1.0,100% geometry,True,0.0,,
COG,Congo,elevation,valid terrestrial area (land-centred ETOPO pixels),0.999087291233432,0.98,>= 98%,True,311.21686702451143,,
COG,Congo,continentality,terrestrial area with a distance value,0.9999999999999012,0.98,>= 98%,True,3.369233738404628e-08,,
COG,Congo,climate_zone,classified terrestrial area,0.9999952350045138,0.95,>= 95% and A1 - A2 > unclassified,True,1.624775635904433,,
COG,Congo,spatial_block,OWID label present,1.0,1.0,nonmissing,True,0.0,,
COD,Congo (Democratic Republic Of The),abs_latitude,geometry,1.0,1.0,100% geometry,True,0.0,,
COD,Congo (Democratic Republic Of The),hemisphere,geometry,1.0,1.0,100% geometry,True,0.0,,
COD,Congo (Democratic Republic Of The),elevation,valid terrestrial area (land-centred ETOPO pixels),0.9992666124097752,0.98,>= 98%,True,1687.933116976656,,
COD,Congo (Democratic Republic Of The),continentality,terrestrial area with a distance value,0.9999999999998732,0.98,>= 98%,True,2.918085488369256e-07,,
COD,Congo (Democratic Republic Of The),climate_zone,classified terrestrial area,1.0,0.95,>= 95% and A1 - A2 > unclassified,True,0.0,,
COD,Congo (Democratic Republic Of The),spatial_block,OWID label present,1.0,1.0,nonmissing,True,0.0,,
CIV,Côte D'Ivoire,abs_latitude,geometry,1.0,1.0,100% geometry,True,0.0,,
CIV,Côte D'Ivoire,hemisphere,geometry,1.0,1.0,100% geometry,True,0.0,,
CIV,Côte D'Ivoire,elevation,valid terrestrial area (land-centred ETOPO pixels),0.9988251338942792,0.98,>= 98%,True,377.1971710727006,,
CIV,Côte D'Ivoire,continentality,terrestrial area with a distance value,0.9999999999999312,0.98,>= 98%,True,2.2099475753681953e-08,,
CIV,Côte D'Ivoire,climate_zone,classified terrestrial area,0.9999785713632985,0.95,>= 95% and A1 - A2 > unclassified,True,6.879780686835781,,
CIV,Côte D'Ivoire,spatial_block,OWID label present,1.0,1.0,nonmissing,True,0.0,,
DJI,Djibouti,abs_latitude,geometry,1.0,1.0,100% geometry,True,0.0,,
DJI,Djibouti,hemisphere,geometry,1.0,1.0,100% geometry,True,0.0,,
DJI,Djibouti,elevation,valid terrestrial area (land-centred ETOPO pixels),0.9957084178501658,0.98,>= 98%,True,94.61563459120572,,
DJI,Djibouti,continentality,terrestrial area with a distance value,1.0000000000000175,0.98,>= 98%,True,-3.8673439003478753e-10,,
DJI,Djibouti,climate_zone,classified terrestrial area,1.0,0.95,>= 95% and A1 - A2 > unclassified,True,0.0,,
DJI,Djibouti,spatial_block,OWID label present,1.0,1.0,nonmissing,True,0.0,,
EGY,Egypt,abs_latitude,geometry,1.0,1.0,100% geometry,True,0.0,,
EGY,Egypt,hemisphere,geometry,1.0,1.0,100% geometry,True,0.0,,
EGY,Egypt,elevation,valid terrestrial area (land-centred ETOPO pixels),0.9985447962344776,0.98,>= 98%,True,1451.6797084629618,,
EGY,Egypt,continentality,terrestrial area with a distance value,0.9999999999996848,0.98,>= 98%,True,3.1442901760194754e-07,,
EGY,Egypt,climate_zone,classified terrestrial area,0.999604201396798,0.95,>= 95% and A1 - A2 > unclassified,True,394.84010041721865,,
EGY,Egypt,spatial_block,OWID label present,1.0,1.0,nonmissing,True,0.0,,
GNQ,Equatorial Guinea,abs_latitude,geometry,1.0,1.0,100% geometry,True,0.0,,
GNQ,Equatorial Guinea,hemisphere,geometry,1.0,1.0,100% geometry,True,0.0,,
GNQ,Equatorial Guinea,elevation,valid terrestrial area (land-centred ETOPO pixels),0.995251185921796,0.98,>= 98%,True,128.67120770750145,,
GNQ,Equatorial Guinea,continentality,terrestrial area with a distance value,0.9999999999999818,0.98,>= 98%,True,4.933444971377795e-10,,
GNQ,Equatorial Guinea,climate_zone,classified terrestrial area,0.999421892083246,0.95,>= 95% and A1 - A2 > unclassified,True,15.664088466931476,,
GNQ,Equatorial Guinea,spatial_block,OWID label present,1.0,1.0,nonmissing,True,0.0,,
ERI,Eritrea,abs_latitude,geometry,1.0,1.0,100% geometry,True,0.0,,
ERI,Eritrea,hemisphere,geometry,1.0,1.0,100% geometry,True,0.0,,
ERI,Eritrea,elevation,valid terrestrial area (land-centred ETOPO pixels),0.9950448765894768,0.98,>= 98%,True,598.083766379015,,
ERI,Eritrea,continentality,terrestrial area with a distance value,1.0000000000000275,0.98,>= 98%,True,-3.3232992529759233e-09,,
ERI,Eritrea,climate_zone,classified terrestrial area,0.9984428252363095,0.95,>= 95% and A1 - A2 > unclassified,True,187.9511104810334,,
ERI,Eritrea,spatial_block,OWID label present,1.0,1.0,nonmissing,True,0.0,,
ETH,Ethiopia,abs_latitude,geometry,1.0,1.0,100% geometry,True,0.0,,
ETH,Ethiopia,hemisphere,geometry,1.0,1.0,100% geometry,True,0.0,,
ETH,Ethiopia,elevation,valid terrestrial area (land-centred ETOPO pixels),0.999699724231378,0.98,>= 98%,True,338.4908048611272,,
ETH,Ethiopia,continentality,terrestrial area with a distance value,1.0000000000002638,0.98,>= 98%,True,-2.9736048356048876e-07,,
ETH,Ethiopia,climate_zone,classified terrestrial area,1.0,0.95,>= 95% and A1 - A2 > unclassified,True,0.0,,
ETH,Ethiopia,spatial_block,OWID label present,1.0,1.0,nonmissing,True,0.0,,
GAB,Gabon,abs_latitude,geometry,1.0,1.0,100% geometry,True,0.0,,
GAB,Gabon,hemisphere,geometry,1.0,1.0,100% geometry,True,0.0,,
GAB,Gabon,elevation,valid terrestrial area (land-centred ETOPO pixels),0.998191924309908,0.98,>= 98%,True,485.0868704086474,,
GAB,Gabon,continentality,terrestrial area with a distance value,1.0000000000000169,0.98,>= 98%,True,-4.5274819823185954e-09,,
GAB,Gabon,climate_zone,classified terrestrial area,0.9994838012001692,0.95,>= 95% and A1 - A2 > unclassified,True,138.4904745364236,,
GAB,Gabon,spatial_block,OWID label present,1.0,1.0,nonmissing,True,0.0,,
GHA,Ghana,abs_latitude,geometry,1.0,1.0,100% geometry,True,0.0,,
GHA,Ghana,hemisphere,geometry,1.0,1.0,100% geometry,True,0.0,,
GHA,Ghana,elevation,valid terrestrial area (land-centred ETOPO pixels),0.9958392283660314,0.98,>= 98%,True,952.9265561919938,,
GHA,Ghana,continentality,terrestrial area with a distance value,1.0000000000000346,0.98,>= 98%,True,-7.933235998463862e-09,,
GHA,Ghana,climate_zone,classified terrestrial area,0.9993608322305843,0.95,>= 95% and A1 - A2 > unclassified,True,146.38629439927394,,
GHA,Ghana,spatial_block,OWID label present,1.0,1.0,nonmissing,True,0.0,,
GIN,Guinea,abs_latitude,geometry,1.0,1.0,100% geometry,True,0.0,,
GIN,Guinea,hemisphere,geometry,1.0,1.0,100% geometry,True,0.0,,
GIN,Guinea,elevation,valid terrestrial area (land-centred ETOPO pixels),0.998701288452454,0.98,>= 98%,True,320.3975921244639,,
GIN,Guinea,continentality,terrestrial area with a distance value,1.000000000000082,0.98,>= 98%,True,-2.0213575135185716e-08,,
GIN,Guinea,climate_zone,classified terrestrial area,0.9994802491081195,0.95,>= 95% and A1 - A2 > unclassified,True,128.2247274829549,,
GIN,Guinea,spatial_block,OWID label present,1.0,1.0,nonmissing,True,0.0,,
GNB,Guinea Bissau,abs_latitude,geometry,1.0,1.0,100% geometry,True,0.0,,
GNB,Guinea Bissau,hemisphere,geometry,1.0,1.0,100% geometry,True,0.0,,
GNB,Guinea Bissau,elevation,valid terrestrial area (land-centred ETOPO pixels),0.9840194430173822,0.98,>= 98%,True,547.1441521693995,,
GNB,Guinea Bissau,continentality,terrestrial area with a distance value,1.000000000000037,0.98,>= 98%,True,-1.2695989262881248e-09,,
GNB,Guinea Bissau,climate_zone,classified terrestrial area,0.9999479687666618,0.95,>= 95% and A1 - A2 > unclassified,True,1.7814513650630408,,
GNB,Guinea Bissau,spatial_block,OWID label present,1.0,1.0,nonmissing,True,0.0,,
KEN,Kenya,abs_latitude,geometry,1.0,1.0,100% geometry,True,0.0,,
KEN,Kenya,hemisphere,geometry,1.0,1.0,100% geometry,True,0.0,,
KEN,Kenya,elevation,valid terrestrial area (land-centred ETOPO pixels),0.9988680240749032,0.98,>= 98%,True,658.2495345266414,,
KEN,Kenya,continentality,terrestrial area with a distance value,0.9999999999997692,0.98,>= 98%,True,1.3422026423183877e-07,,
KEN,Kenya,climate_zone,classified terrestrial area,0.9998512059838659,0.95,>= 95% and A1 - A2 > unclassified,True,86.5244478165408,,
KEN,Kenya,spatial_block,OWID label present,1.0,1.0,nonmissing,True,0.0,,
LSO,Lesotho,abs_latitude,geometry,1.0,1.0,100% geometry,True,0.0,,
LSO,Lesotho,hemisphere,geometry,1.0,1.0,100% geometry,True,0.0,,
LSO,Lesotho,elevation,valid terrestrial area (land-centred ETOPO pixels),1.0,0.98,>= 98%,True,0.0,,
LSO,Lesotho,continentality,terrestrial area with a distance value,0.9999999999999742,0.98,>= 98%,True,7.96276286756324e-10,,
LSO,Lesotho,climate_zone,classified terrestrial area,1.0,0.95,>= 95% and A1 - A2 > unclassified,True,0.0,,
LSO,Lesotho,spatial_block,OWID label present,1.0,1.0,nonmissing,True,0.0,,
LBR,Liberia,abs_latitude,geometry,1.0,1.0,100% geometry,True,0.0,,
LBR,Liberia,hemisphere,geometry,1.0,1.0,100% geometry,True,0.0,,
LBR,Liberia,elevation,valid terrestrial area (land-centred ETOPO pixels),0.9983942500108192,0.98,>= 98%,True,154.98576918301885,,
LBR,Liberia,continentality,terrestrial area with a distance value,1.000000000000016,0.98,>= 98%,True,-1.543073514916045e-09,,
LBR,Liberia,climate_zone,classified terrestrial area,0.9987933967089329,0.95,>= 95% and A1 - A2 > unclassified,True,116.46043308410864,,
LBR,Liberia,spatial_block,OWID label present,1.0,1.0,nonmissing,True,0.0,,
LBY,Libya,abs_latitude,geometry,1.0,1.0,100% geometry,True,0.0,,
LBY,Libya,hemisphere,geometry,1.0,1.0,100% geometry,True,0.0,,
LBY,Libya,elevation,valid terrestrial area (land-centred ETOPO pixels),0.9997330080882798,0.98,>= 98%,True,432.2162707446134,,
LBY,Libya,continentality,terrestrial area with a distance value,0.9999999999990156,0.98,>= 98%,True,1.5936389842684614e-06,,
LBY,Libya,climate_zone,classified terrestrial area,0.9998790792584464,0.95,>= 95% and A1 - A2 > unclassified,True,195.750918569876,,
LBY,Libya,spatial_block,OWID label present,1.0,1.0,nonmissing,True,0.0,,
MDG,Madagascar,abs_latitude,geometry,1.0,1.0,100% geometry,True,0.0,,
MDG,Madagascar,hemisphere,geometry,1.0,1.0,100% geometry,True,0.0,,
MDG,Madagascar,elevation,valid terrestrial area (land-centred ETOPO pixels),0.9972186263428846,0.98,>= 98%,True,1649.0769473875168,,
MDG,Madagascar,continentality,terrestrial area with a distance value,1.000000000000056,0.98,>= 98%,True,-3.3175872238847645e-08,,
MDG,Madagascar,climate_zone,classified terrestrial area,0.9982735431258464,0.95,>= 95% and A1 - A2 > unclassified,True,1023.6165948224973,,
MDG,Madagascar,spatial_block,OWID label present,1.0,1.0,nonmissing,True,0.0,,
MWI,Malawi,abs_latitude,geometry,1.0,1.0,100% geometry,True,0.0,,
MWI,Malawi,hemisphere,geometry,1.0,1.0,100% geometry,True,0.0,,
MWI,Malawi,elevation,valid terrestrial area (land-centred ETOPO pixels),0.9974038360099662,0.98,>= 98%,True,254.5325542533735,,
MWI,Malawi,continentality,terrestrial area with a distance value,0.9999999999999986,0.98,>= 98%,True,1.4150272260674332e-10,,
MWI,Malawi,climate_zone,classified terrestrial area,1.0,0.95,>= 95% and A1 - A2 > unclassified,True,0.0,,
MWI,Malawi,spatial_block,OWID label present,1.0,1.0,nonmissing,True,0.0,,
MLI,Mali,abs_latitude,geometry,1.0,1.0,100% geometry,True,0.0,,
MLI,Mali,hemisphere,geometry,1.0,1.0,100% geometry,True,0.0,,
MLI,Mali,elevation,valid terrestrial area (land-centred ETOPO pixels),0.9992444836720908,0.98,>= 98%,True,945.6491739345345,,
MLI,Mali,continentality,terrestrial area with a distance value,1.0000000000000322,0.98,>= 98%,True,-4.0299014028903206e-08,,
MLI,Mali,climate_zone,classified terrestrial area,1.0,0.95,>= 95% and A1 - A2 > unclassified,True,0.0,,
MLI,Mali,spatial_block,OWID label present,1.0,1.0,nonmissing,True,0.0,,
MRT,Mauritania,abs_latitude,geometry,1.0,1.0,100% geometry,True,0.0,,
MRT,Mauritania,hemisphere,geometry,1.0,1.0,100% geometry,True,0.0,,
MRT,Mauritania,elevation,valid terrestrial area (land-centred ETOPO pixels),0.9995942983933708,0.98,>= 98%,True,422.5274121220602,,
MRT,Mauritania,continentality,terrestrial area with a distance value,1.0000000000003049,0.98,>= 98%,True,-3.175111089916472e-07,,
MRT,Mauritania,climate_zone,classified terrestrial area,0.999794894532491,0.95,>= 95% and A1 - A2 > unclassified,True,213.6118787368946,,
MRT,Mauritania,spatial_block,OWID label present,1.0,1.0,nonmissing,True,0.0,,
MAR,Morocco,abs_latitude,geometry,1.0,1.0,100% geometry,True,0.0,,
MAR,Morocco,hemisphere,geometry,1.0,1.0,100% geometry,True,0.0,,
MAR,Morocco,elevation,valid terrestrial area (land-centred ETOPO pixels),0.9990538312631774,0.98,>= 98%,True,387.37538323482437,,
MAR,Morocco,continentality,terrestrial area with a distance value,0.9999999999998678,0.98,>= 98%,True,5.413590684275741e-08,,
MAR,Morocco,climate_zone,classified terrestrial area,0.9997594323536351,0.95,>= 95% and A1 - A2 > unclassified,True,98.49192916419995,,
MAR,Morocco,spatial_block,OWID label present,1.0,1.0,nonmissing,True,0.0,,
MOZ,Mozambique,abs_latitude,geometry,1.0,1.0,100% geometry,True,0.0,,
MOZ,Mozambique,hemisphere,geometry,1.0,1.0,100% geometry,True,0.0,,
MOZ,Mozambique,elevation,valid terrestrial area (land-centred ETOPO pixels),0.997902641059105,0.98,>= 98%,True,1634.759159620119,,
MOZ,Mozambique,continentality,terrestrial area with a distance value,0.9999999999999484,0.98,>= 98%,True,4.023872399008482e-08,,
MOZ,Mozambique,climate_zone,classified terrestrial area,0.9991913697653437,0.95,>= 95% and A1 - A2 > unclassified,True,630.2763237493313,,
MOZ,Mozambique,spatial_block,OWID label present,1.0,1.0,nonmissing,True,0.0,,
NAM,Namibia,abs_latitude,geometry,1.0,1.0,100% geometry,True,0.0,,
NAM,Namibia,hemisphere,geometry,1.0,1.0,100% geometry,True,0.0,,
NAM,Namibia,elevation,valid terrestrial area (land-centred ETOPO pixels),0.9995813018173072,0.98,>= 98%,True,343.3715856199252,,
NAM,Namibia,continentality,terrestrial area with a distance value,1.000000000000183,0.98,>= 98%,True,-1.5004817419275975e-07,,
NAM,Namibia,climate_zone,classified terrestrial area,0.9997096710368534,0.95,>= 95% and A1 - A2 > unclassified,True,238.09684528816902,,
NAM,Namibia,spatial_block,OWID label present,1.0,1.0,nonmissing,True,0.0,,
NER,Niger,abs_latitude,geometry,1.0,1.0,100% geometry,True,0.0,,
NER,Niger,hemisphere,geometry,1.0,1.0,100% geometry,True,0.0,,
NER,Niger,elevation,valid terrestrial area (land-centred ETOPO pixels),0.999980008206272,0.98,>= 98%,True,23.73708434739922,,
NER,Niger,continentality,terrestrial area with a distance value,1.0000000000001137,0.98,>= 98%,True,-1.3498508902701243e-07,,
NER,Niger,climate_zone,classified terrestrial area,1.0,0.95,>= 95% and A1 - A2 > unclassified,True,0.0,,
NER,Niger,spatial_block,OWID label present,1.0,1.0,nonmissing,True,0.0,,
NGA,Nigeria,abs_latitude,geometry,1.0,1.0,100% geometry,True,0.0,,
NGA,Nigeria,hemisphere,geometry,1.0,1.0,100% geometry,True,0.0,,
NGA,Nigeria,elevation,valid terrestrial area (land-centred ETOPO pixels),0.9985938732009414,0.98,>= 98%,True,1258.0060117689509,,
NGA,Nigeria,continentality,terrestrial area with a distance value,1.0000000000002736,0.98,>= 98%,True,-2.447423717507626e-07,,
NGA,Nigeria,climate_zone,classified terrestrial area,0.9997355868205929,0.95,>= 95% and A1 - A2 > unclassified,True,236.56000974288008,,
NGA,Nigeria,spatial_block,OWID label present,1.0,1.0,nonmissing,True,0.0,,
RWA,Rwanda,abs_latitude,geometry,1.0,1.0,100% geometry,True,0.0,,
RWA,Rwanda,hemisphere,geometry,1.0,1.0,100% geometry,True,0.0,,
RWA,Rwanda,elevation,valid terrestrial area (land-centred ETOPO pixels),0.996019653782974,0.98,>= 98%,True,98.95413567992809,,
RWA,Rwanda,continentality,terrestrial area with a distance value,1.0000000000000022,0.98,>= 98%,True,-5.520181101021011e-11,,
RWA,Rwanda,climate_zone,classified terrestrial area,1.0,0.95,>= 95% and A1 - A2 > unclassified,True,0.0,,
RWA,Rwanda,spatial_block,OWID label present,1.0,1.0,nonmissing,True,0.0,,
SEN,Senegal,abs_latitude,geometry,1.0,1.0,100% geometry,True,0.0,,
SEN,Senegal,hemisphere,geometry,1.0,1.0,100% geometry,True,0.0,,
SEN,Senegal,elevation,valid terrestrial area (land-centred ETOPO pixels),0.9977103082619448,0.98,>= 98%,True,440.6296683145254,,
SEN,Senegal,continentality,terrestrial area with a distance value,1.0000000000000655,0.98,>= 98%,True,-1.2605467584542128e-08,,
SEN,Senegal,climate_zone,classified terrestrial area,0.9995253142009801,0.95,>= 95% and A1 - A2 > unclassified,True,91.34882338065503,,
SEN,Senegal,spatial_block,OWID label present,1.0,1.0,nonmissing,True,0.0,,
SLE,Sierra Leone,abs_latitude,geometry,1.0,1.0,100% geometry,True,0.0,,
SLE,Sierra Leone,hemisphere,geometry,1.0,1.0,100% geometry,True,0.0,,
SLE,Sierra Leone,elevation,valid terrestrial area (land-centred ETOPO pixels),0.9960200326230404,0.98,>= 98%,True,296.54875437442774,,
SLE,Sierra Leone,continentality,terrestrial area with a distance value,0.9999999999999764,0.98,>= 98%,True,1.7620021140737845e-09,,
SLE,Sierra Leone,climate_zone,classified terrestrial area,0.9977677207550079,0.95,>= 95% and A1 - A2 > unclassified,True,166.327903427191,,
SLE,Sierra Leone,spatial_block,OWID label present,1.0,1.0,nonmissing,True,0.0,,
SOM,Somalia,abs_latitude,geometry,1.0,1.0,100% geometry,True,0.0,,
SOM,Somalia,hemisphere,geometry,1.0,1.0,100% geometry,True,0.0,,
SOM,Somalia,elevation,valid terrestrial area (land-centred ETOPO pixels),0.9988120063637962,0.98,>= 98%,True,752.1393943414888,,
SOM,Somalia,continentality,terrestrial area with a distance value,0.999999999999992,0.98,>= 98%,True,5.060890584528716e-09,,
SOM,Somalia,climate_zone,classified terrestrial area,0.999739058916609,0.95,>= 95% and A1 - A2 > unclassified,True,165.20632976427083,,
SOM,Somalia,spatial_block,OWID label present,1.0,1.0,nonmissing,True,0.0,,
ZAF,South Africa,abs_latitude,geometry,1.0,1.0,100% geometry,True,0.0,,
ZAF,South Africa,hemisphere,geometry,1.0,1.0,100% geometry,True,0.0,,
ZAF,South Africa,elevation,valid terrestrial area (land-centred ETOPO pixels),0.999216594374771,0.98,>= 98%,True,955.7719317263203,,
ZAF,South Africa,continentality,terrestrial area with a distance value,0.9999999999997702,0.98,>= 98%,True,2.8038072990430055e-07,,
ZAF,South Africa,climate_zone,classified terrestrial area,0.9995451244106778,0.95,>= 95% and A1 - A2 > unclassified,True,554.9581298634876,,
ZAF,South Africa,spatial_block,OWID label present,1.0,1.0,nonmissing,True,0.0,,
SDN,Sudan,abs_latitude,geometry,1.0,1.0,100% geometry,True,0.0,,
SDN,Sudan,hemisphere,geometry,1.0,1.0,100% geometry,True,0.0,,
SDN,Sudan,elevation,valid terrestrial area (land-centred ETOPO pixels),0.9998147578566778,0.98,>= 98%,True,344.9689554441236,,
SDN,Sudan,continentality,terrestrial area with a distance value,0.9999999999997436,0.98,>= 98%,True,4.773911669335745e-07,,
SDN,Sudan,climate_zone,classified terrestrial area,0.999953444579555,0.95,>= 95% and A1 - A2 > unclassified,True,86.69827757946568,,
SDN,Sudan,spatial_block,OWID label present,1.0,1.0,nonmissing,True,0.0,,
SWZ,Swaziland,abs_latitude,geometry,1.0,1.0,100% geometry,True,0.0,,
SWZ,Swaziland,hemisphere,geometry,1.0,1.0,100% geometry,True,0.0,,
SWZ,Swaziland,elevation,valid terrestrial area (land-centred ETOPO pixels),1.0,0.98,>= 98%,True,0.0,,
SWZ,Swaziland,continentality,terrestrial area with a distance value,0.9999999999999958,0.98,>= 98%,True,7.290051045809068e-11,,
SWZ,Swaziland,climate_zone,classified terrestrial area,1.0,0.95,>= 95% and A1 - A2 > unclassified,True,0.0,,
SWZ,Swaziland,spatial_block,OWID label present,1.0,1.0,nonmissing,True,0.0,,
TZA,Tanzania,abs_latitude,geometry,1.0,1.0,100% geometry,True,0.0,,
TZA,Tanzania,hemisphere,geometry,1.0,1.0,100% geometry,True,0.0,,
TZA,Tanzania,elevation,valid terrestrial area (land-centred ETOPO pixels),0.9982493088978298,0.98,>= 98%,True,1559.5328675359358,,
TZA,Tanzania,continentality,terrestrial area with a distance value,0.9999999999997324,0.98,>= 98%,True,2.3834842143624248e-07,,
TZA,Tanzania,climate_zone,classified terrestrial area,0.9998179604842755,0.95,>= 95% and A1 - A2 > unclassified,True,162.16259259599664,,
TZA,Tanzania,spatial_block,OWID label present,1.0,1.0,nonmissing,True,0.0,,
TGO,Togo,abs_latitude,geometry,1.0,1.0,100% geometry,True,0.0,,
TGO,Togo,hemisphere,geometry,1.0,1.0,100% geometry,True,0.0,,
TGO,Togo,elevation,valid terrestrial area (land-centred ETOPO pixels),0.9996526850945664,0.98,>= 98%,True,21.32396056756507,,
TGO,Togo,continentality,terrestrial area with a distance value,0.9999999999999633,0.98,>= 98%,True,2.256226378092642e-09,,
TGO,Togo,climate_zone,classified terrestrial area,1.0,0.95,>= 95% and A1 - A2 > unclassified,True,0.0,,
TGO,Togo,spatial_block,OWID label present,1.0,1.0,nonmissing,True,0.0,,
TUN,Tunisia,abs_latitude,geometry,1.0,1.0,100% geometry,True,0.0,,
TUN,Tunisia,hemisphere,geometry,1.0,1.0,100% geometry,True,0.0,,
TUN,Tunisia,elevation,valid terrestrial area (land-centred ETOPO pixels),0.9977239722700912,0.98,>= 98%,True,353.92840673092456,,
TUN,Tunisia,continentality,terrestrial area with a distance value,0.9999999999998218,0.98,>= 98%,True,2.770914585082413e-08,,
TUN,Tunisia,climate_zone,classified terrestrial area,0.998458714500851,0.95,>= 95% and A1 - A2 > unclassified,True,239.67402236050648,,
TUN,Tunisia,spatial_block,OWID label present,1.0,1.0,nonmissing,True,0.0,,
UGA,Uganda,abs_latitude,geometry,1.0,1.0,100% geometry,True,0.0,,
UGA,Uganda,hemisphere,geometry,1.0,1.0,100% geometry,True,0.0,,
UGA,Uganda,elevation,valid terrestrial area (land-centred ETOPO pixels),0.995980180498161,0.98,>= 98%,True,827.7867507103351,,
UGA,Uganda,continentality,terrestrial area with a distance value,1.0000000000000413,0.98,>= 98%,True,-8.5048192439383e-09,,
UGA,Uganda,climate_zone,classified terrestrial area,1.0,0.95,>= 95% and A1 - A2 > unclassified,True,0.0,,
UGA,Uganda,spatial_block,OWID label present,1.0,1.0,nonmissing,True,0.0,,
ZMB,Zambia,abs_latitude,geometry,1.0,1.0,100% geometry,True,0.0,,
ZMB,Zambia,hemisphere,geometry,1.0,1.0,100% geometry,True,0.0,,
ZMB,Zambia,elevation,valid terrestrial area (land-centred ETOPO pixels),0.9994322523596398,0.98,>= 98%,True,420.82415348241227,,
ZMB,Zambia,continentality,terrestrial area with a distance value,0.9999999999999792,0.98,>= 98%,True,1.53885307579262e-08,,
ZMB,Zambia,climate_zone,classified terrestrial area,1.0,0.95,>= 95% and A1 - A2 > unclassified,True,0.0,,
ZMB,Zambia,spatial_block,OWID label present,1.0,1.0,nonmissing,True,0.0,,
ZWE,Zimbabwe,abs_latitude,geometry,1.0,1.0,100% geometry,True,0.0,,
ZWE,Zimbabwe,hemisphere,geometry,1.0,1.0,100% geometry,True,0.0,,
ZWE,Zimbabwe,elevation,valid terrestrial area (land-centred ETOPO pixels),0.9995377809113688,0.98,>= 98%,True,179.70872825843034,,
ZWE,Zimbabwe,continentality,terrestrial area with a distance value,0.9999999999999472,0.98,>= 98%,True,2.0546529519674685e-08,,
ZWE,Zimbabwe,climate_zone,classified terrestrial area,1.0,0.95,>= 95% and A1 - A2 > unclassified,True,0.0,,
ZWE,Zimbabwe,spatial_block,OWID label present,1.0,1.0,nonmissing,True,0.0,,
AFG,Afghanistan,abs_latitude,geometry,1.0,1.0,100% geometry,True,0.0,,
AFG,Afghanistan,hemisphere,geometry,1.0,1.0,100% geometry,True,0.0,,
AFG,Afghanistan,elevation,valid terrestrial area (land-centred ETOPO pixels),0.999980102688778,0.98,>= 98%,True,12.77764375727404,,
AFG,Afghanistan,continentality,terrestrial area with a distance value,0.9999999999998856,0.98,>= 98%,True,7.343512480537258e-08,,
AFG,Afghanistan,climate_zone,classified terrestrial area,1.0,0.95,>= 95% and A1 - A2 > unclassified,True,0.0,,
AFG,Afghanistan,spatial_block,OWID label present,1.0,1.0,nonmissing,True,0.0,,
ARM,Armenia,abs_latitude,geometry,1.0,1.0,100% geometry,True,0.0,,
ARM,Armenia,hemisphere,geometry,1.0,1.0,100% geometry,True,0.0,,
ARM,Armenia,elevation,valid terrestrial area (land-centred ETOPO pixels),0.9985734968696124,0.98,>= 98%,True,41.69064983561069,,
ARM,Armenia,continentality,terrestrial area with a distance value,0.9999999999999905,0.98,>= 98%,True,2.7904523867390765e-10,,
ARM,Armenia,climate_zone,classified terrestrial area,1.0,0.95,>= 95% and A1 - A2 > unclassified,True,0.0,,
ARM,Armenia,spatial_block,OWID label present,1.0,1.0,nonmissing,True,0.0,,
AZE,Azerbaijan,abs_latitude,geometry,1.0,1.0,100% geometry,True,0.0,,
AZE,Azerbaijan,hemisphere,geometry,1.0,1.0,100% geometry,True,0.0,,
AZE,Azerbaijan,elevation,valid terrestrial area (land-centred ETOPO pixels),0.9977858564980672,0.98,>= 98%,True,189.88476431247065,,
AZE,Azerbaijan,continentality,terrestrial area with a distance value,1.0000000000000238,0.98,>= 98%,True,-2.037550391687621e-09,,
AZE,Azerbaijan,climate_zone,classified terrestrial area,1.0,0.95,>= 95% and A1 - A2 > unclassified,True,0.0,,
AZE,Azerbaijan,spatial_block,OWID label present,1.0,1.0,nonmissing,True,0.0,,
BGD,Bangladesh,abs_latitude,geometry,1.0,1.0,100% geometry,True,0.0,,
BGD,Bangladesh,hemisphere,geometry,1.0,1.0,100% geometry,True,0.0,,
BGD,Bangladesh,elevation,valid terrestrial area (land-centred ETOPO pixels),0.9924642613750416,0.98,>= 98%,True,1022.8893311506055,,
BGD,Bangladesh,continentality,terrestrial area with a distance value,1.0000000000000455,0.98,>= 98%,True,-6.178697150714559e-09,,
BGD,Bangladesh,climate_zone,classified terrestrial area,0.9997272145298158,0.95,>= 95% and A1 - A2 > unclassified,True,37.027471496973156,,
BGD,Bangladesh,spatial_block,OWID label present,1.0,1.0,nonmissing,True,0.0,,
MMR,Burma,abs_latitude,geometry,1.0,1.0,100% geometry,True,0.0,,
MMR,Burma,hemisphere,geometry,1.0,1.0,100% geometry,True,0.0,,
MMR,Burma,elevation,valid terrestrial area (land-centred ETOPO pixels),0.9963452929978692,0.98,>= 98%,True,2440.409901162268,,
MMR,Burma,continentality,terrestrial area with a distance value,1.0000000000000406,0.98,>= 98%,True,-2.713323200022032e-08,,
MMR,Burma,climate_zone,classified terrestrial area,0.9984628364434256,0.95,>= 95% and A1 - A2 > unclassified,True,1026.432258723583,,
MMR,Burma,spatial_block,OWID label present,1.0,1.0,nonmissing,True,0.0,,
KHM,Cambodia,abs_latitude,geometry,1.0,1.0,100% geometry,True,0.0,,
KHM,Cambodia,hemisphere,geometry,1.0,1.0,100% geometry,True,0.0,,
KHM,Cambodia,elevation,valid terrestrial area (land-centred ETOPO pixels),0.9959177572764456,0.98,>= 98%,True,718.9453232775297,,
KHM,Cambodia,continentality,terrestrial area with a distance value,0.9999999999999746,0.98,>= 98%,True,4.477573788161147e-09,,
KHM,Cambodia,climate_zone,classified terrestrial area,0.9997458797055419,0.95,>= 95% and A1 - A2 > unclassified,True,44.75446699835618,,
KHM,Cambodia,spatial_block,OWID label present,1.0,1.0,nonmissing,True,0.0,,
CHN,China,abs_latitude,geometry,1.0,1.0,100% geometry,True,0.0,,
CHN,China,hemisphere,geometry,1.0,1.0,100% geometry,True,0.0,,
CHN,China,elevation,valid terrestrial area (land-centred ETOPO pixels),0.9989501908843536,0.98,>= 98%,True,9778.780932791606,,
CHN,China,continentality,terrestrial area with a distance value,1.0000000000001812,0.98,>= 98%,True,-1.6877369623400522e-06,,
CHN,China,climate_zone,classified terrestrial area,0.9998402932558604,0.95,>= 95% and A1 - A2 > unclassified,True,1487.6392680859146,,
CHN,China,spatial_block,OWID label present,1.0,1.0,nonmissing,True,0.0,,
GEO,Georgia,abs_latitude,geometry,1.0,1.0,100% geometry,True,0.0,,
GEO,Georgia,hemisphere,geometry,1.0,1.0,100% geometry,True,0.0,,
GEO,Georgia,elevation,valid terrestrial area (land-centred ETOPO pixels),0.99884372440077,0.98,>= 98%,True,80.11461385595923,,
GEO,Georgia,continentality,terrestrial area with a distance value,1.0000000000000466,0.98,>= 98%,True,-3.230798727210753e-09,,
GEO,Georgia,climate_zone,classified terrestrial area,0.9998894459027143,0.95,>= 95% and A1 - A2 > unclassified,True,7.659937492526015,,
GEO,Georgia,spatial_block,OWID label present,1.0,1.0,nonmissing,True,0.0,,
IND,India,abs_latitude,geometry,1.0,1.0,100% geometry,True,0.0,,
IND,India,hemisphere,geometry,1.0,1.0,100% geometry,True,0.0,,
IND,India,elevation,valid terrestrial area (land-centred ETOPO pixels),0.9988601880605904,0.98,>= 98%,True,3600.2002111390525,,
IND,India,continentality,terrestrial area with a distance value,0.999999999999614,0.98,>= 98%,True,1.2192938174675254e-06,,
IND,India,climate_zone,classified terrestrial area,0.9994603828651932,0.95,>= 95% and A1 - A2 > unclassified,True,1704.4300515678776,,
IND,India,spatial_block,OWID label present,1.0,1.0,nonmissing,True,0.0,,
IDN,Indonesia,abs_latitude,geometry,1.0,1.0,100% geometry,True,0.0,,
IDN,Indonesia,hemisphere,geometry,1.0,1.0,100% geometry,True,0.0,,
IDN,Indonesia,elevation,valid terrestrial area (land-centred ETOPO pixels),0.9906991922473796,0.98,>= 98%,True,17647.727927199412,,
IDN,Indonesia,continentality,terrestrial area with a distance value,0.9999999999994876,0.98,>= 98%,True,9.72187577120148e-07,,
IDN,Indonesia,climate_zone,classified terrestrial area,0.9946849285849192,0.95,>= 95% and A1 - A2 > unclassified,True,10085.030971697455,,
IDN,Indonesia,spatial_block,OWID label present,1.0,1.0,nonmissing,True,0.0,,
IRN,Iran,abs_latitude,geometry,1.0,1.0,100% geometry,True,0.0,,
IRN,Iran,hemisphere,geometry,1.0,1.0,100% geometry,True,0.0,,
IRN,Iran,elevation,valid terrestrial area (land-centred ETOPO pixels),0.9993144035428134,0.98,>= 98%,True,1109.062651961341,,
IRN,Iran,continentality,terrestrial area with a distance value,0.9999999999993746,0.98,>= 98%,True,1.011666797531204e-06,,
IRN,Iran,climate_zone,classified terrestrial area,0.999726872477624,0.95,>= 95% and A1 - A2 > unclassified,True,441.8277415448747,,
IRN,Iran,spatial_block,OWID label present,1.0,1.0,nonmissing,True,0.0,,
IRQ,Iraq,abs_latitude,geometry,1.0,1.0,100% geometry,True,0.0,,
IRQ,Iraq,hemisphere,geometry,1.0,1.0,100% geometry,True,0.0,,
IRQ,Iraq,elevation,valid terrestrial area (land-centred ETOPO pixels),0.9989618314230656,0.98,>= 98%,True,457.7647599043602,,
IRQ,Iraq,continentality,terrestrial area with a distance value,1.000000000000028,0.98,>= 98%,True,-1.2336309234840741e-08,,
IRQ,Iraq,climate_zone,classified terrestrial area,1.0,0.95,>= 95% and A1 - A2 > unclassified,True,0.0,,
IRQ,Iraq,spatial_block,OWID label present,1.0,1.0,nonmissing,True,0.0,,
ISR,Israel,abs_latitude,geometry,1.0,1.0,100% geometry,True,0.0,,
ISR,Israel,hemisphere,geometry,1.0,1.0,100% geometry,True,0.0,,
ISR,Israel,elevation,valid terrestrial area (land-centred ETOPO pixels),0.9970455619707796,0.98,>= 98%,True,64.61596327506537,,
ISR,Israel,continentality,terrestrial area with a distance value,0.999999999999993,0.98,>= 98%,True,1.5297332883743894e-10,,
ISR,Israel,climate_zone,classified terrestrial area,1.0,0.95,>= 95% and A1 - A2 > unclassified,True,0.0,,
ISR,Israel,spatial_block,OWID label present,1.0,1.0,nonmissing,True,0.0,,
JPN,Japan,abs_latitude,geometry,1.0,1.0,100% geometry,True,0.0,,
JPN,Japan,hemisphere,geometry,1.0,1.0,100% geometry,True,0.0,,
JPN,Japan,elevation,valid terrestrial area (land-centred ETOPO pixels),0.9877564104767608,0.98,>= 98%,True,4548.629661397629,,
JPN,Japan,continentality,terrestrial area with a distance value,0.9999999999998672,0.98,>= 98%,True,4.933023989170512e-08,,
JPN,Japan,climate_zone,classified terrestrial area,0.9945042827593782,0.95,>= 95% and A1 - A2 > unclassified,True,2041.7200694207122,,
JPN,Japan,spatial_block,OWID label present,1.0,1.0,nonmissing,True,0.0,,
JOR,Jordan,abs_latitude,geometry,1.0,1.0,100% geometry,True,0.0,,
JOR,Jordan,hemisphere,geometry,1.0,1.0,100% geometry,True,0.0,,
JOR,Jordan,elevation,valid terrestrial area (land-centred ETOPO pixels),0.9997849217773948,0.98,>= 98%,True,18.53020770528726,,
JOR,Jordan,continentality,terrestrial area with a distance value,0.9999999999999696,0.98,>= 98%,True,2.6208649397349503e-09,,
JOR,Jordan,climate_zone,classified terrestrial area,1.0,0.95,>= 95% and A1 - A2 > unclassified,True,0.0,,
JOR,Jordan,spatial_block,OWID label present,1.0,1.0,nonmissing,True,0.0,,
KAZ,Kazakhstan,abs_latitude,geometry,1.0,1.0,100% geometry,True,0.0,,
KAZ,Kazakhstan,hemisphere,geometry,1.0,1.0,100% geometry,True,0.0,,
KAZ,Kazakhstan,elevation,valid terrestrial area (land-centred ETOPO pixels),0.9989961778844,0.98,>= 98%,True,2651.3734694972495,,
KAZ,Kazakhstan,continentality,terrestrial area with a distance value,1.0000000000008702,0.98,>= 98%,True,-2.2984212891701553e-06,,
KAZ,Kazakhstan,climate_zone,classified terrestrial area,1.0,0.95,>= 95% and A1 - A2 > unclassified,True,0.0,,
KAZ,Kazakhstan,spatial_block,OWID label present,1.0,1.0,nonmissing,True,0.0,,
LAO,Laos,abs_latitude,geometry,1.0,1.0,100% geometry,True,0.0,,
LAO,Laos,hemisphere,geometry,1.0,1.0,100% geometry,True,0.0,,
LAO,Laos,elevation,valid terrestrial area (land-centred ETOPO pixels),0.9988073118264412,0.98,>= 98%,True,274.92967984530355,,
LAO,Laos,continentality,terrestrial area with a distance value,0.9999999999998842,0.98,>= 98%,True,2.6692500016830636e-08,,
LAO,Laos,climate_zone,classified terrestrial area,1.0,0.95,>= 95% and A1 - A2 > unclassified,True,0.0,,
LAO,Laos,spatial_block,OWID label present,1.0,1.0,nonmissing,True,0.0,,
LBN,Lebanon,abs_latitude,geometry,1.0,1.0,100% geometry,True,0.0,,
LBN,Lebanon,hemisphere,geometry,1.0,1.0,100% geometry,True,0.0,,
LBN,Lebanon,elevation,valid terrestrial area (land-centred ETOPO pixels),0.9957264137194772,0.98,>= 98%,True,42.92828462011916,,
LBN,Lebanon,continentality,terrestrial area with a distance value,0.9999999999999886,0.98,>= 98%,True,1.148678554038715e-10,,
LBN,Lebanon,climate_zone,classified terrestrial area,1.0,0.95,>= 95% and A1 - A2 > unclassified,True,0.0,,
LBN,Lebanon,spatial_block,OWID label present,1.0,1.0,nonmissing,True,0.0,,
MYS,Malaysia,abs_latitude,geometry,1.0,1.0,100% geometry,True,0.0,,
MYS,Malaysia,hemisphere,geometry,1.0,1.0,100% geometry,True,0.0,,
MYS,Malaysia,elevation,valid terrestrial area (land-centred ETOPO pixels),0.9948687839983216,0.98,>= 98%,True,1696.9626693007608,,
MYS,Malaysia,continentality,terrestrial area with a distance value,1.000000000000063,0.98,>= 98%,True,-2.085501743067957e-08,,
MYS,Malaysia,climate_zone,classified terrestrial area,0.9980805897941966,0.95,>= 95% and A1 - A2 > unclassified,True,634.7749666468735,,
MYS,Malaysia,spatial_block,OWID label present,1.0,1.0,nonmissing,True,0.0,,
MNG,Mongolia,abs_latitude,geometry,1.0,1.0,100% geometry,True,0.0,,
MNG,Mongolia,hemisphere,geometry,1.0,1.0,100% geometry,True,0.0,,
MNG,Mongolia,elevation,valid terrestrial area (land-centred ETOPO pixels),0.999657940722204,0.98,>= 98%,True,530.0214305167607,,
MNG,Mongolia,continentality,terrestrial area with a distance value,1.0000000000002434,0.98,>= 98%,True,-3.770881067443564e-07,,
MNG,Mongolia,climate_zone,classified terrestrial area,1.0,0.95,>= 95% and A1 - A2 > unclassified,True,0.0,,
MNG,Mongolia,spatial_block,OWID label present,1.0,1.0,nonmissing,True,0.0,,
NPL,Nepal,abs_latitude,geometry,1.0,1.0,100% geometry,True,0.0,,
NPL,Nepal,hemisphere,geometry,1.0,1.0,100% geometry,True,0.0,,
NPL,Nepal,elevation,valid terrestrial area (land-centred ETOPO pixels),1.0,0.98,>= 98%,True,0.0,,
NPL,Nepal,continentality,terrestrial area with a distance value,0.9999999999999438,0.98,>= 98%,True,8.066170171511414e-09,,
NPL,Nepal,climate_zone,classified terrestrial area,1.0,0.95,>= 95% and A1 - A2 > unclassified,True,0.0,,
NPL,Nepal,spatial_block,OWID label present,1.0,1.0,nonmissing,True,0.0,,
OMN,Oman,abs_latitude,geometry,1.0,1.0,100% geometry,True,0.0,,
OMN,Oman,hemisphere,geometry,1.0,1.0,100% geometry,True,0.0,,
OMN,Oman,elevation,valid terrestrial area (land-centred ETOPO pixels),0.9981767982169932,0.98,>= 98%,True,567.3999349140578,,
OMN,Oman,continentality,terrestrial area with a distance value,0.9999999999999516,0.98,>= 98%,True,1.5064380054568427e-08,,
OMN,Oman,climate_zone,classified terrestrial area,0.9986910425418364,0.95,>= 95% and A1 - A2 > unclassified,True,407.3615896439426,,
OMN,Oman,spatial_block,OWID label present,1.0,1.0,nonmissing,True,0.0,,
PAK,Pakistan,abs_latitude,geometry,1.0,1.0,100% geometry,True,0.0,,
PAK,Pakistan,hemisphere,geometry,1.0,1.0,100% geometry,True,0.0,,
PAK,Pakistan,elevation,valid terrestrial area (land-centred ETOPO pixels),0.9990096729416452,0.98,>= 98%,True,870.8255127371298,,
PAK,Pakistan,continentality,terrestrial area with a distance value,1.0000000000000968,0.98,>= 98%,True,-8.512932966149068e-08,,
PAK,Pakistan,climate_zone,classified terrestrial area,0.9999471521245903,0.95,>= 95% and A1 - A2 > unclassified,True,46.47078741560882,,
PAK,Pakistan,spatial_block,OWID label present,1.0,1.0,nonmissing,True,0.0,,
PHL,Philippines,abs_latitude,geometry,1.0,1.0,100% geometry,True,0.0,,
PHL,Philippines,hemisphere,geometry,1.0,1.0,100% geometry,True,0.0,,
PHL,Philippines,elevation,valid terrestrial area (land-centred ETOPO pixels),0.9797973882280218,0.98,>= 98%,False,5986.59982212854,GSHHG full-resolution shoreline complexity vs ETOPO 60″ pixel-centre validity rule (spec §4): land in water-centred pixels,faithful consequence of frozen source/resolution; independently reproduced
PHL,Philippines,continentality,terrestrial area with a distance value,0.9999999999999994,0.98,>= 98%,True,1.6449509194060878e-10,,
PHL,Philippines,climate_zone,classified terrestrial area,0.9907173555772835,0.95,>= 95% and A1 - A2 > unclassified,True,2750.707585590342,,
PHL,Philippines,spatial_block,OWID label present,1.0,1.0,nonmissing,True,0.0,,
QAT,Qatar,abs_latitude,geometry,1.0,1.0,100% geometry,True,0.0,,
QAT,Qatar,hemisphere,geometry,1.0,1.0,100% geometry,True,0.0,,
QAT,Qatar,elevation,valid terrestrial area (land-centred ETOPO pixels),0.9833215140348434,0.98,>= 98%,True,190.00830260907583,,
QAT,Qatar,continentality,terrestrial area with a distance value,1.000000000000005,0.98,>= 98%,True,-5.818137972411402e-11,,
QAT,Qatar,climate_zone,classified terrestrial area,0.9896392222788886,0.95,>= 95% and A1 - A2 > unclassified,True,118.03432233663325,,
QAT,Qatar,spatial_block,OWID label present,1.0,1.0,nonmissing,True,0.0,,
SAU,Saudi Arabia,abs_latitude,geometry,1.0,1.0,100% geometry,True,0.0,,
SAU,Saudi Arabia,hemisphere,geometry,1.0,1.0,100% geometry,True,0.0,,
SAU,Saudi Arabia,elevation,valid terrestrial area (land-centred ETOPO pixels),0.9992784730575878,0.98,>= 98%,True,1380.4240208308736,,
SAU,Saudi Arabia,continentality,terrestrial area with a distance value,0.9999999999997732,0.98,>= 98%,True,4.339488598635267e-07,,
SAU,Saudi Arabia,climate_zone,classified terrestrial area,0.9996155765738026,0.95,>= 95% and A1 - A2 > unclassified,True,735.4781928431128,,
SAU,Saudi Arabia,spatial_block,OWID label present,1.0,1.0,nonmissing,True,0.0,,
KOR,South Korea,abs_latitude,geometry,1.0,1.0,100% geometry,True,0.0,,
KOR,South Korea,hemisphere,geometry,1.0,1.0,100% geometry,True,0.0,,
KOR,South Korea,elevation,valid terrestrial area (land-centred ETOPO pixels),0.9816213521488074,0.98,>= 98%,True,1802.4269651202333,,
KOR,South Korea,continentality,terrestrial area with a distance value,1.0000000000000195,0.98,>= 98%,True,-1.9163155212657834e-09,,
KOR,South Korea,climate_zone,classified terrestrial area,0.9924481184153253,0.95,>= 95% and A1 - A2 > unclassified,True,740.6265746981653,,
KOR,South Korea,spatial_block,OWID label present,1.0,1.0,nonmissing,True,0.0,,
LKA,Sri Lanka,abs_latitude,geometry,1.0,1.0,100% geometry,True,0.0,,
LKA,Sri Lanka,hemisphere,geometry,1.0,1.0,100% geometry,True,0.0,,
LKA,Sri Lanka,elevation,valid terrestrial area (land-centred ETOPO pixels),0.9919125279657808,0.98,>= 98%,True,535.7238784154922,,
LKA,Sri Lanka,continentality,terrestrial area with a distance value,0.9999999999999792,0.98,>= 98%,True,1.375244917824959e-09,,
LKA,Sri Lanka,climate_zone,classified terrestrial area,0.9957102552076477,0.95,>= 95% and A1 - A2 > unclassified,True,284.1578564782656,,
LKA,Sri Lanka,spatial_block,OWID label present,1.0,1.0,nonmissing,True,0.0,,
SYR,Syria,abs_latitude,geometry,1.0,1.0,100% geometry,True,0.0,,
SYR,Syria,hemisphere,geometry,1.0,1.0,100% geometry,True,0.0,,
SYR,Syria,elevation,valid terrestrial area (land-centred ETOPO pixels),0.9996325627322354,0.98,>= 98%,True,68.45536037184552,,
SYR,Syria,continentality,terrestrial area with a distance value,0.9999999999999328,0.98,>= 98%,True,1.2513818811101959e-08,,
SYR,Syria,climate_zone,classified terrestrial area,1.0,0.95,>= 95% and A1 - A2 > unclassified,True,0.0,,
SYR,Syria,spatial_block,OWID label present,1.0,1.0,nonmissing,True,0.0,,
TWN,Taiwan,abs_latitude,geometry,1.0,1.0,100% geometry,True,0.0,,
TWN,Taiwan,hemisphere,geometry,1.0,1.0,100% geometry,True,0.0,,
TWN,Taiwan,elevation,valid terrestrial area (land-centred ETOPO pixels),0.9899137752987024,0.98,>= 98%,True,366.53589311531607,,
TWN,Taiwan,continentality,terrestrial area with a distance value,1.000000000000003,0.98,>= 98%,True,-1.1296817985229753e-10,,
TWN,Taiwan,climate_zone,classified terrestrial area,0.9894172826767098,0.95,>= 95% and A1 - A2 > unclassified,True,384.5785574438041,,
TWN,Taiwan,spatial_block,OWID label present,1.0,1.0,nonmissing,True,0.0,,
TJK,Tajikistan,abs_latitude,geometry,1.0,1.0,100% geometry,True,0.0,,
TJK,Tajikistan,hemisphere,geometry,1.0,1.0,100% geometry,True,0.0,,
TJK,Tajikistan,elevation,valid terrestrial area (land-centred ETOPO pixels),0.9996006824838491,0.98,>= 98%,True,55.90188910128783,,
TJK,Tajikistan,continentality,terrestrial area with a distance value,0.9999999999999796,0.98,>= 98%,True,2.8598033864709204e-09,,
TJK,Tajikistan,climate_zone,classified terrestrial area,1.0,0.95,>= 95% and A1 - A2 > unclassified,True,0.0,,
TJK,Tajikistan,spatial_block,OWID label present,1.0,1.0,nonmissing,True,0.0,,
THA,Thailand,abs_latitude,geometry,1.0,1.0,100% geometry,True,0.0,,
THA,Thailand,hemisphere,geometry,1.0,1.0,100% geometry,True,0.0,,
THA,Thailand,elevation,valid terrestrial area (land-centred ETOPO pixels),0.9973565156678555,0.98,>= 98%,True,1364.8982837011338,,
THA,Thailand,continentality,terrestrial area with a distance value,1.0000000000000002,0.98,>= 98%,True,-1.1464728445029819e-10,,
THA,Thailand,climate_zone,classified terrestrial area,0.9985497287032213,0.95,>= 95% and A1 - A2 > unclassified,True,748.8120053537141,,
THA,Thailand,spatial_block,OWID label present,1.0,1.0,nonmissing,True,0.0,,
TUR,Turkey,abs_latitude,geometry,1.0,1.0,100% geometry,True,0.0,,
TUR,Turkey,hemisphere,geometry,1.0,1.0,100% geometry,True,0.0,,
TUR,Turkey,elevation,valid terrestrial area (land-centred ETOPO pixels),0.997415601858738,0.98,>= 98%,True,1993.0527785961394,,
TUR,Turkey,continentality,terrestrial area with a distance value,0.999999999999857,0.98,>= 98%,True,1.1027713442468964e-07,,
TUR,Turkey,climate_zone,classified terrestrial area,0.9995193371361244,0.95,>= 95% and A1 - A2 > unclassified,True,370.6806784605768,,
TUR,Turkey,spatial_block,OWID label present,1.0,1.0,nonmissing,True,0.0,,
TKM,Turkmenistan,abs_latitude,geometry,1.0,1.0,100% geometry,True,0.0,,
TKM,Turkmenistan,hemisphere,geometry,1.0,1.0,100% geometry,True,0.0,,
TKM,Turkmenistan,elevation,valid terrestrial area (land-centred ETOPO pixels),0.9990909850880908,0.98,>= 98%,True,426.1930178685328,,
TKM,Turkmenistan,continentality,terrestrial area with a distance value,0.9999999999998884,0.98,>= 98%,True,5.2313239491332645e-08,,
TKM,Turkmenistan,climate_zone,classified terrestrial area,1.0,0.95,>= 95% and A1 - A2 > unclassified,True,0.0,,
TKM,Turkmenistan,spatial_block,OWID label present,1.0,1.0,nonmissing,True,0.0,,
ARE,United Arab Emirates,abs_latitude,geometry,1.0,1.0,100% geometry,True,0.0,,
ARE,United Arab Emirates,hemisphere,geometry,1.0,1.0,100% geometry,True,0.0,,
ARE,United Arab Emirates,elevation,valid terrestrial area (land-centred ETOPO pixels),0.9941744094513542,0.98,>= 98%,True,462.9707845823252,,
ARE,United Arab Emirates,continentality,terrestrial area with a distance value,1.0000000000000706,0.98,>= 98%,True,-5.611525935873162e-09,,
ARE,United Arab Emirates,climate_zone,classified terrestrial area,0.9968196517382842,0.95,>= 95% and A1 - A2 > unclassified,True,252.74833816012705,,
ARE,United Arab Emirates,spatial_block,OWID label present,1.0,1.0,nonmissing,True,0.0,,
UZB,Uzbekistan,abs_latitude,geometry,1.0,1.0,100% geometry,True,0.0,,
UZB,Uzbekistan,hemisphere,geometry,1.0,1.0,100% geometry,True,0.0,,
UZB,Uzbekistan,elevation,valid terrestrial area (land-centred ETOPO pixels),0.9991777909775384,0.98,>= 98%,True,343.25928123785326,,
UZB,Uzbekistan,continentality,terrestrial area with a distance value,0.9999999999997512,0.98,>= 98%,True,1.0387047961124126e-07,,
UZB,Uzbekistan,climate_zone,classified terrestrial area,1.0,0.95,>= 95% and A1 - A2 > unclassified,True,0.0,,
UZB,Uzbekistan,spatial_block,OWID label present,1.0,1.0,nonmissing,True,0.0,,
VNM,Vietnam,abs_latitude,geometry,1.0,1.0,100% geometry,True,0.0,,
VNM,Vietnam,hemisphere,geometry,1.0,1.0,100% geometry,True,0.0,,
VNM,Vietnam,elevation,valid terrestrial area (land-centred ETOPO pixels),0.993735663631022,0.98,>= 98%,True,2063.2693473746135,,
VNM,Vietnam,continentality,terrestrial area with a distance value,1.000000000000008,0.98,>= 98%,True,-2.632834637836132e-09,,
VNM,Vietnam,climate_zone,classified terrestrial area,0.9981131452983008,0.95,>= 95% and A1 - A2 > unclassified,True,621.4687781206801,,
VNM,Vietnam,spatial_block,OWID label present,1.0,1.0,nonmissing,True,0.0,,
YEM,Yemen,abs_latitude,geometry,1.0,1.0,100% geometry,True,0.0,,
YEM,Yemen,hemisphere,geometry,1.0,1.0,100% geometry,True,0.0,,
YEM,Yemen,elevation,valid terrestrial area (land-centred ETOPO pixels),0.9985088073042924,0.98,>= 98%,True,678.2744605528578,,
YEM,Yemen,continentality,terrestrial area with a distance value,0.9999999999999396,0.98,>= 98%,True,2.7471402143867263e-08,,
YEM,Yemen,climate_zone,classified terrestrial area,0.998421568936591,0.95,>= 95% and A1 - A2 > unclassified,True,717.9551516952653,,
YEM,Yemen,spatial_block,OWID label present,1.0,1.0,nonmissing,True,0.0,,
ALB,Albania,abs_latitude,geometry,1.0,1.0,100% geometry,True,0.0,,
ALB,Albania,hemisphere,geometry,1.0,1.0,100% geometry,True,0.0,,
ALB,Albania,elevation,valid terrestrial area (land-centred ETOPO pixels),0.9949327550141288,0.98,>= 98%,True,140.98763557448254,,
ALB,Albania,continentality,terrestrial area with a distance value,0.999999999999999,0.98,>= 98%,True,2.7801092640048506e-11,,
ALB,Albania,climate_zone,classified terrestrial area,1.0,0.95,>= 95% and A1 - A2 > unclassified,True,0.0,,
ALB,Albania,spatial_block,OWID label present,1.0,1.0,nonmissing,True,0.0,,
AUT,Austria,abs_latitude,geometry,1.0,1.0,100% geometry,True,0.0,,
AUT,Austria,hemisphere,geometry,1.0,1.0,100% geometry,True,0.0,,
AUT,Austria,elevation,valid terrestrial area (land-centred ETOPO pixels),0.9992402597312664,0.98,>= 98%,True,63.51820794340607,,
AUT,Austria,continentality,terrestrial area with a distance value,1.0000000000000224,0.98,>= 98%,True,-1.8749715828499687e-09,,
AUT,Austria,climate_zone,classified terrestrial area,1.0,0.95,>= 95% and A1 - A2 > unclassified,True,0.0,,
AUT,Austria,spatial_block,OWID label present,1.0,1.0,nonmissing,True,0.0,,
BLR,Belarus,abs_latitude,geometry,1.0,1.0,100% geometry,True,0.0,,
BLR,Belarus,hemisphere,geometry,1.0,1.0,100% geometry,True,0.0,,
BLR,Belarus,elevation,valid terrestrial area (land-centred ETOPO pixels),0.999082123707677,0.98,>= 98%,True,188.87408717534638,,
BLR,Belarus,continentality,terrestrial area with a distance value,0.9999999999999782,0.98,>= 98%,True,4.477695193767461e-09,,
BLR,Belarus,climate_zone,classified terrestrial area,1.0,0.95,>= 95% and A1 - A2 > unclassified,True,0.0,,
BLR,Belarus,spatial_block,OWID label present,1.0,1.0,nonmissing,True,0.0,,
BEL,Belgium,abs_latitude,geometry,1.0,1.0,100% geometry,True,0.0,,
BEL,Belgium,hemisphere,geometry,1.0,1.0,100% geometry,True,0.0,,
BEL,Belgium,elevation,valid terrestrial area (land-centred ETOPO pixels),0.9995851966454032,0.98,>= 98%,True,12.714730653639826,,
BEL,Belgium,continentality,terrestrial area with a distance value,0.9999999999999912,0.98,>= 98%,True,2.6884516212429603e-10,,
BEL,Belgium,climate_zone,classified terrestrial area,1.0,0.95,>= 95% and A1 - A2 > unclassified,True,0.0,,
BEL,Belgium,spatial_block,OWID label present,1.0,1.0,nonmissing,True,0.0,,
BIH,Bosnia And Herzegovina,abs_latitude,geometry,1.0,1.0,100% geometry,True,0.0,,
BIH,Bosnia And Herzegovina,hemisphere,geometry,1.0,1.0,100% geometry,True,0.0,,
BIH,Bosnia And Herzegovina,elevation,valid terrestrial area (land-centred ETOPO pixels),0.9995815914867278,0.98,>= 98%,True,21.53657519449282,,
BIH,Bosnia And Herzegovina,continentality,terrestrial area with a distance value,1.000000000000092,0.98,>= 98%,True,-4.731694490017686e-09,,
BIH,Bosnia And Herzegovina,climate_zone,classified terrestrial area,1.0,0.95,>= 95% and A1 - A2 > unclassified,True,0.0,,
BIH,Bosnia And Herzegovina,spatial_block,OWID label present,1.0,1.0,nonmissing,True,0.0,,
BGR,Bulgaria,abs_latitude,geometry,1.0,1.0,100% geometry,True,0.0,,
BGR,Bulgaria,hemisphere,geometry,1.0,1.0,100% geometry,True,0.0,,
BGR,Bulgaria,elevation,valid terrestrial area (land-centred ETOPO pixels),0.9991782355645812,0.98,>= 98%,True,91.53613663875727,,
BGR,Bulgaria,continentality,terrestrial area with a distance value,0.9999999999999756,0.98,>= 98%,True,2.7206842815670856e-09,,
BGR,Bulgaria,climate_zone,classified terrestrial area,0.9995615438754822,0.95,>= 95% and A1 - A2 > unclassified,True,48.83951895959458,,
BGR,Bulgaria,spatial_block,OWID label present,1.0,1.0,nonmissing,True,0.0,,
HRV,Croatia,abs_latitude,geometry,1.0,1.0,100% geometry,True,0.0,,
HRV,Croatia,hemisphere,geometry,1.0,1.0,100% geometry,True,0.0,,
HRV,Croatia,elevation,valid terrestrial area (land-centred ETOPO pixels),0.9855746919443468,0.98,>= 98%,True,813.8343844323128,,
HRV,Croatia,continentality,terrestrial area with a distance value,1.000000000000005,0.98,>= 98%,True,-2.881237110760894e-10,,
HRV,Croatia,climate_zone,classified terrestrial area,0.9986858045111194,0.95,>= 95% and A1 - A2 > unclassified,True,74.1431290472642,,
HRV,Croatia,spatial_block,OWID label present,1.0,1.0,nonmissing,True,0.0,,
CYP,Cyprus,abs_latitude,geometry,1.0,1.0,100% geometry,True,0.0,,
CYP,Cyprus,hemisphere,geometry,1.0,1.0,100% geometry,True,0.0,,
CYP,Cyprus,elevation,valid terrestrial area (land-centred ETOPO pixels),0.984278173691531,0.98,>= 98%,True,146.21560412720498,,
CYP,Cyprus,continentality,terrestrial area with a distance value,1.000000000000015,0.98,>= 98%,True,-1.4042352384768165e-10,,
CYP,Cyprus,climate_zone,classified terrestrial area,0.9934588234332623,0.95,>= 95% and A1 - A2 > unclassified,True,60.83403191479524,,
CYP,Cyprus,spatial_block,OWID label present,1.0,1.0,nonmissing,True,0.0,,
CZE,Czech Republic,abs_latitude,geometry,1.0,1.0,100% geometry,True,0.0,,
CZE,Czech Republic,hemisphere,geometry,1.0,1.0,100% geometry,True,0.0,,
CZE,Czech Republic,elevation,valid terrestrial area (land-centred ETOPO pixels),0.999548673730872,0.98,>= 98%,True,36.018100630205126,,
CZE,Czech Republic,continentality,terrestrial area with a distance value,0.999999999999987,0.98,>= 98%,True,1.0366359994778888e-09,,
CZE,Czech Republic,climate_zone,classified terrestrial area,1.0,0.95,>= 95% and A1 - A2 > unclassified,True,0.0,,
CZE,Czech Republic,spatial_block,OWID label present,1.0,1.0,nonmissing,True,0.0,,
DNK,Denmark,abs_latitude,geometry,1.0,1.0,100% geometry,True,0.0,,
DNK,Denmark,hemisphere,geometry,1.0,1.0,100% geometry,True,0.0,,
DNK,Denmark,elevation,valid terrestrial area (land-centred ETOPO pixels),0.9764905302661402,0.98,>= 98%,False,1018.8195740883832,GSHHG full-resolution shoreline complexity vs ETOPO 60″ pixel-centre validity rule (spec §4): land in water-centred pixels,faithful consequence of frozen source/resolution; independently reproduced
DNK,Denmark,continentality,terrestrial area with a distance value,0.9999999999999886,0.98,>= 98%,True,4.955664550300305e-10,,
DNK,Denmark,climate_zone,classified terrestrial area,0.9929552090930669,0.95,>= 95% and A1 - A2 > unclassified,True,305.29701233567187,,
DNK,Denmark,spatial_block,OWID label present,1.0,1.0,nonmissing,True,0.0,,
EST,Estonia,abs_latitude,geometry,1.0,1.0,100% geometry,True,0.0,,
EST,Estonia,hemisphere,geometry,1.0,1.0,100% geometry,True,0.0,,
EST,Estonia,elevation,valid terrestrial area (land-centred ETOPO pixels),0.9904150630324622,0.98,>= 98%,True,419.9184098195389,,
EST,Estonia,continentality,terrestrial area with a distance value,0.9999999999999504,0.98,>= 98%,True,2.1741695393009006e-09,,
EST,Estonia,climate_zone,classified terrestrial area,0.9941416350653874,0.95,>= 95% and A1 - A2 > unclassified,True,256.6563865591062,,
EST,Estonia,spatial_block,OWID label present,1.0,1.0,nonmissing,True,0.0,,
FIN,Finland,abs_latitude,geometry,1.0,1.0,100% geometry,True,0.0,,
FIN,Finland,hemisphere,geometry,1.0,1.0,100% geometry,True,0.0,,
FIN,Finland,elevation,valid terrestrial area (land-centred ETOPO pixels),0.9825915694770536,0.98,>= 98%,True,5279.312704866714,,
FIN,Finland,continentality,terrestrial area with a distance value,1.000000000000098,0.98,>= 98%,True,-2.9695906239603763e-08,,
FIN,Finland,climate_zone,classified terrestrial area,0.9989369315829864,0.95,>= 95% and A1 - A2 > unclassified,True,322.38808620254696,,
FIN,Finland,spatial_block,OWID label present,1.0,1.0,nonmissing,True,0.0,,
FRA,France,abs_latitude,geometry,1.0,1.0,100% geometry,True,0.0,,
FRA,France,hemisphere,geometry,1.0,1.0,100% geometry,True,0.0,,
FRA,France,elevation,valid terrestrial area (land-centred ETOPO pixels),0.9978653265416269,0.98,>= 98%,True,1167.724198572223,,
FRA,France,continentality,terrestrial area with a distance value,0.9999999999999702,0.98,>= 98%,True,1.627623132727304e-08,,
FRA,France,climate_zone,classified terrestrial area,0.999611738222927,0.95,>= 95% and A1 - A2 > unclassified,True,212.38970798572566,,
FRA,France,spatial_block,OWID label present,1.0,1.0,nonmissing,True,0.0,,
DEU,Germany,abs_latitude,geometry,1.0,1.0,100% geometry,True,0.0,,
DEU,Germany,hemisphere,geometry,1.0,1.0,100% geometry,True,0.0,,
DEU,Germany,elevation,valid terrestrial area (land-centred ETOPO pixels),0.9976045524884,0.98,>= 98%,True,851.5802889210863,,
DEU,Germany,continentality,terrestrial area with a distance value,1.000000000000154,0.98,>= 98%,True,-5.478209507093428e-08,,
DEU,Germany,climate_zone,classified terrestrial area,0.9997432314004177,0.95,>= 95% and A1 - A2 > unclassified,True,91.28109764849091,,
DEU,Germany,spatial_block,OWID label present,1.0,1.0,nonmissing,True,0.0,,
GRC,Greece,abs_latitude,geometry,1.0,1.0,100% geometry,True,0.0,,
GRC,Greece,hemisphere,geometry,1.0,1.0,100% geometry,True,0.0,,
GRC,Greece,elevation,valid terrestrial area (land-centred ETOPO pixels),0.9811993116099246,0.98,>= 98%,True,2492.5883913420257,,
GRC,Greece,continentality,terrestrial area with a distance value,1.000000000000041,0.98,>= 98%,True,-5.446139616055688e-09,,
GRC,Greece,climate_zone,classified terrestrial area,0.9921866274037148,0.95,>= 95% and A1 - A2 > unclassified,True,1035.8940814641273,,
GRC,Greece,spatial_block,OWID label present,1.0,1.0,nonmissing,True,0.0,,
HUN,Hungary,abs_latitude,geometry,1.0,1.0,100% geometry,True,0.0,,
HUN,Hungary,hemisphere,geometry,1.0,1.0,100% geometry,True,0.0,,
HUN,Hungary,elevation,valid terrestrial area (land-centred ETOPO pixels),0.9994187357404556,0.98,>= 98%,True,52.761615279660894,,
HUN,Hungary,continentality,terrestrial area with a distance value,1.000000000000034,0.98,>= 98%,True,-3.083728389668525e-09,,
HUN,Hungary,climate_zone,classified terrestrial area,1.0,0.95,>= 95% and A1 - A2 > unclassified,True,0.0,,
HUN,Hungary,spatial_block,OWID label present,1.0,1.0,nonmissing,True,0.0,,
ISL,Iceland,abs_latitude,geometry,1.0,1.0,100% geometry,True,0.0,,
ISL,Iceland,hemisphere,geometry,1.0,1.0,100% geometry,True,0.0,,
ISL,Iceland,elevation,valid terrestrial area (land-centred ETOPO pixels),0.9882936012889222,0.98,>= 98%,True,1185.84502393133,,
ISL,Iceland,continentality,terrestrial area with a distance value,0.9999999999999752,0.98,>= 98%,True,2.507954866555602e-09,,
ISL,Iceland,climate_zone,classified terrestrial area,0.9971861140156426,0.95,>= 95% and A1 - A2 > unclassified,True,285.0434856026784,,
ISL,Iceland,spatial_block,OWID label present,1.0,1.0,nonmissing,True,0.0,,
IRL,Ireland,abs_latitude,geometry,1.0,1.0,100% geometry,True,0.0,,
IRL,Ireland,hemisphere,geometry,1.0,1.0,100% geometry,True,0.0,,
IRL,Ireland,elevation,valid terrestrial area (land-centred ETOPO pixels),0.9854637432438668,0.98,>= 98%,True,1004.8791556927746,,
IRL,Ireland,continentality,terrestrial area with a distance value,0.9999999999999988,0.98,>= 98%,True,8.442365828876929e-11,,
IRL,Ireland,climate_zone,classified terrestrial area,0.9973559229228112,0.95,>= 95% and A1 - A2 > unclassified,True,182.7828157886028,,
IRL,Ireland,spatial_block,OWID label present,1.0,1.0,nonmissing,True,0.0,,
ITA,Italy,abs_latitude,geometry,1.0,1.0,100% geometry,True,0.0,,
ITA,Italy,hemisphere,geometry,1.0,1.0,100% geometry,True,0.0,,
ITA,Italy,elevation,valid terrestrial area (land-centred ETOPO pixels),0.9944701535102964,0.98,>= 98%,True,1652.9686858512928,,
ITA,Italy,continentality,terrestrial area with a distance value,0.9999999999999084,0.98,>= 98%,True,2.7378883218235017e-08,,
ITA,Italy,climate_zone,classified terrestrial area,0.9950531608040777,0.95,>= 95% and A1 - A2 > unclassified,True,1478.6975190046767,,
ITA,Italy,spatial_block,OWID label present,1.0,1.0,nonmissing,True,0.0,,
LVA,Latvia,abs_latitude,geometry,1.0,1.0,100% geometry,True,0.0,,
LVA,Latvia,hemisphere,geometry,1.0,1.0,100% geometry,True,0.0,,
LVA,Latvia,elevation,valid terrestrial area (land-centred ETOPO pixels),0.9970543440956896,0.98,>= 98%,True,186.11375876551296,,
LVA,Latvia,continentality,terrestrial area with a distance value,0.9999999999999856,0.98,>= 98%,True,9.119059488321033e-10,,
LVA,Latvia,climate_zone,classified terrestrial area,0.9992794960211899,0.95,>= 95% and A1 - A2 > unclassified,True,45.523207074399615,,
LVA,Latvia,spatial_block,OWID label present,1.0,1.0,nonmissing,True,0.0,,
LTU,Lithuania,abs_latitude,geometry,1.0,1.0,100% geometry,True,0.0,,
LTU,Lithuania,hemisphere,geometry,1.0,1.0,100% geometry,True,0.0,,
LTU,Lithuania,elevation,valid terrestrial area (land-centred ETOPO pixels),0.9977394704045176,0.98,>= 98%,True,143.38349820064724,,
LTU,Lithuania,continentality,terrestrial area with a distance value,0.9999999999999885,0.98,>= 98%,True,7.323733687303269e-10,,
LTU,Lithuania,climate_zone,classified terrestrial area,0.999721182944247,0.95,>= 95% and A1 - A2 > unclassified,True,17.68513223262217,,
LTU,Lithuania,spatial_block,OWID label present,1.0,1.0,nonmissing,True,0.0,,
MKD,Macedonia,abs_latitude,geometry,1.0,1.0,100% geometry,True,0.0,,
MKD,Macedonia,hemisphere,geometry,1.0,1.0,100% geometry,True,0.0,,
MKD,Macedonia,elevation,valid terrestrial area (land-centred ETOPO pixels),0.998854263546842,0.98,>= 98%,True,27.30666917256648,,
MKD,Macedonia,continentality,terrestrial area with a distance value,1.0000000000000115,0.98,>= 98%,True,-2.751867802403467e-10,,
MKD,Macedonia,climate_zone,classified terrestrial area,1.0,0.95,>= 95% and A1 - A2 > unclassified,True,0.0,,
MKD,Macedonia,spatial_block,OWID label present,1.0,1.0,nonmissing,True,0.0,,
MDA,Moldova,abs_latitude,geometry,1.0,1.0,100% geometry,True,0.0,,
MDA,Moldova,hemisphere,geometry,1.0,1.0,100% geometry,True,0.0,,
MDA,Moldova,elevation,valid terrestrial area (land-centred ETOPO pixels),0.999655724729424,0.98,>= 98%,True,11.904575384569618,,
MDA,Moldova,continentality,terrestrial area with a distance value,0.9999999999999664,0.98,>= 98%,True,1.163217532723528e-09,,
MDA,Moldova,climate_zone,classified terrestrial area,1.0,0.95,>= 95% and A1 - A2 > unclassified,True,0.0,,
MDA,Moldova,spatial_block,OWID label present,1.0,1.0,nonmissing,True,0.0,,
MNE,Montenegro,abs_latitude,geometry,1.0,1.0,100% geometry,True,0.0,,
MNE,Montenegro,hemisphere,geometry,1.0,1.0,100% geometry,True,0.0,,
MNE,Montenegro,elevation,valid terrestrial area (land-centred ETOPO pixels),0.9953188055181268,0.98,>= 98%,True,61.25387750442872,,
MNE,Montenegro,continentality,terrestrial area with a distance value,1.000000000000001,0.98,>= 98%,True,-1.4527374458873774e-11,,
MNE,Montenegro,climate_zone,classified terrestrial area,1.0,0.95,>= 95% and A1 - A2 > unclassified,True,0.0,,
MNE,Montenegro,spatial_block,OWID label present,1.0,1.0,nonmissing,True,0.0,,
NLD,Netherlands,abs_latitude,geometry,1.0,1.0,100% geometry,True,0.0,,
NLD,Netherlands,hemisphere,geometry,1.0,1.0,100% geometry,True,0.0,,
NLD,Netherlands,elevation,valid terrestrial area (land-centred ETOPO pixels),0.9887446903138488,0.98,>= 98%,True,386.3273443859106,,
NLD,Netherlands,continentality,terrestrial area with a distance value,0.9999999999999524,0.98,>= 98%,True,1.6348033604870008e-09,,
NLD,Netherlands,climate_zone,classified terrestrial area,0.9989232034271666,0.95,>= 95% and A1 - A2 > unclassified,True,36.95997462765897,,
NLD,Netherlands,spatial_block,OWID label present,1.0,1.0,nonmissing,True,0.0,,
NOR,Norway,abs_latitude,geometry,1.0,1.0,100% geometry,True,0.0,,
NOR,Norway,hemisphere,geometry,1.0,1.0,100% geometry,True,0.0,,
NOR,Norway,elevation,valid terrestrial area (land-centred ETOPO pixels),0.9791552752421504,0.98,>= 98%,False,6673.329455885175,GSHHG full-resolution shoreline complexity vs ETOPO 60″ pixel-centre validity rule (spec §4): land in water-centred pixels,faithful consequence of frozen source/resolution; independently reproduced
NOR,Norway,continentality,terrestrial area with a distance value,1.0000000000000775,0.98,>= 98%,True,-2.480915963646873e-08,,
NOR,Norway,climate_zone,classified terrestrial area,0.9976448298689184,0.95,>= 95% and A1 - A2 > unclassified,True,753.9953821385388,,
NOR,Norway,spatial_block,OWID label present,1.0,1.0,nonmissing,True,0.0,,
POL,Poland,abs_latitude,geometry,1.0,1.0,100% geometry,True,0.0,,
POL,Poland,hemisphere,geometry,1.0,1.0,100% geometry,True,0.0,,
POL,Poland,elevation,valid terrestrial area (land-centred ETOPO pixels),0.9982460466358336,0.98,>= 98%,True,539.2154402357232,,
POL,Poland,continentality,terrestrial area with a distance value,1.000000000000097,0.98,>= 98%,True,-2.983087142752467e-08,,
POL,Poland,climate_zone,classified terrestrial area,0.9997327484716385,0.95,>= 95% and A1 - A2 > unclassified,True,82.16076519662778,,
POL,Poland,spatial_block,OWID label present,1.0,1.0,nonmissing,True,0.0,,
PRT,Portugal,abs_latitude,geometry,1.0,1.0,100% geometry,True,0.0,,
PRT,Portugal,hemisphere,geometry,1.0,1.0,100% geometry,True,0.0,,
PRT,Portugal,elevation,valid terrestrial area (land-centred ETOPO pixels),0.9949192773026168,0.98,>= 98%,True,469.57570400379643,,
PRT,Portugal,continentality,terrestrial area with a distance value,1.0000000000000608,0.98,>= 98%,True,-5.623036654699382e-09,,
PRT,Portugal,climate_zone,classified terrestrial area,0.9956987253407577,0.95,>= 95% and A1 - A2 > unclassified,True,397.5367672137809,,
PRT,Portugal,spatial_block,OWID label present,1.0,1.0,nonmissing,True,0.0,,
ROU,Romania,abs_latitude,geometry,1.0,1.0,100% geometry,True,0.0,,
ROU,Romania,hemisphere,geometry,1.0,1.0,100% geometry,True,0.0,,
ROU,Romania,elevation,valid terrestrial area (land-centred ETOPO pixels),0.9990683233766572,0.98,>= 98%,True,219.80426222237935,,
ROU,Romania,continentality,terrestrial area with a distance value,0.999999999999891,0.98,>= 98%,True,2.5721283036948567e-08,,
ROU,Romania,climate_zone,classified terrestrial area,1.0,0.95,>= 95% and A1 - A2 > unclassified,True,0.0,,
ROU,Romania,spatial_block,OWID label present,1.0,1.0,nonmissing,True,0.0,,
RUS,Russia,abs_latitude,geometry,1.0,1.0,100% geometry,True,0.0,,
RUS,Russia,hemisphere,geometry,1.0,1.0,100% geometry,True,0.0,,
RUS,Russia,elevation,valid terrestrial area (land-centred ETOPO pixels),0.9982049810142172,0.98,>= 98%,True,29893.69478636867,,
RUS,Russia,continentality,terrestrial area with a distance value,0.999999999999156,0.98,>= 98%,True,1.4055575900932647e-05,,
RUS,Russia,climate_zone,classified terrestrial area,0.9995622270977734,0.95,>= 95% and A1 - A2 > unclassified,True,7290.535436424258,,
RUS,Russia,spatial_block,OWID label present,1.0,1.0,nonmissing,True,0.0,,
SRB,Serbia,abs_latitude,geometry,1.0,1.0,100% geometry,True,0.0,,
SRB,Serbia,hemisphere,geometry,1.0,1.0,100% geometry,True,0.0,,
SRB,Serbia,elevation,valid terrestrial area (land-centred ETOPO pixels),0.999872895996322,0.98,>= 98%,True,10.060714675347045,,
SRB,Serbia,continentality,terrestrial area with a distance value,0.9999999999999992,0.98,>= 98%,True,6.151455286598497e-11,,
SRB,Serbia,climate_zone,classified terrestrial area,1.0,0.95,>= 95% and A1 - A2 > unclassified,True,0.0,,
SRB,Serbia,spatial_block,OWID label present,1.0,1.0,nonmissing,True,0.0,,
SVK,Slovakia,abs_latitude,geometry,1.0,1.0,100% geometry,True,0.0,,
SVK,Slovakia,hemisphere,geometry,1.0,1.0,100% geometry,True,0.0,,
SVK,Slovakia,elevation,valid terrestrial area (land-centred ETOPO pixels),0.999720414646288,0.98,>= 98%,True,13.949558209674974,,
SVK,Slovakia,continentality,terrestrial area with a distance value,1.0000000000000415,0.98,>= 98%,True,-2.0717047827398195e-09,,
SVK,Slovakia,climate_zone,classified terrestrial area,1.0,0.95,>= 95% and A1 - A2 > unclassified,True,0.0,,
SVK,Slovakia,spatial_block,OWID label present,1.0,1.0,nonmissing,True,0.0,,
SVN,Slovenia,abs_latitude,geometry,1.0,1.0,100% geometry,True,0.0,,
SVN,Slovenia,hemisphere,geometry,1.0,1.0,100% geometry,True,0.0,,
SVN,Slovenia,elevation,valid terrestrial area (land-centred ETOPO pixels),0.9994076347574926,0.98,>= 98%,True,13.04929628166858,,
SVN,Slovenia,continentality,terrestrial area with a distance value,0.9999999999999906,0.98,>= 98%,True,2.0788668755916678e-10,,
SVN,Slovenia,climate_zone,classified terrestrial area,1.0,0.95,>= 95% and A1 - A2 > unclassified,True,0.0,,
SVN,Slovenia,spatial_block,OWID label present,1.0,1.0,nonmissing,True,0.0,,
ESP,Spain,abs_latitude,geometry,1.0,1.0,100% geometry,True,0.0,,
ESP,Spain,hemisphere,geometry,1.0,1.0,100% geometry,True,0.0,,
ESP,Spain,elevation,valid terrestrial area (land-centred ETOPO pixels),0.996742888928612,0.98,>= 98%,True,1639.3637419548566,,
ESP,Spain,continentality,terrestrial area with a distance value,0.999999999999844,0.98,>= 98%,True,7.85107833809922e-08,,
ESP,Spain,climate_zone,classified terrestrial area,0.9983033891706623,0.95,>= 95% and A1 - A2 > unclassified,True,853.9353484923932,,
ESP,Spain,spatial_block,OWID label present,1.0,1.0,nonmissing,True,0.0,,
SWE,Sweden,abs_latitude,geometry,1.0,1.0,100% geometry,True,0.0,,
SWE,Sweden,hemisphere,geometry,1.0,1.0,100% geometry,True,0.0,,
SWE,Sweden,elevation,valid terrestrial area (land-centred ETOPO pixels),0.9892755842799972,0.98,>= 98%,True,4591.772432219493,,
SWE,Sweden,continentality,terrestrial area with a distance value,0.9999999999998588,0.98,>= 98%,True,6.046499995365412e-08,,
SWE,Sweden,climate_zone,classified terrestrial area,0.9989853805640895,0.95,>= 95% and A1 - A2 > unclassified,True,434.4200818622137,,
SWE,Sweden,spatial_block,OWID label present,1.0,1.0,nonmissing,True,0.0,,
CHE,Switzerland,abs_latitude,geometry,1.0,1.0,100% geometry,True,0.0,,
CHE,Switzerland,hemisphere,geometry,1.0,1.0,100% geometry,True,0.0,,
CHE,Switzerland,elevation,valid terrestrial area (land-centred ETOPO pixels),0.996017848215379,0.98,>= 98%,True,153.28933197537654,,
CHE,Switzerland,continentality,terrestrial area with a distance value,0.9999999999999978,0.98,>= 98%,True,8.54740627646209e-11,,
CHE,Switzerland,climate_zone,classified terrestrial area,1.0,0.95,>= 95% and A1 - A2 > unclassified,True,0.0,,
CHE,Switzerland,spatial_block,OWID label present,1.0,1.0,nonmissing,True,0.0,,
UKR,Ukraine,abs_latitude,geometry,1.0,1.0,100% geometry,True,0.0,,
UKR,Ukraine,hemisphere,geometry,1.0,1.0,100% geometry,True,0.0,,
UKR,Ukraine,elevation,valid terrestrial area (land-centred ETOPO pixels),0.9976022656647228,0.98,>= 98%,True,1412.9758667314313,,
UKR,Ukraine,continentality,terrestrial area with a distance value,1.0000000000001277,0.98,>= 98%,True,-7.523878125343155e-08,,
UKR,Ukraine,climate_zone,classified terrestrial area,0.9996362499023131,0.95,>= 95% and A1 - A2 > unclassified,True,214.3565706971031,,
UKR,Ukraine,spatial_block,OWID label present,1.0,1.0,nonmissing,True,0.0,,
GBR,United Kingdom,abs_latitude,geometry,1.0,1.0,100% geometry,True,0.0,,
GBR,United Kingdom,hemisphere,geometry,1.0,1.0,100% geometry,True,0.0,,
GBR,United Kingdom,elevation,valid terrestrial area (land-centred ETOPO pixels),0.9880495812461824,0.98,>= 98%,True,2912.4547950987867,,
GBR,United Kingdom,continentality,terrestrial area with a distance value,0.99999999999997,0.98,>= 98%,True,7.305501994059652e-09,,
GBR,United Kingdom,climate_zone,classified terrestrial area,0.9976394443600479,0.95,>= 95% and A1 - A2 > unclassified,True,575.2946180634589,,
GBR,United Kingdom,spatial_block,OWID label present,1.0,1.0,nonmissing,True,0.0,,
BHS,Bahamas,abs_latitude,geometry,1.0,1.0,100% geometry,True,0.0,,
BHS,Bahamas,hemisphere,geometry,1.0,1.0,100% geometry,True,0.0,,
BHS,Bahamas,elevation,valid terrestrial area (land-centred ETOPO pixels),0.8887994962726334,0.98,>= 98%,False,1492.9658180333772,GSHHG full-resolution shoreline complexity vs ETOPO 60″ pixel-centre validity rule (spec §4): land in water-centred pixels,faithful consequence of frozen source/resolution; independently reproduced
BHS,Bahamas,continentality,terrestrial area with a distance value,1.0000000000000075,0.98,>= 98%,True,-1.0135898489736126e-10,,
BHS,Bahamas,climate_zone,classified terrestrial area,0.8433432902829435,0.95,>= 95% and A1 - A2 > unclassified,False,2103.255875050354,Beck et al. 0.5° Köppen raster codes 0 (ocean/no data) over GSHHG land: source raster land/sea resolution,faithful consequence of frozen source/resolution; independently reproduced
BHS,Bahamas,spatial_block,OWID label present,1.0,1.0,nonmissing,True,0.0,,
CAN,Canada,abs_latitude,geometry,1.0,1.0,100% geometry,True,0.0,,
CAN,Canada,hemisphere,geometry,1.0,1.0,100% geometry,True,0.0,,
CAN,Canada,elevation,valid terrestrial area (land-centred ETOPO pixels),0.9936884271652862,0.98,>= 98%,True,59896.11202476331,,
CAN,Canada,continentality,terrestrial area with a distance value,1.000000000000317,0.98,>= 98%,True,-3.009050434771541e-06,,
CAN,Canada,climate_zone,classified terrestrial area,0.9991391047850587,0.95,>= 95% and A1 - A2 > unclassified,True,8169.798176470261,,
CAN,Canada,spatial_block,OWID label present,1.0,1.0,nonmissing,True,0.0,,
CRI,Costa Rica,abs_latitude,geometry,1.0,1.0,100% geometry,True,0.0,,
CRI,Costa Rica,hemisphere,geometry,1.0,1.0,100% geometry,True,0.0,,
CRI,Costa Rica,elevation,valid terrestrial area (land-centred ETOPO pixels),0.9929660127334152,0.98,>= 98%,True,362.1870060770991,,
CRI,Costa Rica,continentality,terrestrial area with a distance value,0.9999999999999638,0.98,>= 98%,True,1.8636275305803785e-09,,
CRI,Costa Rica,climate_zone,classified terrestrial area,0.9980995957667199,0.95,>= 95% and A1 - A2 > unclassified,True,97.85370565820647,,
CRI,Costa Rica,spatial_block,OWID label present,1.0,1.0,nonmissing,True,0.0,,
CUB,Cuba,abs_latitude,geometry,1.0,1.0,100% geometry,True,0.0,,
CUB,Cuba,hemisphere,geometry,1.0,1.0,100% geometry,True,0.0,,
CUB,Cuba,elevation,valid terrestrial area (land-centred ETOPO pixels),0.9817965256847536,0.98,>= 98%,True,2029.339557860487,,
CUB,Cuba,continentality,terrestrial area with a distance value,0.9999999999999846,0.98,>= 98%,True,1.7203842812824636e-09,,
CUB,Cuba,climate_zone,classified terrestrial area,0.9931918071315068,0.95,>= 95% and A1 - A2 > unclassified,True,758.9834152706325,,
CUB,Cuba,spatial_block,OWID label present,1.0,1.0,nonmissing,True,0.0,,
DOM,Dominican Republic,abs_latitude,geometry,1.0,1.0,100% geometry,True,0.0,,
DOM,Dominican Republic,hemisphere,geometry,1.0,1.0,100% geometry,True,0.0,,
DOM,Dominican Republic,elevation,valid terrestrial area (land-centred ETOPO pixels),0.9929973685988198,0.98,>= 98%,True,336.35303056864325,,
DOM,Dominican Republic,continentality,terrestrial area with a distance value,1.0000000000000313,0.98,>= 98%,True,-1.5038115506588525e-09,,
DOM,Dominican Republic,climate_zone,classified terrestrial area,0.996670959384028,0.95,>= 95% and A1 - A2 > unclassified,True,159.90173349400536,,
DOM,Dominican Republic,spatial_block,OWID label present,1.0,1.0,nonmissing,True,0.0,,
SLV,El Salvador,abs_latitude,geometry,1.0,1.0,100% geometry,True,0.0,,
SLV,El Salvador,hemisphere,geometry,1.0,1.0,100% geometry,True,0.0,,
SLV,El Salvador,elevation,valid terrestrial area (land-centred ETOPO pixels),0.9923864697305514,0.98,>= 98%,True,162.62734969659607,,
SLV,El Salvador,continentality,terrestrial area with a distance value,0.9999999999999843,0.98,>= 98%,True,3.343773473863229e-10,,
SLV,El Salvador,climate_zone,classified terrestrial area,0.9998901833315689,0.95,>= 95% and A1 - A2 > unclassified,True,2.345717834882638,,
SLV,El Salvador,spatial_block,OWID label present,1.0,1.0,nonmissing,True,0.0,,
GTM,Guatemala,abs_latitude,geometry,1.0,1.0,100% geometry,True,0.0,,
GTM,Guatemala,hemisphere,geometry,1.0,1.0,100% geometry,True,0.0,,
GTM,Guatemala,elevation,valid terrestrial area (land-centred ETOPO pixels),0.9980305708371072,0.98,>= 98%,True,206.5884614841804,,
GTM,Guatemala,continentality,terrestrial area with a distance value,1.000000000000019,0.98,>= 98%,True,-2.003108037186468e-09,,
GTM,Guatemala,climate_zone,classified terrestrial area,0.9985662329875069,0.95,>= 95% and A1 - A2 > unclassified,True,150.39876874913716,,
GTM,Guatemala,spatial_block,OWID label present,1.0,1.0,nonmissing,True,0.0,,
HTI,Haiti,abs_latitude,geometry,1.0,1.0,100% geometry,True,0.0,,
HTI,Haiti,hemisphere,geometry,1.0,1.0,100% geometry,True,0.0,,
HTI,Haiti,elevation,valid terrestrial area (land-centred ETOPO pixels),0.9849471611026018,0.98,>= 98%,True,410.1521421264311,,
HTI,Haiti,continentality,terrestrial area with a distance value,1.0000000000000182,0.98,>= 98%,True,-4.9611304686291e-10,,
HTI,Haiti,climate_zone,classified terrestrial area,1.0,0.95,>= 95% and A1 - A2 > unclassified,True,0.0,,
HTI,Haiti,spatial_block,OWID label present,1.0,1.0,nonmissing,True,0.0,,
HND,Honduras,abs_latitude,geometry,1.0,1.0,100% geometry,True,0.0,,
HND,Honduras,hemisphere,geometry,1.0,1.0,100% geometry,True,0.0,,
HND,Honduras,elevation,valid terrestrial area (land-centred ETOPO pixels),0.9966121330695908,0.98,>= 98%,True,376.22835102063453,,
HND,Honduras,continentality,terrestrial area with a distance value,1.0000000000000382,0.98,>= 98%,True,-4.2412497574891435e-09,,
HND,Honduras,climate_zone,classified terrestrial area,0.9969655961275163,0.95,>= 95% and A1 - A2 > unclassified,True,336.97568078250333,,
HND,Honduras,spatial_block,OWID label present,1.0,1.0,nonmissing,True,0.0,,
JAM,Jamaica,abs_latitude,geometry,1.0,1.0,100% geometry,True,0.0,,
JAM,Jamaica,hemisphere,geometry,1.0,1.0,100% geometry,True,0.0,,
JAM,Jamaica,elevation,valid terrestrial area (land-centred ETOPO pixels),0.9838054934846252,0.98,>= 98%,True,178.69401485894204,,
JAM,Jamaica,continentality,terrestrial area with a distance value,0.9999999999999952,0.98,>= 98%,True,5.2676992702696026e-11,,
JAM,Jamaica,climate_zone,classified terrestrial area,0.9959932372029765,0.95,>= 95% and A1 - A2 > unclassified,True,44.2115682937192,,
JAM,Jamaica,spatial_block,OWID label present,1.0,1.0,nonmissing,True,0.0,,
MEX,Mexico,abs_latitude,geometry,1.0,1.0,100% geometry,True,0.0,,
MEX,Mexico,hemisphere,geometry,1.0,1.0,100% geometry,True,0.0,,
MEX,Mexico,elevation,valid terrestrial area (land-centred ETOPO pixels),0.997539160075672,0.98,>= 98%,True,4804.889239028562,,
MEX,Mexico,continentality,terrestrial area with a distance value,0.9999999999999294,0.98,>= 98%,True,1.3786923386308173e-07,,
MEX,Mexico,climate_zone,classified terrestrial area,0.9986660800147799,0.95,>= 95% and A1 - A2 > unclassified,True,2604.532590416123,,
MEX,Mexico,spatial_block,OWID label present,1.0,1.0,nonmissing,True,0.0,,
NIC,Nicaragua,abs_latitude,geometry,1.0,1.0,100% geometry,True,0.0,,
NIC,Nicaragua,hemisphere,geometry,1.0,1.0,100% geometry,True,0.0,,
NIC,Nicaragua,elevation,valid terrestrial area (land-centred ETOPO pixels),0.9951588519145604,0.98,>= 98%,True,584.4501879401303,,
NIC,Nicaragua,continentality,terrestrial area with a distance value,1.0000000000000269,0.98,>= 98%,True,-3.2435808745141815e-09,,
NIC,Nicaragua,climate_zone,classified terrestrial area,0.9974534671646104,0.95,>= 95% and A1 - A2 > unclassified,True,307.43153648109296,,
NIC,Nicaragua,spatial_block,OWID label present,1.0,1.0,nonmissing,True,0.0,,
PAN,Panama,abs_latitude,geometry,1.0,1.0,100% geometry,True,0.0,,
PAN,Panama,hemisphere,geometry,1.0,1.0,100% geometry,True,0.0,,
PAN,Panama,elevation,valid terrestrial area (land-centred ETOPO pixels),0.986872144039018,0.98,>= 98%,True,997.3244546158753,,
PAN,Panama,continentality,terrestrial area with a distance value,0.9999999999999843,0.98,>= 98%,True,1.1892468442039192e-09,,
PAN,Panama,climate_zone,classified terrestrial area,0.9956656916188052,0.95,>= 95% and A1 - A2 > unclassified,True,329.2778162146081,,
PAN,Panama,spatial_block,OWID label present,1.0,1.0,nonmissing,True,0.0,,
USA,United States,abs_latitude,geometry,1.0,1.0,100% geometry,True,0.0,,
USA,United States,hemisphere,geometry,1.0,1.0,100% geometry,True,0.0,,
USA,United States,elevation,valid terrestrial area (land-centred ETOPO pixels),0.9972994820706512,0.98,>= 98%,True,24991.065383999605,,
USA,United States,continentality,terrestrial area with a distance value,1.0000000000003582,0.98,>= 98%,True,-3.3144563095086547e-06,,
USA,United States,climate_zone,classified terrestrial area,0.9993871234487389,0.95,>= 95% and A1 - A2 > unclassified,True,5671.666830436216,,
USA,United States,spatial_block,OWID label present,1.0,1.0,nonmissing,True,0.0,,
AUS,Australia,abs_latitude,geometry,1.0,1.0,100% geometry,True,0.0,,
AUS,Australia,hemisphere,geometry,1.0,1.0,100% geometry,True,0.0,,
AUS,Australia,elevation,valid terrestrial area (land-centred ETOPO pixels),0.9985386846103986,0.98,>= 98%,True,11251.417307219388,,
AUS,Australia,continentality,terrestrial area with a distance value,1.0000000000003146,0.98,>= 98%,True,-2.4225533522980595e-06,,
AUS,Australia,climate_zone,classified terrestrial area,0.9992726474592607,0.95,>= 95% and A1 - A2 > unclassified,True,5600.260575888824,,
AUS,Australia,spatial_block,OWID label present,1.0,1.0,nonmissing,True,0.0,,
NZL,New Zealand,abs_latitude,geometry,1.0,1.0,100% geometry,True,0.0,,
NZL,New Zealand,hemisphere,geometry,1.0,1.0,100% geometry,True,0.0,,
NZL,New Zealand,elevation,valid terrestrial area (land-centred ETOPO pixels),0.9879647556379156,0.98,>= 98%,True,3191.967505237839,,
NZL,New Zealand,continentality,terrestrial area with a distance value,0.9999999999997928,0.98,>= 98%,True,5.4944650875045975e-08,,
NZL,New Zealand,climate_zone,classified terrestrial area,0.995759557317174,0.95,>= 95% and A1 - A2 > unclassified,True,1124.6431600546168,,
NZL,New Zealand,spatial_block,OWID label present,1.0,1.0,nonmissing,True,0.0,,
PNG,Papua New Guinea,abs_latitude,geometry,1.0,1.0,100% geometry,True,0.0,,
PNG,Papua New Guinea,hemisphere,geometry,1.0,1.0,100% geometry,True,0.0,,
PNG,Papua New Guinea,elevation,valid terrestrial area (land-centred ETOPO pixels),0.9917393341818554,0.98,>= 98%,True,3840.3820136710506,,
PNG,Papua New Guinea,continentality,terrestrial area with a distance value,1.0000000000000413,0.98,>= 98%,True,-1.9200500224952503e-08,,
PNG,Papua New Guinea,climate_zone,classified terrestrial area,0.9935097416548156,0.95,>= 95% and A1 - A2 > unclassified,True,3017.3199063659617,,
PNG,Papua New Guinea,spatial_block,OWID label present,1.0,1.0,nonmissing,True,0.0,,
ARG,Argentina,abs_latitude,geometry,1.0,1.0,100% geometry,True,0.0,,
ARG,Argentina,hemisphere,geometry,1.0,1.0,100% geometry,True,0.0,,
ARG,Argentina,elevation,valid terrestrial area (land-centred ETOPO pixels),0.9990548181600344,0.98,>= 98%,True,2611.6091348336395,,
ARG,Argentina,continentality,terrestrial area with a distance value,1.00000000000021,0.98,>= 98%,True,-5.803956810895857e-07,,
ARG,Argentina,climate_zone,classified terrestrial area,0.9997986217325175,0.95,>= 95% and A1 - A2 > unclassified,True,556.4234316364821,,
ARG,Argentina,spatial_block,OWID label present,1.0,1.0,nonmissing,True,0.0,,
BOL,Bolivia,abs_latitude,geometry,1.0,1.0,100% geometry,True,0.0,,
BOL,Bolivia,hemisphere,geometry,1.0,1.0,100% geometry,True,0.0,,
BOL,Bolivia,elevation,valid terrestrial area (land-centred ETOPO pixels),0.9997036604844904,0.98,>= 98%,True,320.32745323333154,,
BOL,Bolivia,continentality,terrestrial area with a distance value,1.0000000000001237,0.98,>= 98%,True,-1.3369033607072596e-07,,
BOL,Bolivia,climate_zone,classified terrestrial area,1.0,0.95,>= 95% and A1 - A2 > unclassified,True,0.0,,
BOL,Bolivia,spatial_block,OWID label present,1.0,1.0,nonmissing,True,0.0,,
BRA,Brazil,abs_latitude,geometry,1.0,1.0,100% geometry,True,0.0,,
BRA,Brazil,hemisphere,geometry,1.0,1.0,100% geometry,True,0.0,,
BRA,Brazil,elevation,valid terrestrial area (land-centred ETOPO pixels),0.9988127930706644,0.98,>= 98%,True,10057.28846106061,,
BRA,Brazil,continentality,terrestrial area with a distance value,0.9999999999998498,0.98,>= 98%,True,1.272513827731233e-06,,
BRA,Brazil,climate_zone,classified terrestrial area,0.9998721916982971,0.95,>= 95% and A1 - A2 > unclassified,True,1082.7134901104375,,
BRA,Brazil,spatial_block,OWID label present,1.0,1.0,nonmissing,True,0.0,,
CHL,Chile,abs_latitude,geometry,1.0,1.0,100% geometry,True,0.0,,
CHL,Chile,hemisphere,geometry,1.0,1.0,100% geometry,True,0.0,,
CHL,Chile,elevation,valid terrestrial area (land-centred ETOPO pixels),0.9848083215921544,0.98,>= 98%,True,11441.795934409447,,
CHL,Chile,continentality,terrestrial area with a distance value,0.9999999999999016,0.98,>= 98%,True,7.408535926244206e-08,,
CHL,Chile,climate_zone,classified terrestrial area,0.9983144265137773,0.95,>= 95% and A1 - A2 > unclassified,True,1269.5100135776165,,
CHL,Chile,spatial_block,OWID label present,1.0,1.0,nonmissing,True,0.0,,
COL,Colombia,abs_latitude,geometry,1.0,1.0,100% geometry,True,0.0,,
COL,Colombia,hemisphere,geometry,1.0,1.0,100% geometry,True,0.0,,
COL,Colombia,elevation,valid terrestrial area (land-centred ETOPO pixels),0.998998848892462,0.98,>= 98%,True,1142.2805314065804,,
COL,Colombia,continentality,terrestrial area with a distance value,0.99999999999958,0.98,>= 98%,True,4.792032048180733e-07,,
COL,Colombia,climate_zone,classified terrestrial area,0.9998489124209456,0.95,>= 95% and A1 - A2 > unclassified,True,172.38596530703862,,
COL,Colombia,spatial_block,OWID label present,1.0,1.0,nonmissing,True,0.0,,
ECU,Ecuador,abs_latitude,geometry,1.0,1.0,100% geometry,True,0.0,,
ECU,Ecuador,hemisphere,geometry,1.0,1.0,100% geometry,True,0.0,,
ECU,Ecuador,elevation,valid terrestrial area (land-centred ETOPO pixels),0.9970168134631752,0.98,>= 98%,True,764.4321917392512,,
ECU,Ecuador,continentality,terrestrial area with a distance value,0.9999999999998904,0.98,>= 98%,True,2.8079278209156716e-08,,
ECU,Ecuador,climate_zone,classified terrestrial area,0.997444400841528,0.95,>= 95% and A1 - A2 > unclassified,True,654.8642673874041,,
ECU,Ecuador,spatial_block,OWID label present,1.0,1.0,nonmissing,True,0.0,,
PRY,Paraguay,abs_latitude,geometry,1.0,1.0,100% geometry,True,0.0,,
PRY,Paraguay,hemisphere,geometry,1.0,1.0,100% geometry,True,0.0,,
PRY,Paraguay,elevation,valid terrestrial area (land-centred ETOPO pixels),0.9996426469583096,0.98,>= 98%,True,142.6223978335872,,
PRY,Paraguay,continentality,terrestrial area with a distance value,1.0000000000000064,0.98,>= 98%,True,-2.569972487397731e-09,,
PRY,Paraguay,climate_zone,classified terrestrial area,1.0,0.95,>= 95% and A1 - A2 > unclassified,True,0.0,,
PRY,Paraguay,spatial_block,OWID label present,1.0,1.0,nonmissing,True,0.0,,
PER,Peru,abs_latitude,geometry,1.0,1.0,100% geometry,True,0.0,,
PER,Peru,hemisphere,geometry,1.0,1.0,100% geometry,True,0.0,,
PER,Peru,elevation,valid terrestrial area (land-centred ETOPO pixels),0.9991587685874568,0.98,>= 98%,True,1083.9599377975035,,
PER,Peru,continentality,terrestrial area with a distance value,0.9999999999998784,0.98,>= 98%,True,1.5664700613092862e-07,,
PER,Peru,climate_zone,classified terrestrial area,0.9999496204217675,0.95,>= 95% and A1 - A2 > unclassified,True,64.91607858778904,,
PER,Peru,spatial_block,OWID label present,1.0,1.0,nonmissing,True,0.0,,
SUR,Suriname,abs_latitude,geometry,1.0,1.0,100% geometry,True,0.0,,
SUR,Suriname,hemisphere,geometry,1.0,1.0,100% geometry,True,0.0,,
SUR,Suriname,elevation,valid terrestrial area (land-centred ETOPO pixels),0.9982869964221373,0.98,>= 98%,True,247.76323361610835,,
SUR,Suriname,continentality,terrestrial area with a distance value,1.0000000000000704,0.98,>= 98%,True,-1.0180710268699423e-08,,
SUR,Suriname,climate_zone,classified terrestrial area,0.9999868524442428,0.95,>= 95% and A1 - A2 > unclassified,True,1.9016194540693623,,
SUR,Suriname,spatial_block,OWID label present,1.0,1.0,nonmissing,True,0.0,,
URY,Uruguay,abs_latitude,geometry,1.0,1.0,100% geometry,True,0.0,,
URY,Uruguay,hemisphere,geometry,1.0,1.0,100% geometry,True,0.0,,
URY,Uruguay,elevation,valid terrestrial area (land-centred ETOPO pixels),0.9976577422002774,0.98,>= 98%,True,412.54654236717045,,
URY,Uruguay,continentality,terrestrial area with a distance value,1.000000000000047,0.98,>= 98%,True,-8.291141826095381e-09,,
URY,Uruguay,climate_zone,classified terrestrial area,0.9997672769155039,0.95,>= 95% and A1 - A2 > unclassified,True,40.9899814825014,,
URY,Uruguay,spatial_block,OWID label present,1.0,1.0,nonmissing,True,0.0,,
VEN,Venezuela,abs_latitude,geometry,1.0,1.0,100% geometry,True,0.0,,
VEN,Venezuela,hemisphere,geometry,1.0,1.0,100% geometry,True,0.0,,
VEN,Venezuela,elevation,valid terrestrial area (land-centred ETOPO pixels),0.9976142002826884,0.98,>= 98%,True,2163.869706889714,,
VEN,Venezuela,continentality,terrestrial area with a distance value,1.0000000000001126,0.98,>= 98%,True,-1.0210460018056985e-07,,
VEN,Venezuela,climate_zone,classified terrestrial area,0.9994415573932716,0.95,>= 95% and A1 - A2 > unclassified,True,506.4955918000831,,
VEN,Venezuela,spatial_block,OWID label present,1.0,1.0,nonmissing,True,0.0,,
