model,family,protocol,fit,n_train,status,theta,true_theta,at_domain_bound,n_grid_local_maxima,n_evaluations,rank,columns,failure,se,wald_lower,wald_upper,held_out_invariance
M0star,sem,full_sample,all,151,computable,-0.21275979696135564,0.4,False,1,261,20,20,,0.194083197759777,-0.5931558745748835,0.1676362806521722,
M0star,sem,primary_loco,DZA,140,computable,-0.33453247451938994,0.4,False,1,261,20,20,,,,,True
M0star,sem,primary_loco,AGO,143,computable,-0.31729760557457964,0.4,False,1,261,20,20,,,,,True
M0star,sem,primary_loco,BEN,143,computable,-0.33830676472530663,0.4,False,1,261,20,20,,,,,True
M0star,sem,primary_loco,BWA,142,computable,-0.35774075400632893,0.4,False,1,261,20,20,,,,,True
M0star,sem,primary_loco,BFA,140,computable,-0.3293661798556062,0.4,False,1,261,20,20,,,,,True
M0star,sem,primary_loco,BDI,144,computable,-0.2529013354328805,0.4,False,1,261,20,20,,,,,True
M0star,sem,primary_loco,CMR,142,computable,-0.07739170480747028,0.4,False,1,261,20,20,,,,,True
M0star,sem,primary_loco,CAF,141,computable,-0.1401082171453635,0.4,False,1,261,20,20,,,,,True
M0star,sem,primary_loco,TCD,140,computable,-0.3055413440124904,0.4,False,1,261,20,20,,,,,True
M0star,sem,primary_loco,COG,143,computable,-0.15700476043256978,0.4,False,1,261,20,20,,,,,True
M0star,sem,primary_loco,COD,133,computable,-0.3157062149535647,0.4,False,1,261,20,20,,,,,True
M0star,sem,primary_loco,CIV,141,computable,-0.3296806367540619,0.4,False,1,261,20,20,,,,,True
M0star,sem,primary_loco,DJI,145,computable,-0.2927481376237009,0.4,False,1,261,20,20,,,,,True
M0star,sem,primary_loco,EGY,137,computable,-0.5712671985223199,0.4,False,1,261,20,20,,,,,True
M0star,sem,primary_loco,GNQ,145,computable,-0.1213879163756946,0.4,False,1,261,20,20,,,,,True
M0star,sem,primary_loco,ERI,143,computable,-0.5059102492241542,0.4,False,1,261,20,20,,,,,True
M0star,sem,primary_loco,ETH,141,computable,-0.265310002121141,0.4,False,1,261,20,20,,,,,True
M0star,sem,primary_loco,GAB,143,computable,-0.1397743467947293,0.4,False,1,261,20,20,,,,,True
M0star,sem,primary_loco,GHA,142,computable,-0.35641718827871627,0.4,False,1,261,20,20,,,,,True
M0star,sem,primary_loco,GIN,142,computable,-0.29413109884960525,0.4,False,1,261,20,20,,,,,True
M0star,sem,primary_loco,GNB,145,computable,-0.2674900203160108,0.4,False,1,261,20,20,,,,,True
M0star,sem,primary_loco,KEN,142,computable,-0.2740422315500248,0.4,False,1,261,20,20,,,,,True
M0star,sem,primary_loco,LSO,146,computable,-0.26409345472178153,0.4,False,1,261,20,20,,,,,True
M0star,sem,primary_loco,LBR,143,computable,-0.33383306758133596,0.4,False,1,261,20,20,,,,,True
M0star,sem,primary_loco,LBY,142,computable,-0.413762895882587,0.4,False,1,261,20,20,,,,,True
M0star,sem,primary_loco,MDG,149,computable,-0.21179594828356957,0.4,False,1,261,20,20,,,,,True
M0star,sem,primary_loco,MWI,145,computable,-0.22159457740251148,0.4,False,1,261,20,20,,,,,True
M0star,sem,primary_loco,MLI,135,computable,-0.3188638322686393,0.4,False,1,261,20,20,,,,,True
M0star,sem,primary_loco,MRT,142,computable,-0.37024220193163815,0.4,False,1,261,20,20,,,,,True
M0star,sem,primary_loco,MAR,145,computable,-0.2909017590461046,0.4,False,1,261,20,20,,,,,True
M0star,sem,primary_loco,MOZ,140,computable,-0.31345086586223164,0.4,False,1,261,20,20,,,,,True
M0star,sem,primary_loco,NAM,145,computable,-0.2990572091009312,0.4,False,1,261,20,20,,,,,True
M0star,sem,primary_loco,NER,140,computable,-0.3553777218368332,0.4,False,1,261,20,20,,,,,True
M0star,sem,primary_loco,NGA,139,computable,-0.23331955866726736,0.4,False,1,261,20,20,,,,,True
M0star,sem,primary_loco,RWA,145,computable,-0.24820396728648497,0.4,False,1,261,20,20,,,,,True
M0star,sem,primary_loco,SEN,143,computable,-0.27495769488413097,0.4,False,1,261,20,20,,,,,True
M0star,sem,primary_loco,SLE,144,computable,-0.275438400036101,0.4,False,1,261,20,20,,,,,True
M0star,sem,primary_loco,SOM,143,computable,-0.2935235058188956,0.4,False,1,261,20,20,,,,,True
M0star,sem,primary_loco,ZAF,144,computable,-0.29948757254800634,0.4,False,1,261,20,20,,,,,True
M0star,sem,primary_loco,SDN,140,computable,-0.4335838887823233,0.4,False,1,261,20,20,,,,,True
M0star,sem,primary_loco,SWZ,145,computable,-0.2714185814107847,0.4,False,1,261,20,20,,,,,True
M0star,sem,primary_loco,TZA,141,computable,-0.2570774749533443,0.4,False,1,261,20,20,,,,,True
M0star,sem,primary_loco,TGO,143,computable,-0.33830676472530663,0.4,False,1,261,20,20,,,,,True
M0star,sem,primary_loco,TUN,145,computable,-0.2765655210750534,0.4,False,1,261,20,20,,,,,True
M0star,sem,primary_loco,UGA,143,computable,-0.33723018565543456,0.4,False,1,261,20,20,,,,,True
M0star,sem,primary_loco,ZMB,141,computable,-0.31657768953099263,0.4,False,1,261,20,20,,,,,True
M0star,sem,primary_loco,ZWE,141,computable,-0.3229085637147718,0.4,False,1,261,20,20,,,,,True
M0star,sem,primary_loco,AFG,142,computable,-0.15070837981710786,0.4,False,1,261,20,20,,,,,True
M0star,sem,primary_loco,ARM,143,computable,-0.29589322870603413,0.4,False,1,261,20,20,,,,,True
M0star,sem,primary_loco,AZE,140,computable,-0.2829449337779427,0.4,False,1,261,20,20,,,,,True
M0star,sem,primary_loco,BGD,146,computable,-0.21434294502853693,0.4,False,1,261,20,20,,,,,True
M0star,sem,primary_loco,MMR,141,computable,-0.18991376744504215,0.4,False,1,261,20,20,,,,,True
M0star,sem,primary_loco,KHM,144,computable,-0.2539221936089189,0.4,False,1,261,20,20,,,,,True
M0star,sem,primary_loco,CHN,131,computable,-0.1228332299427941,0.4,False,1,261,20,20,,,,,True
M0star,sem,primary_loco,GEO,140,computable,-0.24904159925032454,0.4,False,1,261,20,20,,,,,True
M0star,sem,primary_loco,IND,140,computable,-0.19242110827720257,0.4,False,1,261,20,20,,,,,True
M0star,sem,primary_loco,IDN,142,computable,-0.2211428718980279,0.4,False,1,261,20,20,,,,,True
M0star,sem,primary_loco,IRN,134,computable,-0.32559504947048834,0.4,False,1,261,20,20,,,,,True
M0star,sem,primary_loco,IRQ,136,computable,-0.5061194900845829,0.4,False,1,261,20,20,,,,,True
M0star,sem,primary_loco,ISR,142,computable,-0.4164603874539565,0.4,False,1,261,20,20,,,,,True
M0star,sem,primary_loco,JPN,145,computable,-0.12645008014199888,0.4,False,1,261,20,20,,,,,True
M0star,sem,primary_loco,JOR,142,computable,-0.4164603874539565,0.4,False,1,261,20,20,,,,,True
M0star,sem,primary_loco,KAZ,139,computable,-0.12359650998243658,0.4,False,1,261,20,20,,,,,True
M0star,sem,primary_loco,LAO,145,computable,-0.25419126525145785,0.4,False,1,261,20,20,,,,,True
M0star,sem,primary_loco,LBN,142,computable,-0.4164603874539565,0.4,False,1,261,20,20,,,,,True
M0star,sem,primary_loco,MYS,144,computable,-0.22867200711543753,0.4,False,1,261,20,20,,,,,True
M0star,sem,primary_loco,MNG,147,computable,-0.20525553447877293,0.4,False,1,261,20,20,,,,,True
M0star,sem,primary_loco,NPL,147,computable,-0.22037063158436657,0.4,False,1,261,20,20,,,,,True
M0star,sem,primary_loco,OMN,144,computable,-0.47164554724268726,0.4,False,1,261,20,20,,,,,True
M0star,sem,primary_loco,PAK,141,computable,-0.2683431321634288,0.4,False,1,261,20,20,,,,,True
M0star,sem,primary_loco,PHL,145,computable,-0.20469995487228104,0.4,False,1,261,20,20,,,,,True
M0star,sem,primary_loco,QAT,145,computable,-0.4531260244518769,0.4,False,1,261,20,20,,,,,True
M0star,sem,primary_loco,SAU,132,computable,-0.7301413908032538,0.4,False,1,261,20,20,,,,,True
M0star,sem,primary_loco,KOR,147,computable,-0.15163306933048806,0.4,False,1,261,20,20,,,,,True
M0star,sem,primary_loco,LKA,149,computable,-0.209416619111238,0.4,False,1,261,20,20,,,,,True
M0star,sem,primary_loco,SYR,138,computable,-0.5238887375380137,0.4,False,1,261,20,20,,,,,True
M0star,sem,primary_loco,TWN,147,computable,-0.1931169178150626,0.4,False,1,261,20,20,,,,,True
M0star,sem,primary_loco,TJK,143,computable,-0.04081316003413163,0.4,False,1,261,20,20,,,,,True
M0star,sem,primary_loco,THA,142,computable,-0.189918758795957,0.4,False,1,261,20,20,,,,,True
M0star,sem,primary_loco,TUR,129,computable,-0.6932309538266839,0.4,False,1,261,20,20,,,,,True
M0star,sem,primary_loco,TKM,141,computable,-0.2084961600762933,0.4,False,1,261,20,20,,,,,True
M0star,sem,primary_loco,ARE,144,computable,-0.47164554724268726,0.4,False,1,261,20,20,,,,,True
M0star,sem,primary_loco,UZB,142,computable,-0.20297254783413654,0.4,False,1,261,20,20,,,,,True
M0star,sem,primary_loco,VNM,143,computable,-0.2172971005593225,0.4,False,1,261,20,20,,,,,True
M0star,sem,primary_loco,YEM,142,computable,-0.28154395672390076,0.4,False,1,261,20,20,,,,,True
M0star,sem,primary_loco,ALB,138,computable,-0.1711373841671157,0.4,False,1,261,20,20,,,,,True
M0star,sem,primary_loco,AUT,133,computable,-0.16003588527872825,0.4,False,1,261,20,20,,,,,True
M0star,sem,primary_loco,BLR,137,computable,0.0036605233559239944,0.4,False,1,261,20,20,,,,,True
M0star,sem,primary_loco,BEL,141,computable,-0.1431206913277883,0.4,False,1,261,20,20,,,,,True
M0star,sem,primary_loco,BIH,132,computable,-0.30928345556957504,0.4,False,1,261,20,20,,,,,True
M0star,sem,primary_loco,BGR,136,computable,-0.3160751896569285,0.4,False,1,261,20,20,,,,,True
M0star,sem,primary_loco,HRV,131,computable,-0.2721609108907475,0.4,False,1,261,20,20,,,,,True
M0star,sem,primary_loco,CYP,141,computable,-0.5232209389811602,0.4,False,1,261,20,20,,,,,True
M0star,sem,primary_loco,CZE,130,computable,-0.021556606308949736,0.4,False,1,261,20,20,,,,,True
M0star,sem,primary_loco,DNK,138,computable,-0.003886311763529912,0.4,False,1,261,20,20,,,,,True
M0star,sem,primary_loco,EST,142,computable,-0.17731562790506925,0.4,False,1,261,20,20,,,,,True
M0star,sem,primary_loco,FIN,143,computable,-0.13542695564075652,0.4,False,1,261,20,20,,,,,True
M0star,sem,primary_loco,FRA,135,computable,0.014293784905014791,0.4,False,1,261,20,20,,,,,True
M0star,sem,primary_loco,DEU,129,computable,-0.057125913728830344,0.4,False,1,261,20,20,,,,,True
M0star,sem,primary_loco,GRC,135,computable,-0.5977067220100966,0.4,False,1,261,20,20,,,,,True
M0star,sem,primary_loco,HUN,131,computable,-0.18263631656882537,0.4,False,1,261,20,20,,,,,True
M0star,sem,primary_loco,ISL,150,computable,-0.2115446698597766,0.4,False,1,261,19,19,,,,,True
M0star,sem,primary_loco,IRL,148,computable,-0.1886898232560224,0.4,False,1,261,20,20,,,,,True
M0star,sem,primary_loco,ITA,127,computable,-0.38850807668961346,0.4,False,1,261,20,20,,,,,True
M0star,sem,primary_loco,LVA,140,computable,-0.11360072558436357,0.4,False,1,261,20,20,,,,,True
M0star,sem,primary_loco,LTU,140,computable,-0.11360072558436357,0.4,False,1,261,20,20,,,,,True
M0star,sem,primary_loco,MKD,139,computable,-0.2606618706157446,0.4,False,1,261,20,20,,,,,True
M0star,sem,primary_loco,MDA,139,computable,-0.41065124385900437,0.4,False,1,261,20,20,,,,,True
M0star,sem,primary_loco,MNE,137,computable,-0.19720799482831644,0.4,False,1,261,20,20,,,,,True
M0star,sem,primary_loco,NLD,138,computable,-0.13553779019080872,0.4,False,1,261,20,20,,,,,True
M0star,sem,primary_loco,NOR,143,computable,-0.08300105620458134,0.4,False,1,261,20,20,,,,,True
M0star,sem,primary_loco,POL,129,computable,0.03083457912967148,0.4,False,1,261,20,20,,,,,True
M0star,sem,primary_loco,PRT,147,computable,-0.20460364742839235,0.4,False,1,261,20,20,,,,,True
M0star,sem,primary_loco,ROU,132,computable,-0.358603021555105,0.4,False,1,261,20,20,,,,,True
M0star,sem,primary_loco,RUS,124,computable,0.07692488819902653,0.4,False,1,261,20,20,,,,,True
M0star,sem,primary_loco,SRB,131,computable,-0.3093064758292905,0.4,False,1,261,20,20,,,,,True
M0star,sem,primary_loco,SVK,133,computable,-0.18921546903451572,0.4,False,1,261,20,20,,,,,True
M0star,sem,primary_loco,SVN,134,computable,-0.12555141066357386,0.4,False,1,261,20,20,,,,,True
M0star,sem,primary_loco,ESP,142,computable,-0.21906783175052363,0.4,False,1,261,20,20,,,,,True
M0star,sem,primary_loco,SWE,138,computable,-0.0396468963932732,0.4,False,1,261,20,20,,,,,True
M0star,sem,primary_loco,CHE,137,computable,-0.1623309684825271,0.4,False,1,261,20,20,,,,,True
M0star,sem,primary_loco,UKR,130,computable,-0.23248016693510123,0.4,False,1,261,20,20,,,,,True
M0star,sem,primary_loco,GBR,143,computable,-0.13606247329753798,0.4,False,1,261,20,20,,,,,True
M0star,sem,primary_loco,BHS,145,computable,-0.18601860424797328,0.4,False,1,261,20,20,,,,,True
M0star,sem,primary_loco,CAN,149,computable,-0.2464864169944523,0.4,False,1,261,20,20,,,,,True
M0star,sem,primary_loco,CRI,145,computable,-0.14947878563083417,0.4,False,1,261,20,20,,,,,True
M0star,sem,primary_loco,CUB,142,computable,-0.16015761727354086,0.4,False,1,261,20,20,,,,,True
M0star,sem,primary_loco,DOM,146,computable,-0.17387793915520341,0.4,False,1,261,20,20,,,,,True
M0star,sem,primary_loco,SLV,145,computable,-0.15272296996538293,0.4,False,1,261,20,20,,,,,True
M0star,sem,primary_loco,GTM,146,computable,-0.2290507805528352,0.4,False,1,261,20,20,,,,,True
M0star,sem,primary_loco,HTI,145,computable,-0.17584486423049792,0.4,False,1,261,20,20,,,,,True
M0star,sem,primary_loco,HND,142,computable,-0.15976316030553714,0.4,False,1,261,20,20,,,,,True
M0star,sem,primary_loco,JAM,144,computable,-0.14449133018006083,0.4,False,1,261,20,20,,,,,True
M0star,sem,primary_loco,MEX,144,computable,-0.2502078784924112,0.4,False,1,261,20,20,,,,,True
M0star,sem,primary_loco,NIC,143,computable,-0.13153980414002442,0.4,False,1,261,20,20,,,,,True
M0star,sem,primary_loco,PAN,146,computable,-0.2284967577100942,0.4,False,1,261,20,20,,,,,True
M0star,sem,primary_loco,USA,145,computable,-0.16587562755676324,0.4,False,1,261,20,20,,,,,True
M0star,sem,primary_loco,AUS,148,computable,-0.20535224353986029,0.4,False,1,261,20,20,,,,,True
M0star,sem,primary_loco,NZL,150,computable,-0.20502066392147247,0.4,False,1,261,20,20,,,,,True
M0star,sem,primary_loco,PNG,148,computable,-0.20535224353986029,0.4,False,1,261,20,20,,,,,True
M0star,sem,primary_loco,ARG,145,computable,-0.2681660673306626,0.4,False,1,261,20,20,,,,,True
M0star,sem,primary_loco,BOL,145,computable,-0.2519682469650691,0.4,False,1,261,20,20,,,,,True
M0star,sem,primary_loco,BRA,141,computable,-0.3071168690453126,0.4,False,1,261,20,20,,,,,True
M0star,sem,primary_loco,CHL,146,computable,-0.2373865929143949,0.4,False,1,261,20,20,,,,,True
M0star,sem,primary_loco,COL,139,computable,-0.16848483128303357,0.4,False,1,261,20,20,,,,,True
M0star,sem,primary_loco,ECU,147,computable,-0.2583551506336883,0.4,False,1,261,20,20,,,,,True
M0star,sem,primary_loco,PRY,145,computable,-0.2681660673306626,0.4,False,1,261,20,20,,,,,True
M0star,sem,primary_loco,PER,145,computable,-0.281324085296302,0.4,False,1,261,20,20,,,,,True
M0star,sem,primary_loco,SUR,148,computable,-0.2613619786082715,0.4,False,1,261,20,20,,,,,True
M0star,sem,primary_loco,URY,147,computable,-0.24402935041098844,0.4,False,1,261,20,20,,,,,True
M0star,sem,primary_loco,VEN,146,computable,-0.25309280718636157,0.4,False,1,261,20,20,,,,,True
M0star,sem,m49_subregion_lo,0,149,computable,-0.21528280514010387,0.4,False,1,261,20,20,,,,,True
M0star,sem,m49_subregion_lo,1,146,computable,-0.17387793915520341,0.4,False,1,261,20,20,,,,,True
M0star,sem,m49_subregion_lo,2,144,computable,-0.12897465113256631,0.4,False,1,261,20,20,,,,,True
M0star,sem,m49_subregion_lo,3,147,computable,-0.017732585274213158,0.4,False,1,261,20,20,,,,,True
M0star,sem,m49_subregion_lo,4,137,computable,-0.17942050964779785,0.4,False,1,261,20,20,,,,,True
M0star,sem,m49_subregion_lo,5,146,computable,-0.21158122192926823,0.4,False,1,261,20,20,,,,,True
M0star,sem,m49_subregion_lo,6,141,computable,-0.1127580886568581,0.4,False,1,261,20,20,,,,,True
M0star,sem,m49_subregion_lo,7,150,computable,-0.2176004317971752,0.4,False,1,261,20,20,,,,,True
M0star,sem,m49_subregion_lo,8,143,computable,-0.15700476043256978,0.4,False,1,261,20,20,,,,,True
M0star,sem,m49_subregion_lo,9,145,computable,-0.43455754962777776,0.4,False,1,261,20,20,,,,,True
M0star,sem,m49_subregion_lo,10,149,computable,-0.2464864169944523,0.4,False,1,261,20,20,,,,,True
M0star,sem,m49_subregion_lo,11,141,computable,-0.2325021660658338,0.4,False,1,261,19,19,,,,,True
M0star,sem,m49_subregion_lo,12,140,computable,-0.3052168183566991,0.4,False,1,261,19,19,,,,,True
M0star,sem,m49_subregion_lo,13,143,computable,-0.2300313683148847,0.4,False,1,261,20,20,,,,,True
M0star,sem,m49_subregion_lo,14,146,computable,-0.2979128169326537,0.4,False,1,261,20,20,,,,,True
M0star,sem,m49_subregion_lo,15,144,computable,-0.3563974109086704,0.4,False,1,261,20,20,,,,,True
M0star,sem,m49_subregion_lo,16,140,computable,-0.226066966206453,0.4,False,1,261,20,20,,,,,True
M0star,sem,m49_subregion_lo,17,137,computable,-0.3096022989179578,0.4,False,1,261,20,20,,,,,True
M0star,sem,m49_subregion_lo,18,136,computable,-0.39600148348315944,0.4,False,1,261,20,20,,,,,True
M0star,sem,m49_subregion_lo,19,145,computable,-0.25016749334085375,0.4,False,1,261,20,20,,,,,True
M0star,sem,random10,0,135,computable,-0.348219117653891,0.4,False,1,261,20,20,,,,,True
M0star,sem,random10,1,136,computable,-0.11784518398972776,0.4,False,1,261,20,20,,,,,True
M0star,sem,random10,2,136,computable,-0.44086916517428887,0.4,False,1,261,20,20,,,,,True
M0star,sem,random10,3,136,computable,-0.05148430257710935,0.4,False,1,261,20,20,,,,,True
M0star,sem,random10,4,136,computable,-0.3423061840305242,0.4,False,1,261,20,20,,,,,True
M0star,sem,random10,5,136,computable,-0.27001182042666755,0.4,False,1,261,20,20,,,,,True
M0star,sem,random10,6,136,computable,-0.5217896538159524,0.4,False,1,261,19,19,,,,,True
M0star,sem,random10,7,136,computable,-0.13568720013355984,0.4,False,1,261,20,20,,,,,True
M0star,sem,random10,8,136,computable,-0.4289364457057598,0.4,False,1,261,20,20,,,,,True
M0star,sem,random10,9,136,computable,-0.1530890352345701,0.4,False,1,261,20,20,,,,,True
M0star,sar,full_sample,all,151,computable,0.3993548659321204,0.4,False,1,261,20,20,,0.0023410425498543515,0.39476650684813,0.40394322501611074,
M0star,sar,primary_loco,DZA,140,computable,0.38570508585212204,0.4,False,1,261,20,20,,,,,True
M0star,sar,primary_loco,AGO,143,computable,0.3835972022226903,0.4,False,1,261,20,20,,,,,True
M0star,sar,primary_loco,BEN,143,computable,0.3558886140755984,0.4,False,1,261,20,20,,,,,True
M0star,sar,primary_loco,BWA,142,computable,0.3762939348382495,0.4,False,1,261,20,20,,,,,True
M0star,sar,primary_loco,BFA,140,computable,0.3499110925384023,0.4,False,1,261,20,20,,,,,True
M0star,sar,primary_loco,BDI,144,computable,0.40017215669783596,0.4,False,1,261,20,20,,,,,True
M0star,sar,primary_loco,CMR,142,computable,0.39226639041110856,0.4,False,1,261,20,20,,,,,True
M0star,sar,primary_loco,CAF,141,computable,0.38284204774824343,0.4,False,1,261,20,20,,,,,True
M0star,sar,primary_loco,TCD,140,computable,0.4067717006025548,0.4,False,1,261,20,20,,,,,True
M0star,sar,primary_loco,COG,143,computable,0.3989112519785082,0.4,False,1,261,20,20,,,,,True
M0star,sar,primary_loco,COD,133,computable,0.38606078744123373,0.4,False,1,261,20,20,,,,,True
M0star,sar,primary_loco,CIV,141,computable,0.3658702509210244,0.4,False,1,261,20,20,,,,,True
M0star,sar,primary_loco,DJI,145,computable,0.36010766234754343,0.4,False,1,261,20,20,,,,,True
M0star,sar,primary_loco,EGY,137,computable,0.36244686638661106,0.4,False,1,261,20,20,,,,,True
M0star,sar,primary_loco,GNQ,145,computable,0.38466585634799466,0.4,False,1,261,20,20,,,,,True
M0star,sar,primary_loco,ERI,143,computable,0.3839311620744557,0.4,False,1,261,20,20,,,,,True
M0star,sar,primary_loco,ETH,141,computable,0.38946782645780953,0.4,False,1,261,20,20,,,,,True
M0star,sar,primary_loco,GAB,143,computable,0.40037217573378503,0.4,False,1,261,20,20,,,,,True
M0star,sar,primary_loco,GHA,142,computable,0.3372985843188741,0.4,False,1,261,20,20,,,,,True
M0star,sar,primary_loco,GIN,142,computable,0.3950900497703305,0.4,False,1,261,20,20,,,,,True
M0star,sar,primary_loco,GNB,145,computable,0.3965572961436103,0.4,False,1,261,20,20,,,,,True
M0star,sar,primary_loco,KEN,142,computable,0.3582749444065419,0.4,False,1,261,20,20,,,,,True
M0star,sar,primary_loco,LSO,146,computable,0.3660371688816877,0.4,False,1,261,20,20,,,,,True
M0star,sar,primary_loco,LBR,143,computable,0.3900076188527197,0.4,False,1,261,20,20,,,,,True
M0star,sar,primary_loco,LBY,142,computable,0.3985891403927271,0.4,False,1,261,20,20,,,,,True
M0star,sar,primary_loco,MDG,149,computable,0.39307857531195156,0.4,False,1,261,20,20,,,,,True
M0star,sar,primary_loco,MWI,145,computable,0.38922750019019814,0.4,False,1,261,20,20,,,,,True
M0star,sar,primary_loco,MLI,135,computable,0.36375403832987135,0.4,False,1,261,20,20,,,,,True
M0star,sar,primary_loco,MRT,142,computable,0.39353076053920116,0.4,False,1,261,20,20,,,,,True
M0star,sar,primary_loco,MAR,145,computable,0.3941626797811169,0.4,False,1,261,20,20,,,,,True
M0star,sar,primary_loco,MOZ,140,computable,0.3951238628901077,0.4,False,1,261,20,20,,,,,True
M0star,sar,primary_loco,NAM,145,computable,0.38555143309895124,0.4,False,1,261,20,20,,,,,True
M0star,sar,primary_loco,NER,140,computable,0.3503785955246048,0.4,False,1,261,20,20,,,,,True
M0star,sar,primary_loco,NGA,139,computable,0.3497743483493319,0.4,False,1,261,20,20,,,,,True
M0star,sar,primary_loco,RWA,145,computable,0.3765975042137992,0.4,False,1,261,20,20,,,,,True
M0star,sar,primary_loco,SEN,143,computable,0.3992557121326907,0.4,False,1,261,20,20,,,,,True
M0star,sar,primary_loco,SLE,144,computable,0.3997087243135573,0.4,False,1,261,20,20,,,,,True
M0star,sar,primary_loco,SOM,143,computable,0.3612614719308222,0.4,False,1,261,20,20,,,,,True
M0star,sar,primary_loco,ZAF,144,computable,0.36746081406917896,0.4,False,1,261,20,20,,,,,True
M0star,sar,primary_loco,SDN,140,computable,0.3862230374596654,0.4,False,1,261,20,20,,,,,True
M0star,sar,primary_loco,SWZ,145,computable,0.3663562829064433,0.4,False,1,261,20,20,,,,,True
M0star,sar,primary_loco,TZA,141,computable,0.39606364805553523,0.4,False,1,261,20,20,,,,,True
M0star,sar,primary_loco,TGO,143,computable,0.3558886140755984,0.4,False,1,261,20,20,,,,,True
M0star,sar,primary_loco,TUN,145,computable,0.39772956811294613,0.4,False,1,261,20,20,,,,,True
M0star,sar,primary_loco,UGA,143,computable,0.37387891886888686,0.4,False,1,261,20,20,,,,,True
M0star,sar,primary_loco,ZMB,141,computable,0.3889599873271369,0.4,False,1,261,20,20,,,,,True
M0star,sar,primary_loco,ZWE,141,computable,0.38255747911998556,0.4,False,1,261,20,20,,,,,True
M0star,sar,primary_loco,AFG,142,computable,0.40176195227249756,0.4,False,1,261,20,20,,,,,True
M0star,sar,primary_loco,ARM,143,computable,0.39143565000353164,0.4,False,1,261,20,20,,,,,True
M0star,sar,primary_loco,AZE,140,computable,0.43507554803977244,0.4,False,1,261,20,20,,,,,True
M0star,sar,primary_loco,BGD,146,computable,0.3883727805235821,0.4,False,1,261,20,20,,,,,True
M0star,sar,primary_loco,MMR,141,computable,0.32327007880322317,0.4,False,1,261,20,20,,,,,True
M0star,sar,primary_loco,KHM,144,computable,0.346513329854719,0.4,False,1,261,20,20,,,,,True
M0star,sar,primary_loco,CHN,131,computable,0.41466805116061495,0.4,False,1,261,20,20,,,,,True
M0star,sar,primary_loco,GEO,140,computable,0.4151067436880978,0.4,False,1,261,20,20,,,,,True
M0star,sar,primary_loco,IND,140,computable,0.44865012272398486,0.4,False,1,261,20,20,,,,,True
M0star,sar,primary_loco,IDN,142,computable,0.3847851927292347,0.4,False,1,261,20,20,,,,,True
M0star,sar,primary_loco,IRN,134,computable,0.3897387948260527,0.4,False,1,261,20,20,,,,,True
M0star,sar,primary_loco,IRQ,136,computable,0.37630555396334253,0.4,False,1,261,20,20,,,,,True
M0star,sar,primary_loco,ISR,142,computable,0.35945468889657656,0.4,False,1,261,20,20,,,,,True
M0star,sar,primary_loco,JPN,145,computable,0.40455569530404234,0.4,False,1,261,20,20,,,,,True
M0star,sar,primary_loco,JOR,142,computable,0.35945468889657656,0.4,False,1,261,20,20,,,,,True
M0star,sar,primary_loco,KAZ,139,computable,0.4237850683419667,0.4,False,1,261,20,20,,,,,True
M0star,sar,primary_loco,LAO,145,computable,0.3725437353219104,0.4,False,1,261,20,20,,,,,True
M0star,sar,primary_loco,LBN,142,computable,0.35945468889657656,0.4,False,1,261,20,20,,,,,True
M0star,sar,primary_loco,MYS,144,computable,0.367984981253817,0.4,False,1,261,20,20,,,,,True
M0star,sar,primary_loco,MNG,147,computable,0.41034129938916664,0.4,False,1,261,20,20,,,,,True
M0star,sar,primary_loco,NPL,147,computable,0.39420180407116273,0.4,False,1,261,20,20,,,,,True
M0star,sar,primary_loco,OMN,144,computable,0.38470006841205245,0.4,False,1,261,20,20,,,,,True
M0star,sar,primary_loco,PAK,141,computable,0.4188884106224982,0.4,False,1,261,20,20,,,,,True
M0star,sar,primary_loco,PHL,145,computable,0.4041365859784653,0.4,False,1,261,20,20,,,,,True
M0star,sar,primary_loco,QAT,145,computable,0.3670275944510888,0.4,False,1,261,20,20,,,,,True
M0star,sar,primary_loco,SAU,132,computable,0.34494624564020004,0.4,False,1,261,20,20,,,,,True
M0star,sar,primary_loco,KOR,147,computable,0.39965047710610846,0.4,False,1,261,20,20,,,,,True
M0star,sar,primary_loco,LKA,149,computable,0.3972524691247808,0.4,False,1,261,20,20,,,,,True
M0star,sar,primary_loco,SYR,138,computable,0.3823348754559288,0.4,False,1,261,20,20,,,,,True
M0star,sar,primary_loco,TWN,147,computable,0.4025853176354947,0.4,False,1,261,20,20,,,,,True
M0star,sar,primary_loco,TJK,143,computable,0.4048964821957066,0.4,False,1,261,20,20,,,,,True
M0star,sar,primary_loco,THA,142,computable,0.33980772663737047,0.4,False,1,261,20,20,,,,,True
M0star,sar,primary_loco,TUR,129,computable,0.37690026743197436,0.4,False,1,261,20,20,,,,,True
M0star,sar,primary_loco,TKM,141,computable,0.40242656346125627,0.4,False,1,261,20,20,,,,,True
M0star,sar,primary_loco,ARE,144,computable,0.38470006841205245,0.4,False,1,261,20,20,,,,,True
M0star,sar,primary_loco,UZB,142,computable,0.39169909947472986,0.4,False,1,261,20,20,,,,,True
M0star,sar,primary_loco,VNM,143,computable,0.3466336697185464,0.4,False,1,261,20,20,,,,,True
M0star,sar,primary_loco,YEM,142,computable,0.3841778290916429,0.4,False,1,261,20,20,,,,,True
M0star,sar,primary_loco,ALB,138,computable,0.40506885858813946,0.4,False,1,261,20,20,,,,,True
M0star,sar,primary_loco,AUT,133,computable,0.3897277338293676,0.4,False,1,261,20,20,,,,,True
M0star,sar,primary_loco,BLR,137,computable,0.39914097663505166,0.4,False,1,261,20,20,,,,,True
M0star,sar,primary_loco,BEL,141,computable,0.3936651201224041,0.4,False,1,261,20,20,,,,,True
M0star,sar,primary_loco,BIH,132,computable,0.390473265750015,0.4,False,1,261,20,20,,,,,True
M0star,sar,primary_loco,BGR,136,computable,0.39714552440611117,0.4,False,1,261,20,20,,,,,True
M0star,sar,primary_loco,HRV,131,computable,0.390535997903479,0.4,False,1,261,20,20,,,,,True
M0star,sar,primary_loco,CYP,141,computable,0.36036728215333785,0.4,False,1,261,20,20,,,,,True
M0star,sar,primary_loco,CZE,130,computable,0.3982511611100734,0.4,False,1,261,20,20,,,,,True
M0star,sar,primary_loco,DNK,138,computable,0.3934317869086789,0.4,False,1,261,20,20,,,,,True
M0star,sar,primary_loco,EST,142,computable,0.40219730305237095,0.4,False,1,261,20,20,,,,,True
M0star,sar,primary_loco,FIN,143,computable,0.4007071045082234,0.4,False,1,261,20,20,,,,,True
M0star,sar,primary_loco,FRA,135,computable,0.3967861785784389,0.4,False,1,261,20,20,,,,,True
M0star,sar,primary_loco,DEU,129,computable,0.395049820558718,0.4,False,1,261,20,20,,,,,True
M0star,sar,primary_loco,GRC,135,computable,0.40422448574112474,0.4,False,1,261,20,20,,,,,True
M0star,sar,primary_loco,HUN,131,computable,0.39088777929715457,0.4,False,1,261,20,20,,,,,True
M0star,sar,primary_loco,ISL,150,computable,0.3993545817307822,0.4,False,1,261,19,19,,,,,True
M0star,sar,primary_loco,IRL,148,computable,0.3987210725117968,0.4,False,1,261,20,20,,,,,True
M0star,sar,primary_loco,ITA,127,computable,0.3998818457965696,0.4,False,1,261,20,20,,,,,True
M0star,sar,primary_loco,LVA,140,computable,0.40194962507487014,0.4,False,1,261,20,20,,,,,True
M0star,sar,primary_loco,LTU,140,computable,0.40194962507487014,0.4,False,1,261,20,20,,,,,True
M0star,sar,primary_loco,MKD,139,computable,0.4028025566798179,0.4,False,1,261,20,20,,,,,True
M0star,sar,primary_loco,MDA,139,computable,0.4049198731194346,0.4,False,1,261,20,20,,,,,True
M0star,sar,primary_loco,MNE,137,computable,0.3995094349232745,0.4,False,1,261,20,20,,,,,True
M0star,sar,primary_loco,NLD,138,computable,0.38842805035151606,0.4,False,1,261,20,20,,,,,True
M0star,sar,primary_loco,NOR,143,computable,0.39439480968185847,0.4,False,1,261,20,20,,,,,True
M0star,sar,primary_loco,POL,129,computable,0.39923941596463386,0.4,False,1,261,20,20,,,,,True
M0star,sar,primary_loco,PRT,147,computable,0.3993371206816527,0.4,False,1,261,20,20,,,,,True
M0star,sar,primary_loco,ROU,132,computable,0.39689051919736784,0.4,False,1,261,20,20,,,,,True
M0star,sar,primary_loco,RUS,124,computable,0.41264302818108467,0.4,False,1,261,20,20,,,,,True
M0star,sar,primary_loco,SRB,131,computable,0.39004590909262526,0.4,False,1,261,20,20,,,,,True
M0star,sar,primary_loco,SVK,133,computable,0.3911373613151909,0.4,False,1,261,20,20,,,,,True
M0star,sar,primary_loco,SVN,134,computable,0.3912227540043695,0.4,False,1,261,20,20,,,,,True
M0star,sar,primary_loco,ESP,142,computable,0.3968433105148972,0.4,False,1,261,20,20,,,,,True
M0star,sar,primary_loco,SWE,138,computable,0.4012835181353462,0.4,False,1,261,20,20,,,,,True
M0star,sar,primary_loco,CHE,137,computable,0.39473257543981194,0.4,False,1,261,20,20,,,,,True
M0star,sar,primary_loco,UKR,130,computable,0.4143234921727961,0.4,False,1,261,20,20,,,,,True
M0star,sar,primary_loco,GBR,143,computable,0.3969091715701664,0.4,False,1,261,20,20,,,,,True
M0star,sar,primary_loco,BHS,145,computable,0.3935516559277422,0.4,False,1,261,20,20,,,,,True
M0star,sar,primary_loco,CAN,149,computable,0.399641451983823,0.4,False,1,261,20,20,,,,,True
M0star,sar,primary_loco,CRI,145,computable,0.3963893791582866,0.4,False,1,261,20,20,,,,,True
M0star,sar,primary_loco,CUB,142,computable,0.38924668096549186,0.4,False,1,261,20,20,,,,,True
M0star,sar,primary_loco,DOM,146,computable,0.3939020898133165,0.4,False,1,261,20,20,,,,,True
M0star,sar,primary_loco,SLV,145,computable,0.397615722882571,0.4,False,1,261,20,20,,,,,True
M0star,sar,primary_loco,GTM,146,computable,0.39858679101081734,0.4,False,1,261,20,20,,,,,True
M0star,sar,primary_loco,HTI,145,computable,0.389229791746055,0.4,False,1,261,20,20,,,,,True
M0star,sar,primary_loco,HND,142,computable,0.3931653407036756,0.4,False,1,261,20,20,,,,,True
M0star,sar,primary_loco,JAM,144,computable,0.390694576945155,0.4,False,1,261,20,20,,,,,True
M0star,sar,primary_loco,MEX,144,computable,0.3967009117659658,0.4,False,1,261,20,20,,,,,True
M0star,sar,primary_loco,NIC,143,computable,0.39359321479060677,0.4,False,1,261,20,20,,,,,True
M0star,sar,primary_loco,PAN,146,computable,0.39777028061340103,0.4,False,1,261,20,20,,,,,True
M0star,sar,primary_loco,USA,145,computable,0.4025458488410152,0.4,False,1,261,20,20,,,,,True
M0star,sar,primary_loco,AUS,148,computable,0.40139579200601877,0.4,False,1,261,20,20,,,,,True
M0star,sar,primary_loco,NZL,150,computable,0.39920503106916316,0.4,False,1,261,20,20,,,,,True
M0star,sar,primary_loco,PNG,148,computable,0.40139579200601877,0.4,False,1,261,20,20,,,,,True
M0star,sar,primary_loco,ARG,145,computable,0.39418599731226267,0.4,False,1,261,20,20,,,,,True
M0star,sar,primary_loco,BOL,145,computable,0.3950593809848153,0.4,False,1,261,20,20,,,,,True
M0star,sar,primary_loco,BRA,141,computable,0.39765121149474447,0.4,False,1,261,20,20,,,,,True
M0star,sar,primary_loco,CHL,146,computable,0.3956202508431741,0.4,False,1,261,20,20,,,,,True
M0star,sar,primary_loco,COL,139,computable,0.383077212819206,0.4,False,1,261,20,20,,,,,True
M0star,sar,primary_loco,ECU,147,computable,0.39750442723672846,0.4,False,1,261,20,20,,,,,True
M0star,sar,primary_loco,PRY,145,computable,0.39418599731226267,0.4,False,1,261,20,20,,,,,True
M0star,sar,primary_loco,PER,145,computable,0.39345089757148394,0.4,False,1,261,20,20,,,,,True
M0star,sar,primary_loco,SUR,148,computable,0.39989102874185223,0.4,False,1,261,20,20,,,,,True
M0star,sar,primary_loco,URY,147,computable,0.39578393996124334,0.4,False,1,261,20,20,,,,,True
M0star,sar,primary_loco,VEN,146,computable,0.39952863365477637,0.4,False,1,261,20,20,,,,,True
M0star,sar,m49_subregion_lo,0,149,computable,0.3993503777005304,0.4,False,1,261,20,20,,,,,True
M0star,sar,m49_subregion_lo,1,146,computable,0.3939020898133165,0.4,False,1,261,20,20,,,,,True
M0star,sar,m49_subregion_lo,2,144,computable,0.39584696495313204,0.4,False,1,261,20,20,,,,,True
M0star,sar,m49_subregion_lo,3,147,computable,0.4220947678106076,0.4,False,1,261,20,20,,,,,True
M0star,sar,m49_subregion_lo,4,137,computable,0.38164013987218776,0.4,False,1,261,20,20,,,,,True
M0star,sar,m49_subregion_lo,5,146,computable,0.39882816307368896,0.4,False,1,261,20,20,,,,,True
M0star,sar,m49_subregion_lo,6,141,computable,0.40044126684126097,0.4,False,1,261,20,20,,,,,True
M0star,sar,m49_subregion_lo,7,150,computable,0.3994301469407537,0.4,False,1,261,20,20,,,,,True
M0star,sar,m49_subregion_lo,8,143,computable,0.3989112519785082,0.4,False,1,261,20,20,,,,,True
M0star,sar,m49_subregion_lo,9,145,computable,0.4059747545500715,0.4,False,1,261,20,20,,,,,True
M0star,sar,m49_subregion_lo,10,149,computable,0.399641451983823,0.4,False,1,261,20,20,,,,,True
M0star,sar,m49_subregion_lo,11,141,computable,0.3968288156600918,0.4,False,1,261,19,19,,,,,True
M0star,sar,m49_subregion_lo,12,140,computable,0.3976507938186703,0.4,False,1,261,19,19,,,,,True
M0star,sar,m49_subregion_lo,13,143,computable,0.34527087774369275,0.4,False,1,261,20,20,,,,,True
M0star,sar,m49_subregion_lo,14,146,computable,0.37134901457110886,0.4,False,1,261,20,20,,,,,True
M0star,sar,m49_subregion_lo,15,144,computable,0.4108136971543917,0.4,False,1,261,20,20,,,,,True
M0star,sar,m49_subregion_lo,16,140,computable,0.4054703519067677,0.4,False,1,261,20,20,,,,,True
M0star,sar,m49_subregion_lo,17,137,computable,0.3616188698803134,0.4,False,1,261,20,20,,,,,True
M0star,sar,m49_subregion_lo,18,136,computable,0.3098369842271791,0.4,False,1,261,20,20,,,,,True
M0star,sar,m49_subregion_lo,19,145,computable,0.3945095957044321,0.4,False,1,261,20,20,,,,,True
M0star,sar,random10,0,135,computable,0.4019913476154132,0.4,False,1,261,20,20,,,,,True
M0star,sar,random10,1,136,computable,0.3760235309057249,0.4,False,1,261,20,20,,,,,True
M0star,sar,random10,2,136,computable,0.37331851891827994,0.4,False,1,261,20,20,,,,,True
M0star,sar,random10,3,136,computable,0.4264556612526305,0.4,False,1,261,20,20,,,,,True
M0star,sar,random10,4,136,computable,0.39555178414068426,0.4,False,1,261,20,20,,,,,True
M0star,sar,random10,5,136,computable,0.3669596707513822,0.4,False,1,261,20,20,,,,,True
M0star,sar,random10,6,136,computable,0.3841318786517838,0.4,False,1,261,19,19,,,,,True
M0star,sar,random10,7,136,computable,0.3992800652144907,0.4,False,1,261,20,20,,,,,True
M0star,sar,random10,8,136,computable,0.43181106206666986,0.4,False,1,261,20,20,,,,,True
M0star,sar,random10,9,136,computable,0.3830770013963322,0.4,False,1,261,20,20,,,,,True
M2,sem,full_sample,all,151,computable,-0.18507641384066256,0.4,False,1,261,23,23,,0.19176204446296913,-0.5609231145898506,0.1907702869085254,
M2,sem,primary_loco,DZA,140,computable,0.032885764483331456,0.4,False,1,261,23,23,,,,,True
M2,sem,primary_loco,AGO,143,computable,-0.19354211348267292,0.4,False,1,261,23,23,,,,,True
M2,sem,primary_loco,BEN,143,computable,-0.41577210100757445,0.4,False,1,261,23,23,,,,,True
M2,sem,primary_loco,BWA,142,computable,0.04691921368317738,0.4,False,1,261,23,23,,,,,True
M2,sem,primary_loco,BFA,140,computable,-0.34799927704893424,0.4,False,1,261,23,23,,,,,True
M2,sem,primary_loco,BDI,144,computable,-0.1337239081108382,0.4,False,1,261,23,23,,,,,True
M2,sem,primary_loco,CMR,142,computable,-0.4479844292443151,0.4,False,1,261,23,23,,,,,True
M2,sem,primary_loco,CAF,141,computable,-0.3082948130500132,0.4,False,1,261,23,23,,,,,True
M2,sem,primary_loco,TCD,140,computable,-0.2379574298863829,0.4,False,1,261,23,23,,,,,True
M2,sem,primary_loco,COG,143,computable,-0.46032870224699574,0.4,False,1,261,23,23,,,,,True
M2,sem,primary_loco,COD,133,computable,-0.253921306678884,0.4,False,1,261,23,23,,,,,True
M2,sem,primary_loco,CIV,141,computable,-0.34673758431760376,0.4,False,1,261,23,23,,,,,True
M2,sem,primary_loco,DJI,145,computable,-0.012934399717384266,0.4,False,1,261,23,23,,,,,True
M2,sem,primary_loco,EGY,137,computable,0.275187270857656,0.4,False,1,261,23,23,,,,,True
M2,sem,primary_loco,GNQ,145,computable,-0.3961248415052053,0.4,False,1,261,23,23,,,,,True
M2,sem,primary_loco,ERI,143,computable,-0.01854594597701377,0.4,False,1,261,23,23,,,,,True
M2,sem,primary_loco,ETH,141,computable,-0.04192718696589455,0.4,False,1,261,23,23,,,,,True
M2,sem,primary_loco,GAB,143,computable,-0.48122603670232605,0.4,False,1,261,23,23,,,,,True
M2,sem,primary_loco,GHA,142,computable,-0.4351851945249428,0.4,False,1,261,23,23,,,,,True
M2,sem,primary_loco,GIN,142,computable,-0.2603450795737057,0.4,False,1,261,23,23,,,,,True
M2,sem,primary_loco,GNB,145,computable,-0.1903304168585504,0.4,False,1,261,23,23,,,,,True
M2,sem,primary_loco,KEN,142,computable,-0.16593875350805373,0.4,False,1,261,23,23,,,,,True
M2,sem,primary_loco,LSO,146,computable,0.07774002795320198,0.4,False,1,261,23,23,,,,,True
M2,sem,primary_loco,LBR,143,computable,-0.33535531916301925,0.4,False,1,261,23,23,,,,,True
M2,sem,primary_loco,LBY,142,computable,0.026250279890497115,0.4,False,1,261,23,23,,,,,True
M2,sem,primary_loco,MDG,149,computable,-0.08038510830816556,0.4,False,1,261,23,23,,,,,True
M2,sem,primary_loco,MWI,145,computable,-0.009041028784513147,0.4,False,1,261,23,23,,,,,True
M2,sem,primary_loco,MLI,135,computable,-0.18139570185533987,0.4,False,1,261,23,23,,,,,True
M2,sem,primary_loco,MRT,142,computable,0.053122206726452036,0.4,False,1,261,23,23,,,,,True
M2,sem,primary_loco,MAR,145,computable,-0.05783013139352444,0.4,False,1,261,23,23,,,,,True
M2,sem,primary_loco,MOZ,140,computable,0.12633353585575383,0.4,False,1,261,23,23,,,,,True
M2,sem,primary_loco,NAM,145,computable,0.003756285181141848,0.4,False,1,261,23,23,,,,,True
M2,sem,primary_loco,NER,140,computable,-0.41182834280145825,0.4,False,1,261,23,23,,,,,True
M2,sem,primary_loco,NGA,139,computable,-0.4065150265814472,0.4,False,1,261,23,23,,,,,True
M2,sem,primary_loco,RWA,145,computable,-0.1435368464252811,0.4,False,1,261,23,23,,,,,True
M2,sem,primary_loco,SEN,143,computable,-0.27243524197751906,0.4,False,1,261,23,23,,,,,True
M2,sem,primary_loco,SLE,144,computable,-0.29081805444246817,0.4,False,1,261,23,23,,,,,True
M2,sem,primary_loco,SOM,143,computable,-0.06471787543870805,0.4,False,1,261,23,23,,,,,True
M2,sem,primary_loco,ZAF,144,computable,0.1696565505407985,0.4,False,1,261,23,23,,,,,True
M2,sem,primary_loco,SDN,140,computable,-0.062298335463216066,0.4,False,1,261,23,23,,,,,True
M2,sem,primary_loco,SWZ,145,computable,0.11753033940334028,0.4,False,1,261,23,23,,,,,True
M2,sem,primary_loco,TZA,141,computable,-0.08702780884822793,0.4,False,1,261,23,23,,,,,True
M2,sem,primary_loco,TGO,143,computable,-0.41577210100757445,0.4,False,1,261,23,23,,,,,True
M2,sem,primary_loco,TUN,145,computable,-0.03443659333811243,0.4,False,1,261,23,23,,,,,True
M2,sem,primary_loco,UGA,143,computable,-0.17747161218748148,0.4,False,1,261,23,23,,,,,True
M2,sem,primary_loco,ZMB,141,computable,-0.044189318512520795,0.4,False,1,261,23,23,,,,,True
M2,sem,primary_loco,ZWE,141,computable,0.0434883908558476,0.4,False,1,261,23,23,,,,,True
M2,sem,primary_loco,AFG,142,computable,-0.1334185369488398,0.4,False,1,261,23,23,,,,,True
M2,sem,primary_loco,ARM,143,computable,-0.33934288224711256,0.4,False,1,261,23,23,,,,,True
M2,sem,primary_loco,AZE,140,computable,-0.2686536486231579,0.4,False,1,261,23,23,,,,,True
M2,sem,primary_loco,BGD,146,computable,-0.0050617131680132064,0.4,False,1,261,23,23,,,,,True
M2,sem,primary_loco,MMR,141,computable,0.12732385491825116,0.4,False,1,261,23,23,,,,,True
M2,sem,primary_loco,KHM,144,computable,0.09327220418284372,0.4,False,1,261,23,23,,,,,True
M2,sem,primary_loco,CHN,131,computable,-0.33781230509730076,0.4,False,1,261,23,23,,,,,True
M2,sem,primary_loco,GEO,140,computable,-0.3133817662347321,0.4,False,1,261,23,23,,,,,True
M2,sem,primary_loco,IND,140,computable,0.045240220925601024,0.4,False,1,261,23,23,,,,,True
M2,sem,primary_loco,IDN,142,computable,-0.023111124230143252,0.4,False,1,261,23,23,,,,,True
M2,sem,primary_loco,IRN,134,computable,-0.43394670547970443,0.4,False,1,261,23,23,,,,,True
M2,sem,primary_loco,IRQ,136,computable,-0.4168535637978065,0.4,False,1,261,23,23,,,,,True
M2,sem,primary_loco,ISR,142,computable,0.01898552957792111,0.4,False,1,261,23,23,,,,,True
M2,sem,primary_loco,JPN,145,computable,-0.3904020912726363,0.4,False,1,261,23,23,,,,,True
M2,sem,primary_loco,JOR,142,computable,0.01898552957792111,0.4,False,1,261,23,23,,,,,True
M2,sem,primary_loco,KAZ,139,computable,-0.3398780109144598,0.4,False,1,261,23,23,,,,,True
M2,sem,primary_loco,LAO,145,computable,0.09262912368107462,0.4,False,1,261,23,23,,,,,True
M2,sem,primary_loco,LBN,142,computable,0.01898552957792111,0.4,False,1,261,23,23,,,,,True
M2,sem,primary_loco,MYS,144,computable,-0.14160105401771345,0.4,False,1,261,23,23,,,,,True
M2,sem,primary_loco,MNG,147,computable,-0.5016303058348539,0.4,False,1,261,23,23,,,,,True
M2,sem,primary_loco,NPL,147,computable,-0.07867232333135274,0.4,False,1,261,23,23,,,,,True
M2,sem,primary_loco,OMN,144,computable,0.11498202626900304,0.4,False,1,261,23,23,,,,,True
M2,sem,primary_loco,PAK,141,computable,-0.14681467147633182,0.4,False,1,261,23,23,,,,,True
M2,sem,primary_loco,PHL,145,computable,-0.045686530367168625,0.4,False,1,261,23,23,,,,,True
M2,sem,primary_loco,QAT,145,computable,0.08694613093733639,0.4,False,1,261,23,23,,,,,True
M2,sem,primary_loco,SAU,132,computable,0.33665458389723835,0.4,False,1,261,23,23,,,,,True
M2,sem,primary_loco,KOR,147,computable,-0.3840056992703451,0.4,False,1,261,23,23,,,,,True
M2,sem,primary_loco,LKA,149,computable,-0.16441257282182511,0.4,False,1,261,23,23,,,,,True
M2,sem,primary_loco,SYR,138,computable,-0.37378100240948664,0.4,False,1,261,23,23,,,,,True
M2,sem,primary_loco,TWN,147,computable,-0.13125630929380983,0.4,False,1,261,23,23,,,,,True
M2,sem,primary_loco,TJK,143,computable,-0.2220842271858133,0.4,False,1,261,23,23,,,,,True
M2,sem,primary_loco,THA,142,computable,0.11349985662172755,0.4,False,1,261,23,23,,,,,True
M2,sem,primary_loco,TUR,129,computable,-0.15312497387842292,0.4,False,1,261,23,23,,,,,True
M2,sem,primary_loco,TKM,141,computable,-0.22242788784788634,0.4,False,1,261,23,23,,,,,True
M2,sem,primary_loco,ARE,144,computable,0.11498202626900304,0.4,False,1,261,23,23,,,,,True
M2,sem,primary_loco,UZB,142,computable,-0.2538948891297818,0.4,False,1,261,23,23,,,,,True
M2,sem,primary_loco,VNM,143,computable,0.07916066543554677,0.4,False,1,261,23,23,,,,,True
M2,sem,primary_loco,YEM,142,computable,-0.08636899674882037,0.4,False,1,261,23,23,,,,,True
M2,sem,primary_loco,ALB,138,computable,-0.06669968242316317,0.4,False,1,261,23,23,,,,,True
M2,sem,primary_loco,AUT,133,computable,-0.2623395065854312,0.4,False,1,261,23,23,,,,,True
M2,sem,primary_loco,BLR,137,computable,-0.25723786423117556,0.4,False,1,261,23,23,,,,,True
M2,sem,primary_loco,BEL,141,computable,-0.24449485853422362,0.4,False,1,261,23,23,,,,,True
M2,sem,primary_loco,BIH,132,computable,-0.24670732224785727,0.4,False,1,261,23,23,,,,,True
M2,sem,primary_loco,BGR,136,computable,-0.19683998729162688,0.4,False,1,261,23,23,,,,,True
M2,sem,primary_loco,HRV,131,computable,-0.22490810554321736,0.4,False,1,261,23,23,,,,,True
M2,sem,primary_loco,CYP,141,computable,0.03449209503740003,0.4,False,1,261,23,23,,,,,True
M2,sem,primary_loco,CZE,130,computable,-0.20167297194173867,0.4,False,1,261,23,23,,,,,True
M2,sem,primary_loco,DNK,138,computable,-0.4634285619451071,0.4,False,1,261,23,23,,,,,True
M2,sem,primary_loco,EST,142,computable,-0.4441368965278326,0.4,False,1,261,23,23,,,,,True
M2,sem,primary_loco,FIN,143,computable,-0.40424095564330215,0.4,False,1,261,23,23,,,,,True
M2,sem,primary_loco,FRA,135,computable,-0.06422755208271962,0.4,False,1,261,23,23,,,,,True
M2,sem,primary_loco,DEU,129,computable,-0.3887346289993974,0.4,False,1,261,23,23,,,,,True
M2,sem,primary_loco,GRC,135,computable,-0.17681284400562197,0.4,False,1,261,23,23,,,,,True
M2,sem,primary_loco,HUN,131,computable,-0.20257634245270772,0.4,False,1,261,23,23,,,,,True
M2,sem,primary_loco,ISL,150,computable,0.04775222446510519,0.4,False,1,261,22,22,,,,,True
M2,sem,primary_loco,IRL,148,computable,-0.20889949948769665,0.4,False,1,261,23,23,,,,,True
M2,sem,primary_loco,ITA,127,computable,-0.09394599262852986,0.4,False,1,261,23,23,,,,,True
M2,sem,primary_loco,LVA,140,computable,-0.21938406810813327,0.4,False,1,261,23,23,,,,,True
M2,sem,primary_loco,LTU,140,computable,-0.21938406810813327,0.4,False,1,261,23,23,,,,,True
M2,sem,primary_loco,MKD,139,computable,-0.17223085019668863,0.4,False,1,261,23,23,,,,,True
M2,sem,primary_loco,MDA,139,computable,-0.24832457704756417,0.4,False,1,261,23,23,,,,,True
M2,sem,primary_loco,MNE,137,computable,-0.13577645322815812,0.4,False,1,261,23,23,,,,,True
M2,sem,primary_loco,NLD,138,computable,-0.40892108564634866,0.4,False,1,261,23,23,,,,,True
M2,sem,primary_loco,NOR,143,computable,-0.46687194378001934,0.4,False,1,261,23,23,,,,,True
M2,sem,primary_loco,POL,129,computable,-0.21498115912392063,0.4,False,1,261,23,23,,,,,True
M2,sem,primary_loco,PRT,147,computable,-0.11119309579025108,0.4,False,1,261,23,23,,,,,True
M2,sem,primary_loco,ROU,132,computable,-0.14284077696249625,0.4,False,1,261,23,23,,,,,True
M2,sem,primary_loco,RUS,124,computable,-0.8208930372271301,0.4,False,1,261,23,23,,,,,True
M2,sem,primary_loco,SRB,131,computable,-0.2737377015521087,0.4,False,1,261,23,23,,,,,True
M2,sem,primary_loco,SVK,133,computable,-0.3349568243273273,0.4,False,1,261,23,23,,,,,True
M2,sem,primary_loco,SVN,134,computable,-0.1941279188778504,0.4,False,1,261,23,23,,,,,True
M2,sem,primary_loco,ESP,142,computable,0.04467272973704878,0.4,False,1,261,23,23,,,,,True
M2,sem,primary_loco,SWE,138,computable,-0.4064117615760391,0.4,False,1,261,23,23,,,,,True
M2,sem,primary_loco,CHE,137,computable,-0.23547066402150096,0.4,False,1,261,23,23,,,,,True
M2,sem,primary_loco,UKR,130,computable,-0.02328501175865622,0.4,False,1,261,23,23,,,,,True
M2,sem,primary_loco,GBR,143,computable,-0.3616645059505917,0.4,False,1,261,23,23,,,,,True
M2,sem,primary_loco,BHS,145,computable,-0.020227794041610868,0.4,False,1,261,23,23,,,,,True
M2,sem,primary_loco,CAN,149,computable,-0.24251177869209162,0.4,False,1,261,23,23,,,,,True
M2,sem,primary_loco,CRI,145,computable,-0.21197062466571576,0.4,False,1,261,23,23,,,,,True
M2,sem,primary_loco,CUB,142,computable,-0.005553611803552546,0.4,False,1,261,23,23,,,,,True
M2,sem,primary_loco,DOM,146,computable,-0.05072270230772371,0.4,False,1,261,23,23,,,,,True
M2,sem,primary_loco,SLV,145,computable,-0.07666227866839852,0.4,False,1,261,23,23,,,,,True
M2,sem,primary_loco,GTM,146,computable,-0.07040699910989129,0.4,False,1,261,23,23,,,,,True
M2,sem,primary_loco,HTI,145,computable,-0.022019981792817216,0.4,False,1,261,23,23,,,,,True
M2,sem,primary_loco,HND,142,computable,-0.10155182275150051,0.4,False,1,261,23,23,,,,,True
M2,sem,primary_loco,JAM,144,computable,-0.009645041209580933,0.4,False,1,261,23,23,,,,,True
M2,sem,primary_loco,MEX,144,computable,0.006451247675252818,0.4,False,1,261,23,23,,,,,True
M2,sem,primary_loco,NIC,143,computable,-0.19372796970864042,0.4,False,1,261,23,23,,,,,True
M2,sem,primary_loco,PAN,146,computable,-0.19252164737516617,0.4,False,1,261,23,23,,,,,True
M2,sem,primary_loco,USA,145,computable,-0.30700718773493846,0.4,False,1,261,23,23,,,,,True
M2,sem,primary_loco,AUS,148,computable,-0.11341131941564608,0.4,False,1,261,23,23,,,,,True
M2,sem,primary_loco,NZL,150,computable,-0.1945421302911638,0.4,False,1,261,23,23,,,,,True
M2,sem,primary_loco,PNG,148,computable,-0.11341131941564608,0.4,False,1,261,23,23,,,,,True
M2,sem,primary_loco,ARG,145,computable,0.05327594955778281,0.4,False,1,261,23,23,,,,,True
M2,sem,primary_loco,BOL,145,computable,0.03692232171480937,0.4,False,1,261,23,23,,,,,True
M2,sem,primary_loco,BRA,141,computable,0.06647038596253116,0.4,False,1,261,23,23,,,,,True
M2,sem,primary_loco,CHL,146,computable,-0.012886087347874735,0.4,False,1,261,23,23,,,,,True
M2,sem,primary_loco,COL,139,computable,-0.1256698020325368,0.4,False,1,261,23,23,,,,,True
M2,sem,primary_loco,ECU,147,computable,-0.13916922253376038,0.4,False,1,261,23,23,,,,,True
M2,sem,primary_loco,PRY,145,computable,0.05327594955778281,0.4,False,1,261,23,23,,,,,True
M2,sem,primary_loco,PER,145,computable,-0.035945483368516315,0.4,False,1,261,23,23,,,,,True
M2,sem,primary_loco,SUR,148,computable,-0.16755086686383533,0.4,False,1,261,23,23,,,,,True
M2,sem,primary_loco,URY,147,computable,-0.0513762555638219,0.4,False,1,261,23,23,,,,,True
M2,sem,primary_loco,VEN,146,computable,-0.1576810955253631,0.4,False,1,261,23,23,,,,,True
M2,sem,m49_subregion_lo,0,149,computable,-0.1871495367309859,0.4,False,1,261,23,23,,,,,True
M2,sem,m49_subregion_lo,1,146,computable,-0.05072270230772371,0.4,False,1,261,23,23,,,,,True
M2,sem,m49_subregion_lo,2,144,computable,-0.14629298087166853,0.4,False,1,261,23,23,,,,,True
M2,sem,m49_subregion_lo,3,147,computable,-0.1708963686115168,0.4,False,1,261,23,23,,,,,True
M2,sem,m49_subregion_lo,4,137,computable,-0.000617889984550875,0.4,False,1,261,23,23,,,,,True
M2,sem,m49_subregion_lo,5,146,computable,-0.5102691952653539,0.4,False,1,261,23,23,,,,,True
M2,sem,m49_subregion_lo,6,141,computable,-0.2560094229536779,0.4,False,1,261,23,23,,,,,True
M2,sem,m49_subregion_lo,7,150,computable,-0.17900894486003976,0.4,False,1,261,23,23,,,,,True
M2,sem,m49_subregion_lo,8,143,computable,-0.46032870224699574,0.4,False,1,261,23,23,,,,,True
M2,sem,m49_subregion_lo,9,145,computable,0.10032216624176976,0.4,False,1,261,23,23,,,,,True
M2,sem,m49_subregion_lo,10,149,computable,-0.24251177869209162,0.4,False,1,261,23,23,,,,,True
M2,sem,m49_subregion_lo,11,141,computable,-0.05682411922463689,0.4,False,1,261,22,22,,,,,True
M2,sem,m49_subregion_lo,12,140,computable,0.10366585730833773,0.4,False,1,261,22,22,,,,,True
M2,sem,m49_subregion_lo,13,143,computable,-0.02666133082071081,0.4,False,1,261,23,23,,,,,True
M2,sem,m49_subregion_lo,14,146,computable,0.1164034444806412,0.4,False,1,261,23,23,,,,,True
M2,sem,m49_subregion_lo,15,144,computable,0.11998969977287209,0.4,False,1,261,23,23,,,,,True
M2,sem,m49_subregion_lo,16,140,computable,-0.09173624173500403,0.4,False,1,261,23,23,,,,,True
M2,sem,m49_subregion_lo,17,137,computable,-0.2649975029319523,0.4,False,1,261,23,23,,,,,True
M2,sem,m49_subregion_lo,18,136,computable,-0.4534675775055375,0.4,False,1,261,23,23,,,,,True
M2,sem,m49_subregion_lo,19,145,computable,-0.2744029159951692,0.4,False,1,261,23,23,,,,,True
M2,sem,random10,0,135,computable,-0.2208612081680815,0.4,False,1,261,23,23,,,,,True
M2,sem,random10,1,136,computable,-0.26214532927879103,0.4,False,1,261,23,23,,,,,True
M2,sem,random10,2,136,computable,-0.1295511974459427,0.4,False,1,261,23,23,,,,,True
M2,sem,random10,3,136,computable,-0.1919272043611452,0.4,False,1,261,23,23,,,,,True
M2,sem,random10,4,136,computable,-0.11216523501410558,0.4,False,1,261,23,23,,,,,True
M2,sem,random10,5,136,computable,0.08138009229545375,0.4,False,1,261,23,23,,,,,True
M2,sem,random10,6,136,computable,-0.08201783537119822,0.4,False,1,261,22,22,,,,,True
M2,sem,random10,7,136,computable,-0.03989024378192269,0.4,False,1,261,23,23,,,,,True
M2,sem,random10,8,136,computable,0.05608946661024348,0.4,False,1,261,23,23,,,,,True
M2,sem,random10,9,136,computable,-0.0294491650438416,0.4,False,1,261,23,23,,,,,True
M2,sar,full_sample,all,151,computable,0.39854015291909856,0.4,False,1,261,23,23,,0.0011643150719378695,0.39625813731144316,0.40082216852675395,
M2,sar,primary_loco,DZA,140,computable,0.3979745187601369,0.4,False,1,261,23,23,,,,,True
M2,sar,primary_loco,AGO,143,computable,0.39469062958006673,0.4,False,1,261,23,23,,,,,True
M2,sar,primary_loco,BEN,143,computable,0.3814697739014842,0.4,False,1,261,23,23,,,,,True
M2,sar,primary_loco,BWA,142,computable,0.3876930865887528,0.4,False,1,261,23,23,,,,,True
M2,sar,primary_loco,BFA,140,computable,0.3743781346374179,0.4,False,1,261,23,23,,,,,True
M2,sar,primary_loco,BDI,144,computable,0.4135099388613282,0.4,False,1,261,23,23,,,,,True
M2,sar,primary_loco,CMR,142,computable,0.38400217741807074,0.4,False,1,261,23,23,,,,,True
M2,sar,primary_loco,CAF,141,computable,0.3828783812278567,0.4,False,1,261,23,23,,,,,True
M2,sar,primary_loco,TCD,140,computable,0.38292532937903756,0.4,False,1,261,23,23,,,,,True
M2,sar,primary_loco,COG,143,computable,0.398226390466966,0.4,False,1,261,23,23,,,,,True
M2,sar,primary_loco,COD,133,computable,0.4179762899949505,0.4,False,1,261,23,23,,,,,True
M2,sar,primary_loco,CIV,141,computable,0.38388281399164825,0.4,False,1,261,23,23,,,,,True
M2,sar,primary_loco,DJI,145,computable,0.42177686739502024,0.4,False,1,261,23,23,,,,,True
M2,sar,primary_loco,EGY,137,computable,0.3983369844447756,0.4,False,1,261,23,23,,,,,True
M2,sar,primary_loco,GNQ,145,computable,0.3848099318288794,0.4,False,1,261,23,23,,,,,True
M2,sar,primary_loco,ERI,143,computable,0.419599896143926,0.4,False,1,261,23,23,,,,,True
M2,sar,primary_loco,ETH,141,computable,0.41391835111358605,0.4,False,1,261,23,23,,,,,True
M2,sar,primary_loco,GAB,143,computable,0.39552079720708105,0.4,False,1,261,23,23,,,,,True
M2,sar,primary_loco,GHA,142,computable,0.3701516905994635,0.4,False,1,261,23,23,,,,,True
M2,sar,primary_loco,GIN,142,computable,0.3919462980792186,0.4,False,1,261,23,23,,,,,True
M2,sar,primary_loco,GNB,145,computable,0.3966791297242343,0.4,False,1,261,23,23,,,,,True
M2,sar,primary_loco,KEN,142,computable,0.41628695993410975,0.4,False,1,261,23,23,,,,,True
M2,sar,primary_loco,LSO,146,computable,0.38607566717889175,0.4,False,1,261,23,23,,,,,True
M2,sar,primary_loco,LBR,143,computable,0.3900418328552294,0.4,False,1,261,23,23,,,,,True
M2,sar,primary_loco,LBY,142,computable,0.37175166628539424,0.4,False,1,261,23,23,,,,,True
M2,sar,primary_loco,MDG,149,computable,0.3900727042452575,0.4,False,1,261,23,23,,,,,True
M2,sar,primary_loco,MWI,145,computable,0.3926206577107305,0.4,False,1,261,23,23,,,,,True
M2,sar,primary_loco,MLI,135,computable,0.3967385310079856,0.4,False,1,261,23,23,,,,,True
M2,sar,primary_loco,MRT,142,computable,0.39693128604090067,0.4,False,1,261,23,23,,,,,True
M2,sar,primary_loco,MAR,145,computable,0.39892282328747625,0.4,False,1,261,23,23,,,,,True
M2,sar,primary_loco,MOZ,140,computable,0.39779941004318464,0.4,False,1,261,23,23,,,,,True
M2,sar,primary_loco,NAM,145,computable,0.39148458811685105,0.4,False,1,261,23,23,,,,,True
M2,sar,primary_loco,NER,140,computable,0.37346625236309544,0.4,False,1,261,23,23,,,,,True
M2,sar,primary_loco,NGA,139,computable,0.3569310512008594,0.4,False,1,261,23,23,,,,,True
M2,sar,primary_loco,RWA,145,computable,0.41382934959993617,0.4,False,1,261,23,23,,,,,True
M2,sar,primary_loco,SEN,143,computable,0.39411593445421667,0.4,False,1,261,23,23,,,,,True
M2,sar,primary_loco,SLE,144,computable,0.3944429352859782,0.4,False,1,261,23,23,,,,,True
M2,sar,primary_loco,SOM,143,computable,0.4269537369442091,0.4,False,1,261,23,23,,,,,True
M2,sar,primary_loco,ZAF,144,computable,0.3866450375130254,0.4,False,1,261,23,23,,,,,True
M2,sar,primary_loco,SDN,140,computable,0.4308237287943638,0.4,False,1,261,23,23,,,,,True
M2,sar,primary_loco,SWZ,145,computable,0.38505253187371796,0.4,False,1,261,23,23,,,,,True
M2,sar,primary_loco,TZA,141,computable,0.4043068876791319,0.4,False,1,261,23,23,,,,,True
M2,sar,primary_loco,TGO,143,computable,0.3814697739014842,0.4,False,1,261,23,23,,,,,True
M2,sar,primary_loco,TUN,145,computable,0.3911579406023028,0.4,False,1,261,23,23,,,,,True
M2,sar,primary_loco,UGA,143,computable,0.42330794397152877,0.4,False,1,261,23,23,,,,,True
M2,sar,primary_loco,ZMB,141,computable,0.38827046571730234,0.4,False,1,261,23,23,,,,,True
M2,sar,primary_loco,ZWE,141,computable,0.38405688742563177,0.4,False,1,261,23,23,,,,,True
M2,sar,primary_loco,AFG,142,computable,0.4111577404615357,0.4,False,1,261,23,23,,,,,True
M2,sar,primary_loco,ARM,143,computable,0.40192024930199677,0.4,False,1,261,23,23,,,,,True
M2,sar,primary_loco,AZE,140,computable,0.3924850380544999,0.4,False,1,261,23,23,,,,,True
M2,sar,primary_loco,BGD,146,computable,0.3909499198949468,0.4,False,1,261,23,23,,,,,True
M2,sar,primary_loco,MMR,141,computable,0.39560722605085114,0.4,False,1,261,23,23,,,,,True
M2,sar,primary_loco,KHM,144,computable,0.3830803689618427,0.4,False,1,261,23,23,,,,,True
M2,sar,primary_loco,CHN,131,computable,0.39717869847694487,0.4,False,1,261,23,23,,,,,True
M2,sar,primary_loco,GEO,140,computable,0.39096242210709886,0.4,False,1,261,23,23,,,,,True
M2,sar,primary_loco,IND,140,computable,0.4036205894228481,0.4,False,1,261,23,23,,,,,True
M2,sar,primary_loco,IDN,142,computable,0.3955910134785489,0.4,False,1,261,23,23,,,,,True
M2,sar,primary_loco,IRN,134,computable,0.37240773347594214,0.4,False,1,261,23,23,,,,,True
M2,sar,primary_loco,IRQ,136,computable,0.3839169986635485,0.4,False,1,261,23,23,,,,,True
M2,sar,primary_loco,ISR,142,computable,0.38768816159004676,0.4,False,1,261,23,23,,,,,True
M2,sar,primary_loco,JPN,145,computable,0.39433749813241187,0.4,False,1,261,23,23,,,,,True
M2,sar,primary_loco,JOR,142,computable,0.38768816159004676,0.4,False,1,261,23,23,,,,,True
M2,sar,primary_loco,KAZ,139,computable,0.3988299164604768,0.4,False,1,261,23,23,,,,,True
M2,sar,primary_loco,LAO,145,computable,0.3858055940402088,0.4,False,1,261,23,23,,,,,True
M2,sar,primary_loco,LBN,142,computable,0.38768816159004676,0.4,False,1,261,23,23,,,,,True
M2,sar,primary_loco,MYS,144,computable,0.3967669230995238,0.4,False,1,261,23,23,,,,,True
M2,sar,primary_loco,MNG,147,computable,0.3903735168812506,0.4,False,1,261,23,23,,,,,True
M2,sar,primary_loco,NPL,147,computable,0.39776885628026887,0.4,False,1,261,23,23,,,,,True
M2,sar,primary_loco,OMN,144,computable,0.3864901337082356,0.4,False,1,261,23,23,,,,,True
M2,sar,primary_loco,PAK,141,computable,0.41499460979010094,0.4,False,1,261,23,23,,,,,True
M2,sar,primary_loco,PHL,145,computable,0.39835488622819437,0.4,False,1,261,23,23,,,,,True
M2,sar,primary_loco,QAT,145,computable,0.38578722972906954,0.4,False,1,261,23,23,,,,,True
M2,sar,primary_loco,SAU,132,computable,0.39343940845725767,0.4,False,1,261,23,23,,,,,True
M2,sar,primary_loco,KOR,147,computable,0.3923316384779198,0.4,False,1,261,23,23,,,,,True
M2,sar,primary_loco,LKA,149,computable,0.3954547942447146,0.4,False,1,261,23,23,,,,,True
M2,sar,primary_loco,SYR,138,computable,0.4020903575109483,0.4,False,1,261,23,23,,,,,True
M2,sar,primary_loco,TWN,147,computable,0.3991740248116365,0.4,False,1,261,23,23,,,,,True
M2,sar,primary_loco,TJK,143,computable,0.40528422946535503,0.4,False,1,261,23,23,,,,,True
M2,sar,primary_loco,THA,142,computable,0.39206421100808386,0.4,False,1,261,23,23,,,,,True
M2,sar,primary_loco,TUR,129,computable,0.39279390346531695,0.4,False,1,261,23,23,,,,,True
M2,sar,primary_loco,TKM,141,computable,0.39258903316021565,0.4,False,1,261,23,23,,,,,True
M2,sar,primary_loco,ARE,144,computable,0.3864901337082356,0.4,False,1,261,23,23,,,,,True
M2,sar,primary_loco,UZB,142,computable,0.3990398043591708,0.4,False,1,261,23,23,,,,,True
M2,sar,primary_loco,VNM,143,computable,0.39077475432557707,0.4,False,1,261,23,23,,,,,True
M2,sar,primary_loco,YEM,142,computable,0.39850097021641173,0.4,False,1,261,23,23,,,,,True
M2,sar,primary_loco,ALB,138,computable,0.38107118165861714,0.4,False,1,261,23,23,,,,,True
M2,sar,primary_loco,AUT,133,computable,0.39257655844186085,0.4,False,1,261,23,23,,,,,True
M2,sar,primary_loco,BLR,137,computable,0.3936253602333824,0.4,False,1,261,23,23,,,,,True
M2,sar,primary_loco,BEL,141,computable,0.4014499535318233,0.4,False,1,261,23,23,,,,,True
M2,sar,primary_loco,BIH,132,computable,0.37675236942100376,0.4,False,1,261,23,23,,,,,True
M2,sar,primary_loco,BGR,136,computable,0.3833638319149071,0.4,False,1,261,23,23,,,,,True
M2,sar,primary_loco,HRV,131,computable,0.3753910020535255,0.4,False,1,261,23,23,,,,,True
M2,sar,primary_loco,CYP,141,computable,0.3879002201400921,0.4,False,1,261,23,23,,,,,True
M2,sar,primary_loco,CZE,130,computable,0.38530357163408996,0.4,False,1,261,23,23,,,,,True
M2,sar,primary_loco,DNK,138,computable,0.39973189135223175,0.4,False,1,261,23,23,,,,,True
M2,sar,primary_loco,EST,142,computable,0.3912250681008246,0.4,False,1,261,23,23,,,,,True
M2,sar,primary_loco,FIN,143,computable,0.3918388702183331,0.4,False,1,261,23,23,,,,,True
M2,sar,primary_loco,FRA,135,computable,0.3957217295035755,0.4,False,1,261,23,23,,,,,True
M2,sar,primary_loco,DEU,129,computable,0.3965304144140472,0.4,False,1,261,23,23,,,,,True
M2,sar,primary_loco,GRC,135,computable,0.37343409327134347,0.4,False,1,261,23,23,,,,,True
M2,sar,primary_loco,HUN,131,computable,0.38919684041289476,0.4,False,1,261,23,23,,,,,True
M2,sar,primary_loco,ISL,150,computable,0.3986638655524697,0.4,False,1,261,22,22,,,,,True
M2,sar,primary_loco,IRL,148,computable,0.3987883829942108,0.4,False,1,261,23,23,,,,,True
M2,sar,primary_loco,ITA,127,computable,0.38225639996037636,0.4,False,1,261,23,23,,,,,True
M2,sar,primary_loco,LVA,140,computable,0.39461117854826205,0.4,False,1,261,23,23,,,,,True
M2,sar,primary_loco,LTU,140,computable,0.39461117854826205,0.4,False,1,261,23,23,,,,,True
M2,sar,primary_loco,MKD,139,computable,0.3822128869734618,0.4,False,1,261,23,23,,,,,True
M2,sar,primary_loco,MDA,139,computable,0.3927225103449208,0.4,False,1,261,23,23,,,,,True
M2,sar,primary_loco,MNE,137,computable,0.3753204666614856,0.4,False,1,261,23,23,,,,,True
M2,sar,primary_loco,NLD,138,computable,0.40417377160027773,0.4,False,1,261,23,23,,,,,True
M2,sar,primary_loco,NOR,143,computable,0.39465511023298944,0.4,False,1,261,23,23,,,,,True
M2,sar,primary_loco,POL,129,computable,0.39307453288448074,0.4,False,1,261,23,23,,,,,True
M2,sar,primary_loco,PRT,147,computable,0.3981458695004125,0.4,False,1,261,23,23,,,,,True
M2,sar,primary_loco,ROU,132,computable,0.38662367319162,0.4,False,1,261,23,23,,,,,True
M2,sar,primary_loco,RUS,124,computable,0.3881049076988093,0.4,False,1,261,23,23,,,,,True
M2,sar,primary_loco,SRB,131,computable,0.3740714376888868,0.4,False,1,261,23,23,,,,,True
M2,sar,primary_loco,SVK,133,computable,0.39273419704974777,0.4,False,1,261,23,23,,,,,True
M2,sar,primary_loco,SVN,134,computable,0.3947034956294372,0.4,False,1,261,23,23,,,,,True
M2,sar,primary_loco,ESP,142,computable,0.39889605644513243,0.4,False,1,261,23,23,,,,,True
M2,sar,primary_loco,SWE,138,computable,0.39396535360803697,0.4,False,1,261,23,23,,,,,True
M2,sar,primary_loco,CHE,137,computable,0.39637090713040507,0.4,False,1,261,23,23,,,,,True
M2,sar,primary_loco,UKR,130,computable,0.39438182041690495,0.4,False,1,261,23,23,,,,,True
M2,sar,primary_loco,GBR,143,computable,0.4032851548323468,0.4,False,1,261,23,23,,,,,True
M2,sar,primary_loco,BHS,145,computable,0.3560757093374905,0.4,False,1,261,23,23,,,,,True
M2,sar,primary_loco,CAN,149,computable,0.39767831454872893,0.4,False,1,261,23,23,,,,,True
M2,sar,primary_loco,CRI,145,computable,0.3698939221208193,0.4,False,1,261,23,23,,,,,True
M2,sar,primary_loco,CUB,142,computable,0.35699595178678695,0.4,False,1,261,23,23,,,,,True
M2,sar,primary_loco,DOM,146,computable,0.35316706294874384,0.4,False,1,261,23,23,,,,,True
M2,sar,primary_loco,SLV,145,computable,0.38016246739393345,0.4,False,1,261,23,23,,,,,True
M2,sar,primary_loco,GTM,146,computable,0.3828653802773771,0.4,False,1,261,23,23,,,,,True
M2,sar,primary_loco,HTI,145,computable,0.35562066347557436,0.4,False,1,261,23,23,,,,,True
M2,sar,primary_loco,HND,142,computable,0.3579856397793931,0.4,False,1,261,23,23,,,,,True
M2,sar,primary_loco,JAM,144,computable,0.35531021078981867,0.4,False,1,261,23,23,,,,,True
M2,sar,primary_loco,MEX,144,computable,0.3807099399331285,0.4,False,1,261,23,23,,,,,True
M2,sar,primary_loco,NIC,143,computable,0.37470727265660037,0.4,False,1,261,23,23,,,,,True
M2,sar,primary_loco,PAN,146,computable,0.38279204309599096,0.4,False,1,261,23,23,,,,,True
M2,sar,primary_loco,USA,145,computable,0.3870641205986692,0.4,False,1,261,23,23,,,,,True
M2,sar,primary_loco,AUS,148,computable,0.3962148902271696,0.4,False,1,261,23,23,,,,,True
M2,sar,primary_loco,NZL,150,computable,0.39868097520582774,0.4,False,1,261,23,23,,,,,True
M2,sar,primary_loco,PNG,148,computable,0.3962148902271696,0.4,False,1,261,23,23,,,,,True
M2,sar,primary_loco,ARG,145,computable,0.38804030088494107,0.4,False,1,261,23,23,,,,,True
M2,sar,primary_loco,BOL,145,computable,0.3904305949379621,0.4,False,1,261,23,23,,,,,True
M2,sar,primary_loco,BRA,141,computable,0.3926066697826005,0.4,False,1,261,23,23,,,,,True
M2,sar,primary_loco,CHL,146,computable,0.3916443908516693,0.4,False,1,261,23,23,,,,,True
M2,sar,primary_loco,COL,139,computable,0.359506891345,0.4,False,1,261,23,23,,,,,True
M2,sar,primary_loco,ECU,147,computable,0.38697575115893335,0.4,False,1,261,23,23,,,,,True
M2,sar,primary_loco,PRY,145,computable,0.38804030088494107,0.4,False,1,261,23,23,,,,,True
M2,sar,primary_loco,PER,145,computable,0.3817679290993116,0.4,False,1,261,23,23,,,,,True
M2,sar,primary_loco,SUR,148,computable,0.3965346846420455,0.4,False,1,261,23,23,,,,,True
M2,sar,primary_loco,URY,147,computable,0.396317228137801,0.4,False,1,261,23,23,,,,,True
M2,sar,primary_loco,VEN,146,computable,0.39309940299324003,0.4,False,1,261,23,23,,,,,True
M2,sar,m49_subregion_lo,0,149,computable,0.3986597625244652,0.4,False,1,261,23,23,,,,,True
M2,sar,m49_subregion_lo,1,146,computable,0.35316706294874384,0.4,False,1,261,23,23,,,,,True
M2,sar,m49_subregion_lo,2,144,computable,0.3844265384807903,0.4,False,1,261,23,23,,,,,True
M2,sar,m49_subregion_lo,3,147,computable,0.4085307662681302,0.4,False,1,261,23,23,,,,,True
M2,sar,m49_subregion_lo,4,137,computable,0.3934688237430084,0.4,False,1,261,23,23,,,,,True
M2,sar,m49_subregion_lo,5,146,computable,0.3984448012549198,0.4,False,1,261,23,23,,,,,True
M2,sar,m49_subregion_lo,6,141,computable,0.39128734683148125,0.4,False,1,261,23,23,,,,,True
M2,sar,m49_subregion_lo,7,150,computable,0.39863544101306686,0.4,False,1,261,23,23,,,,,True
M2,sar,m49_subregion_lo,8,143,computable,0.398226390466966,0.4,False,1,261,23,23,,,,,True
M2,sar,m49_subregion_lo,9,145,computable,0.3849791801355538,0.4,False,1,261,23,23,,,,,True
M2,sar,m49_subregion_lo,10,149,computable,0.39767831454872893,0.4,False,1,261,23,23,,,,,True
M2,sar,m49_subregion_lo,11,141,computable,0.40372016564215096,0.4,False,1,261,22,22,,,,,True
M2,sar,m49_subregion_lo,12,140,computable,0.3926111392950862,0.4,False,1,261,22,22,,,,,True
M2,sar,m49_subregion_lo,13,143,computable,0.3968719482563249,0.4,False,1,261,23,23,,,,,True
M2,sar,m49_subregion_lo,14,146,computable,0.38546056147558194,0.4,False,1,261,23,23,,,,,True
M2,sar,m49_subregion_lo,15,144,computable,0.40537844064716244,0.4,False,1,261,23,23,,,,,True
M2,sar,m49_subregion_lo,16,140,computable,0.3856949161748521,0.4,False,1,261,23,23,,,,,True
M2,sar,m49_subregion_lo,17,137,computable,0.39773548201465164,0.4,False,1,261,23,23,,,,,True
M2,sar,m49_subregion_lo,18,136,computable,0.39848640126696866,0.4,False,1,261,23,23,,,,,True
M2,sar,m49_subregion_lo,19,145,computable,0.3960405218535362,0.4,False,1,261,23,23,,,,,True
M2,sar,random10,0,135,computable,0.3994651524803877,0.4,False,1,261,23,23,,,,,True
M2,sar,random10,1,136,computable,0.3822341509176443,0.4,False,1,261,23,23,,,,,True
M2,sar,random10,2,136,computable,0.3580989040546596,0.4,False,1,261,23,23,,,,,True
M2,sar,random10,3,136,computable,0.3830253816261632,0.4,False,1,261,23,23,,,,,True
M2,sar,random10,4,136,computable,0.39325184968863336,0.4,False,1,261,23,23,,,,,True
M2,sar,random10,5,136,computable,0.42420396288562057,0.4,False,1,261,23,23,,,,,True
M2,sar,random10,6,136,computable,0.4058312396466358,0.4,False,1,261,22,22,,,,,True
M2,sar,random10,7,136,computable,0.40056409210698646,0.4,False,1,261,23,23,,,,,True
M2,sar,random10,8,136,computable,0.3985768867664255,0.4,False,1,261,23,23,,,,,True
M2,sar,random10,9,136,computable,0.358947539767014,0.4,False,1,261,23,23,,,,,True
